hashed_ip,total_convs
c857c8d3b2c95cd61b401ed2b81ea28a9ee41db5b34b08c3231f84cf27117e9e,154
014ede1867855b1ed6e6f7d50503a298dd5c3ad3c6f2ed603d404c5947a1af9b,132
d5d0c022a440c9727b2034c8caa92f8752709c1d5c4115c5dee5b7eb95d840e2,125
5f93a7fa8042f898685d82fc2606d0b062b1bbbf41c8b9b261634841b6171c8d,94
48a0b1ffc68ac5b1704cc974fee80060b52aeb258998f346bed30e18bcd72c57,89
009391b5b770610e104e1742e171cd9c57f5ec5d7078edc951e9614b2fb247df,79
277a84acf1246ec13163278db43a3a12435eb7abdb181a4356bd00f73b639fc2,70
0f7606d3c2ec4c5d44f6ef8b7c754686bad073973a1360874e9c02ab3bc0388e,69
633388db39a402837effea8401c9bc859ccd4db05042ce9917ae9ce8ee747df1,64
a81036f8bec33f1325c29d7badb1ce62651c9b131bf8d7750628365643f77562,59
965a6f20893f2bf47e9db08d9ba57e845af57cd16eb9d5125ae5840dbdf2bb85,58
ccab3308687b343191c9034087b6d12038e8bbace54069bc2017c761af24cc8b,57
020e7ccdb43aa5fda80fa1a147fa2e83000989a302b05471ecce81f251eb913b,57
2b13c83282e152dfee0ae1fa616f1b47f263293a5150094c1f1d4d97604c12ac,56
a359b3663b7da5ecb4a48797536165029221e8db4dbc46300d20b1b02a36794e,56
0364db7148c4b6602669bb8ea5fb088a55e3ec45c17ed0db42e688c5a22fcb24,54
dadc4bfe9a7133bf0a3068a6c6285064df6d5111a12dfb96bfd701c357771687,45
a8052c3ecc40a8c0360eeb2c0c3ba30b0ef3e37cfd6db09ffaef0b76b9fdb9f3,45
a66924cfb627179276c223d9628671604f38ef45dd28b37fc4ff3d27d7914092,44
d5e5d063e5c21cf30cc77b3896918a6ff593b1508dda7494b08438e291ec15cb,44
59cc4f76716725cb58f0170c1c2f10127c2b231833743b05e3cf178020ae0409,42
0180d13eb363f0e2c477e51d69e0396e2b6cecc9c49ce6df1e45dfb59f2ddaa4,39
d4e71a9881d8131dc9b6b02333b31daa6cb20fe8dfe775a6235dc3830c0048a7,35
54a4dafe30172efbdd98565bc1f9880e71a873f2e1a43a2099f5ac54de1dfc56,34
78e8993e7853a0a1ed22db41d060cdcdc7315c278ff399f9d8fc3a9f9c076d1b,34
4830987a780979cc2fbb02cb716c444c6d94dc2a9ffbc847fff9b7a543472589,33
e6972202e8ab912b5138d98e7ebef5fcf26d7d2e87f6357f7d64f3d099069535,33
35f0c7b25ac7737d5f5428fbcd460bfac71be4b9e7f618f4c3d4ee1fb22c93b2,32
74847d9b0d424d2623bba27a3d3e160c29f37bb3059096a1147a3f70fe200bd8,30
94c459c4dde8452fc5e57bea875c0cbd902953ad03989b3d9942a3ef27ea9dfd,29
c714cce1ac1baad8711be8f30e30daef470aa8bad7f60085cb1f90265a56efa4,28
890c6ddc4c46b5111f87b9398cf319cff9e31ceb15b76f086b615354eac89eba,28
d877ceab4593037b2d48a574a6e77dad396c2f7239764066ada0277ddf4288b6,28
826da651c808519c8481809d67767ae004f8b27943ef4d1ddc4bcf09a2cd979f,27
3f67bbff4aec070a8403dbc6c0506573109eea7c57bdfe2d6a64129e07be7b5f,26
d0456a09d364c37018d20901bd8a7f9ddb316fd69ce885d7548da44869f12218,26
ce3911c404a8c8b8f8c331223771d35b8e6e0bf951eb15258c3478e0f2d3ee84,26
ef82f75c0102298dc3ba64b312256198a868c3042b7a6b84de27f2e32fd41b99,24
53a62c7633f44c892c23471e94c64c6ae6f984727e6780a2a43b1b05a8f424cc,23
e16670b6c3205173d4b2ad4faef83a98ca7b1acdaba203c5b463b59297207ad0,23
8a8c8f3cb377203a8c1beec5eb483f4b571f94fdc087f0d8678ded11aa34e6c5,22
21c29c54f43fffcc0f91fca14fd4321ba77ccb0839acba0f09851691204101c8,22
1aadd233c6e944e65e4c70d3db3281f50eb6e2eac4eee789a47338355f0ea0ce,22
115b6ed57ee631ee29ccd53d1f069ea1ffef1d294e89c4fc150133a46b69dce8,22
8999853b0d9c624ff9de957864f52d8ea912faf4101fd2107306627733f84274,22
b2e0d5007c8b466bf8ef9e0135ce788536a91d93f7def722239f7a69905b55e3,21
0d2c5c63b7c0b0f0f61f019722b00505649d36b4441001750d7c189b49b6b0ce,21
11373dcb70344dfd95f27f5afe3ea9a24f9658531d6e65ecc994169ccd4bf88d,21
47f11557ad5c13f0e4a614123af57d2fe97a22cc62a076107c622c922a64c731,20
4ccc97e612cf981426470ad6af26ca138a4b7680f564963bdcd44fd390f1f001,20
babac3f4d1703438d63d4f66c92fefde1a91bcb716ad5036831244fbeebefac3,20
f79ee9647e8b51e22526faf1e65a99ac82613609848c4f1c76f0cacba61e1103,20
39b6401707d3e25ec7934c44fc52ceb4dee8be6d025d960bc520c62178860609,20
00a65413d886ad395f79b5d5ca4b96be87bd824ab2d72cb61aa619a40ec72bd8,20
3216db2be202688c4b8f5c3d1ea62e0f140381accdefca5a2ee6b5a6a3a2d87c,19
23ce8c5af378a4c7e08b9588c5d18073cb9d74f569524e45a28cbcd6a6931165,19
aaf2eaecf4d427f031600261479289931263b946d5f2843f6cdd97ed1aedb9f4,19
1c83e5f8b5d5a5590355dc51ca25daf0f244afdacfc043b12516e71ad285a5b2,18
8bf0c535828398561144dadbe28201281ec5338f103c6631868c4456e9ae069d,17
d3fd7eed232e2ca15d7f8aacec7810db204c0e3b2d286bd941c79262fcb4cd0c,17
7a17f97fb960881b26c2656fae12dc2dfef0c36e04c401b968178e6279cba974,17
ec55c3b10bf4cead0c78d4cf746cb17088d69afc2e90cc8585febf902a532f62,17
81eadfe2b7fdb5179f5435b35bae2f465d9ffa2d77b48d9fa12b5806bd9c9873,17
65c65d6dbf104abc529048c6e175153419f487aedc5e4dc15a45d229d9033bf5,17
7e01afd3bd65905447234a2283cd61828e2ba808a9781e662895da74d7dd45a2,16
c2852fa763c772d4058a8f87d7af3c8b0fca96bf55dee05e3e5d6c29a3abface,16
cb226c812e12c90dec2fc18fdae319d8cf74798ca1d2b277ca989663c2bb9ced,16
67197f1c60fae055def3dd3c067d77fc1133519d27923e74277c2f09a5c76af8,16
b9bd59bbd3d68138ab71b34118a2e8874a2787e668d174bdc6fa22cd171c7c76,16
10a053d06c6ea4bab51e5ce9fc7c4ba7996f4fd01f6bbada0e60a5c059c6b879,15
c8aca1c64dc87bbbee9df722ecf05796e30e4c327b4a112e9c0c2ef12e8824fb,15
eba766e608a3f8ff379d37e431ce965657d16d33752d2a2b53d4713027efac9d,15
7086f67338335cdbc2b78f848b9491adcb79586c8ead255c6d680e8fdf27877c,15
88c2bed4137d1e752bcb42aeef46c46067137f64e95242ba532ff376fc0ea698,15
9c8b3188a7d593bb90f7f6f724ed2d3cfdb1d29aba4e7cc050e043e8257b1b50,15
bd108fb092fcd6399d9ffbcc8c0479821da75899fa1a430bd2884cb07f82ca1a,15
a58b65cc73f8816e98f2a80ff02001dc72f7b2f125cb2ac087d71bfd15791c7f,15
71bafda1385365d8291964fdb7c4e1ab6ee4b2465bb6f58a17e7e53fec23d63b,15
9025f805dba6e3f7836acaa2ec2b1ce014a9c98d6d815e0b01d3d75a4cddbc43,14
3f2254798fda62c8f18479a4d19cdea1da4907a1efe9daa342164a8d1f45accc,14
79bf487851b3e4814b04a762efc78b1ededff158802f7cab39c3d24e014e1da3,14
d85026d4cfffe7bbc334987b6724267e0167865be359e11db865d4a734231b20,14
55c762db3f383f93e180b877be68f4fc6e709ca3838cc514717b16cbdd6a4313,14
9662671ae6bc2ef895998fcd7140a51752ada218120af8beb8f0d31c9e1f6eda,14
65c5dcce9858e86c930df249658767857dbbb7fc60cd728db00f79779b2c8058,14
87b7f49012f670c2ffae858a06e27a56fdcbd1b21fc92e6e0f15b37a8d5292fa,14
144cb213527bf7b7583a53171fa71ce755aeb1e4699f4aede1086d20cea41597,14
d42f0ca355bc91aa91e626bfa04c3a1b35c997639a1f3a180354408eaeca150d,13
77edcc0da1f7a58d9d6a4b5c534420698210501a04e5c479233fa30c76c7ddd0,13
5e253ab1bfa8e8de0329830662e1d03c3aa643312ffc0de1ad877956009e27d9,13
c11e8814be38255634ffe898b76813ae57feb7914b0b4a8284d94103cc83c54a,13
62ea1bbf1cb7409ddd252108f70c63a41a437a13d295484010d0364d83e201ee,13
33ec383f3cfd31de963acae0b80da950954f70aa00605b87ae0ee69e1d8e7414,13
552d9e4a7dbcca79ef7121f7dc6431d84e879f5781571f15afdfdefdf2eab30d,13
fcf77dc453bbbb46342519d77555b6eccb7705f96a1d47d7526abf499f21f2bb,13
8cea7fc09f287f83ee67295c1556258a5d6a044e9f4085aa51ab7bd96401be88,13
f2334ee57ba93473cfb455694ba7fd82c8740d43e4b2b90d1a0d5ba856898c5f,13
0c281ccffa19f3b84fb79fb770502ffd9da67b5677dd82f26fbf2b3543ee6f70,12
3cc6480baf8929483f3d1697ac19728c90a1838e89eeedeb9999d65a9ef18c87,12
54d82e8cff98d3d8fae7eb5f017ab3f40fbe0f30e15bbeda0899b0b7a6190772,12
9cd9e1b8eee3ee611f391957e55a3c2d17103301edf80d254a797aca92be5d12,12
c208da62c7094b664128c3d6bde827aefd510717f99d40194c36b260167dde3f,12
43fa11482b811ef7519eeddb260c9c41a617e9ca4c5ac5da4b27f54a41118c15,12
e278bcecd96f01e6d7c140fb9aed5de2fd4bbec683716522f3d0f3bebe8e24a1,12
83237102bae446773d18c8770153efd4ceade6fd14c89302c536dc4b88996111,12
1dac09fd0a46c53eff7b1e2fc06d1338239ec931b3b0fb497bab6c28f8e6c9d7,12
6c9147650835b92af26f7c7b4aaa52e94516c32879ce59658fe2778e42494f46,12
e2b7d643d811a0c8a59ddbfcabccfa10e3569bb64808d85e310067a6e28e7ec8,12
206df0ee801777ab2ba7f1b05aafb6c0cffd97d1a53940e8261b3fa73ffdc542,12
846e43fb5fbb4b8cfbafa17083387aad62e58f5fb23482df28940d9f490f906c,11
c21382ababb32e06de2cdaa65bf1a2ac8b06e7e05831bde9bdfaff65a156867e,11
0a03284bd8c6c8f6bb47e9b8f8d194511c76a9165f222e28428fb88aca36e456,11
141866f8f5252714c1ef304c3c54fa6160de75575a2920eec73d4a51323c0c45,11
6cbfef23721dd0278d420bd4bccf5d8c293b8c9539aa53fa5f1ada4761b1ad1f,11
2e6db1eefcfd01c2e22bf964ec5cd899a0266c67919e41340cf19933f0ff6ba2,11
58401f66985c5096db368cd20e58dd1a8128070304af39972816ed22d43a05af,11
4a0d337ef78a8e949797708141390a5189a9262e789fb85f7abfbd20810c4499,11
9d56ac824872dbe3d904c3392e3da01075ca47d6b5f95cff1cd07385333ff4bd,11
c2314d5a712fdea80f1f62151fae38ccdb366b725362d8ce3c30fffdd4645586,11
e3e531610e7ece51a57c94d056219ef5c78979c68a8f23982b61a01703d83fad,11
677c36474f1d6f71ec1a948897fc3e6ed37817bb0f5a2bfb6c5bec98bdd7c1dd,11
7594c22d19d76f3f562dd04dab7c367d288899c3e9adea7b842bc24278ab48f3,11
c8ef6d0de3d07e5f4b3c2684c1ddf5c6657b60c6ef5d2af81ce931eec804a93c,11
dc9175611ea88975c3bc9394037e192d0b6c0f6ceb0a0d935670f7dc27736c24,11
23bce39c38e35a75ed4bd5486dec40420ef7dd1799b7d1dc1cf5727daeb217d7,11
4593af0345ce73be2b739d88a90bcf03499653b8934073379f4f071495dfc7d8,11
1f4d76dc69084b9dc6fdf7a3734f44858e02a928790ac90a331b047f7e065030,11
aa2d439e974a82fdfb8fbcc80cccdbcc58940627e85fb730b9688a770bb4e1b3,11
0b60429ed408e9efe0ac010bd11782a830443c1e25472000458d80dfea737c5f,11
96489e64f827f7ff700697e67034c61bb2cf8b841a2a4a51620e2a6612468879,11
59d6dadddf6c0fd7f4e322dd8f9cf076635dd36afdec38807984e7da0baab291,11
2626d44e6382d491c46859fed28c009267ae599aa435a86b394c07ed58d7029b,11
8b32ef9e7975772a02e6de1a62c204ad58f2745530a35d928b9142260b23344e,11
0bec548aeaa44dc6aba6c926f3533cdf05d65878bc911ff6812efc2f565ac7f0,10
ab1c4bcbb40067f781309a8a9470f0692e44c52f6da44bae149f6940a14e4816,10
80ea81e9f8bc823eb408392f98b37fdb977bb4d06f781a5b9d124c4e1edb3d96,10
d5599ccf1e588aac0ed8f7a09742c8f33b44964de4ae215c4065d73913b7bd18,10
cf0f77cbbb30bf6218f51d7070df705dc949d3239c75eb140c9f2afa5bbf5eb3,10
ee2121ccc3e40ef1e5e3b7f179279a9ecf3c2d87090280416045917fd166e62f,10
93a2b45bf889297a9cbbfe3bece52f9c57e3227429392a5058227dae954b159a,10
5fee6c91c8fa037cb740f43cfe6d187e0c8fd5f26d65c8301af3741a6a7080c8,10
2d6cc1e2bfda8439f7f31815dfe483685278b3cfcf5cd36d6d3fed3ff3f33327,10
e63b96d08fd8283464467c0cc8d50a3bed2b7b5b4a1e51f65470ccddf2e1ea47,10
7fe06b3353e6abacdcf0d17afafb84de196db8591aafbdb1852fa2a1336e2b7f,10
9a7dab016a8167178c5782da11d71dcbf7583eca68d6f76065ddb592a9bb102d,10
43048de9fb0730db3c1e3ec39b668cac7d601a35921c0214415a1943f8e4e082,10
fdad9b67a0b14e83f712923ced9d99d79d73c3b3d9f8732e1d940f8490018c5e,10
37aa9ecc5af5d919be2ca92740ec4b44a476bf712a700ce3524bce6f76d6ff01,10
97ab2d80e2344ba96bab92981dad06ae9d5e8f798dcf318fea72aeb245e547dc,10
b9263ba9841383aa6c3a7cbf190ef271104bc1a1d4f7d4785cd45c337f6f984a,10
78e08e4e1431b0355a255932ddd506a065a74b32254b132b91ce6fcb1c26f590,10
69a9bb7c41143b9c5425e6139f3a19b75610a9c5a443bbf41fab84acb7f197ff,9
55f4bdf4b2c3efc9256b2ace001b9382829a283a7f74ac5726ece376f08feb43,9
0851e803ccf89bfac19fbd97c8c0dd49a01decd364b46cd859cbfd36fa7fd20e,9
bdaa4fbe55a81e276eeab2eafdd4056b5711c04505ee488a9ab3e5d6560445b7,9
b45a5584b3855b35df8889a9c280eb7ac64847d16df0fc10c58bd64db17dcee7,9
2e6db803da03f5ccf0b303de6d1c5b4d900ccd644ae960655016353372aa889b,9
a60602c12c450dd75ca69cc1e374b07401b4858d3b656ffdf63adc6d60fba07b,9
1e4bf1e04d8edce5a8d9555b7080ea03ff5bc101c05295897776f95ed2643279,9
cce50d3a57cb9c627c520160bd039f7ec2c20c43647e7aced9b727ce31c553e0,9
cecc55ca1b6ff9d891780864d9c49c6736a2d8dc5f79119b0192574502790bf8,9
7e8db47e7f7cb9f33c31e333b121bc9e0c64e92236a0a759ffc076cb58934f3e,9
56fa63a976a6a505ed16612ba628668bf41afc5435fde00ae8d90c6b20290c53,9
b317288e90f942abd4b2936e046217e029344d9feb587cdd5ae51a94290d3543,9
962f3896a960ccab3fca8ea5567d417f81ab3015e0ad94953627c21f4370bfc4,9
8e2b10264313169abe53415719c3af641957b1654c0a11c3151a4f2140ad0eca,9
dba02bab8a195a63ac79141523d07b63ad903c70ef51b977a63bc7927dce1d9b,9
159fca9802fe5c051c38d36676020bca99d712227d5228a9566fd754c5b1abb4,9
8fbaed471a894a29a3d3779e1e0de9d40f7ccb50b2582e5dad7c72dfacd7fd1d,9
574883b45410d563aa0d8342b6a7ed2ad338add26d98de4b6dcb787fff2f0260,9
4b45e5398710abf3a740071bae016c8f90103640edc972f69bdfde174af646e0,9
18803f445af71f81a7ce3ede8d3cb05f5228ff1ac213fa9e60b05bc587c279b6,9
fc39b471af6ed81b4531bbceafbe62ee18fe6bd08a7c57aece3ddf518de60d62,9
04810694a80058cb40775b946b9bb39f0b373669a9968827d7273866f791100b,9
bd1599477485ce445cb193f0b47d7c408a9f9fd25bd56092642940822a9a9acd,9
a24fae0aefe5639efb6ae83e1d70c8b81ee3174ba1f5627655549d92436a5549,8
562f32bc2b86942563a5e2b9bbea19d0a63dbed96ae51fd61ca638199634d8ff,8
502e2f86685e150a1e4bc8b63751d0481cb22fe2b86275e4e2cf1a7ce5481a2e,8
8659e36da40c5975fb78119a1b01b670e5be3aa2a5ae2873bae0011a03cdb80f,8
1e60495a6ebcd276ba63ebbd2ea5d4d0f635d082cdb284164ae2239ba3fd0268,8
ce41caf5a77d87b15b1acf1d0b8c765de00b8636e565cffa2023afd1373e237e,8
f35e146ecbfffd6019205f402b1e841fd0beef468dc00f2075156ac500227b13,8
914d37bc71f2743241a58e258075c6aeb9654f9491e2a2fc8d178ac6c4fc14ab,8
81cf1dbe11c907b902ccbe4f5cb3baa6023ca2b76ffd85d2e04ea74e444dc287,8
17487bcefb86b31ee672beae63dfd1902d301c10a671875038db335351e4a69a,8
9ffdbec3b7b8893f81d69670c3e0160d365b30c265166010ca7202b1b1dd8af6,8
ecad33d227a4438b89018b46a9f3873d385df70776bf0126b0cd1bc39c0c19a9,8
f79da48cfdc2e28bce6d58066a1dcbe6676073d4b45a164004cf14de7c051aeb,8
fb28877bc4ffba050aa366b90fc0aa23216da7ffe6f06273aa566d6e7cc570a7,8
799d579e313481c484ad4b43c39e9dc80d3ac91719e0922c912ff0af45b5cfb9,8
ee7d42d3a21c2437b7620c008c00dfcd17113a5146222306c4f5a3cdaae1dfa4,8
b84319d71be1c8efcc62a590e2c2c8e9f237f5635a7dd7ebff86ba8664ae9b28,8
089ee3e1e0a4306ad5cac0a9c8610788ebf4163f398b33bf20087dad4f19650c,8
43338db622364dbfe48336b789c12537e633c9d7b1b3c77c430099930e90f5d5,8
fa2114a22e38407d8f0e04b8263f67d8bafb4765bc760580733ad0c4c2d98fd1,8
7bc3eaa29db3246cc7f3513266ac6ef84367082caad7d5ff7ad7ed49635bcdce,8
d9b40e569a7e16cb42fc012687ced0d7918e6fd148af6b6ee8a3d9ad68278591,8
d68680a8305a1d6992bdaae807b30c53489e4c436a67b67a69241f38b2a80a77,8
45b0d17699ff22afb895e6b463f76c427e3052ed4ae96fd851c4fc7edf944855,8
5fa50fd02c6665ab10f0ba8a872391223d6473a1364423b62200a9b1e1736c15,8
16af1672c772792c8ce0566617465709fa0943268aede9796a4e0c3562dc484c,8
7662542a84f13f0074b1c7b20bbebdfa69c69b4559f8d69bda285fe3450e2df9,8
a4ad042ab72022b40e9dbaeda7851c5a5206eb2a3bfdc316695df3577575a0b5,8
8c9c9cc376e6df182866d3bc42e0953b1a398456b2251b2209deccd6b9e156ea,8
cbee4d1d60d1f9f4cdf845e63355b2e78b9e997e0972a3125478182e8b9660c0,8
bf33255b36be744523367644cb1f7dc4b6600b8a0f1504eb836fa1f36a1f3ad8,8
880d5e6d3d093bd11d84a5922d6358e9c54b871c401d29c091cc7495807f5409,8
991425c560d16ad53f3167a1727f6cffe9b41c8954755a4148bb341a0de088f0,8
d78cb2de4871ed2545f6c9b2e8f3d1edda4df0dcb86ed14a6e0a3c61ee487a2e,8
b67e807932f4bcf6e0badb1d4d84990ebd9869b6c021769ee827d369cddc4cfe,8
aa3faac65feae144f5f75b17277561e9557a1a6bd1911ed47ac847a15d8ac756,8
9e72412c09e569b32bf9351bd26a9464b43445d934764fde3c2f1db37aa7260b,8
94920700df9d1fdf677ae2b1a6bc86eb62a98d0396b08f4c678b894b09c9d204,8
8f05cd15b5e97f598f1b9b31039108d0aee3f19a1fe874a41231acca1694767b,8
a3fb8827eb126e3506101deb9e2962d20e670b44300c8112bb2af6dd4b634ac5,8
fc43389069a40502de0ba4f9672459efbab7dcf5def9ae861a543f77f49f065e,8
5889e42fb2b3aaf300242e808e5c128eddd2429010f4b496bb788ff7f90f0284,7
73a0bcb5db3139bb1f4f5365983fa74ef27284191bf8cee5e4b096780eef3bb6,7
dcf806e02edc3fb83e5590e3cb45a9800174e397a8710d421db0719420cd1158,7
221c3f11faf67e5b63063052ffbc3d916c4cc36a5c98cb960b3d9e2f126549cc,7
8f45c2d4eabc0026ad2dadeb4362d888be7dac72c7ddc95775994e95f8fd190f,7
7dbd93a130f4a5ee40334fa5c4f9054628c51e92a50147a6edd77cec22dbebd7,7
ae25922901134b9d15619bb45028e131555d7d8beeabe449fd328a8953b90c93,7
6df687d3804ca896895ed2d15be47b538288636d0d06ba24de716673d7844699,7
acfa41e6a0671013174b7f071d148f9bbb72dd4652d9029189b058afbebfdfb9,7
d25f7512e6403a794e2a0866a9b79dfd5d759d38f432f85f8a5348b9dfb8a17c,7
b60003a19eee6503bcbce4b58e5a1a431902a91029c29f6235cf535f38e7de61,7
4a48dd5ce3277541342e87dbf171afc71b92a2bfc04f046b927db81d86ac48c4,7
391095ee6ce6f6ae4f93d5354ca2f693eb7bc6ea7cde8252e780c8b014ce2c54,7
0808ca4c7c938493dd918158a0fe70f32353dcfcf21ebc6aaaadde144a71fcf9,7
7a669be32cf6b1dac9a92a25a99be8a84f74935e55348b44e301c6d76d12ba9a,7
415f82a7fedeb0ed28bccd20400b3dd6043c963efb19ee701ea6fa301b782b4b,7
837ed637f32df4ad12460e284036990c5913dba841e51a09c117dbc0c0f2fbc2,7
a757dc30315d9a58d7d7e1bf5b278eac47d21f2d8b1d518be884507781585bf3,7
0d2776fbc3666a471980bcd40210a05a38be91a49bb6e3d4fd8563267f5ebc05,7
d8026b28cba06f02f19fca8c238ca5cba6953b52b23422279b1ac6a89c869a26,7
16f8e00740b947911f2d2ed386f0b2c2d83df523c3b5f5d4830699b1edb0fe01,7
0ed5a587eb0e668d4a16aecbd1f86b5696677a172d69ef513c07143a1be76c29,7
043a32a03a02380def2cfc8fa32e7ab0dd1ac890053bf58152dd5771736bfcf7,7
69cec26b3d343b570dd84938cdfaec1d6f6498c7f076ef5d1d338bfed19c9cc9,7
ecaf866497985890d028dbc42fd176bb2ea409cb587ad52d473410e84af3ec6f,7
ad2805ee83922f45b0b98cf54618637649960a0e6ff75f4a5d51fd3e71455a60,7
aa7118c3698029e4dd881097ca8751c6256d60353c8d407ebf924a9be813d44a,7
699a285f6d7987fe44043b9d56d2df9ca1c5d14d65f957b42ce9287b133fb6ed,7
8249ff8d6b02c2e5acc3e7521f35eb0a15601f51baac6d870fee93f4ae8bbc4e,7
c8d7ad58dc11259b35e69abd78cf6f16544413c9719557f483f4f14fe55d5bd0,7
c75627370c526438b08d9f2a7de38fd689c457390df84a9e4d5b56aa2fe8c366,7
6139ad236e7cd7c4029a20616a69a5bcdee9de85bb50b6a977db092a7fb486ee,7
2e9213da8fb3a98251e3395287388ef5964fc8c06ee3186e486724834b9d44c1,7
d80c7cd422ae1e5d53c7cab5e0756028c6f8f158ba5c4993d7168ff5759d0a32,7
5f2b2951a7afa5fdf95d669c13f28c08e87c92c04b660e882ca610977d057de5,6
cfbaa26feca23479a4cd94fad7ce6856c7d24563b328de7e6add87034c24ae6b,6
43de9bb207c2dada34ac7eb51a308224ba78739c01a5e74ae22f65615406d10d,6
8b3b5ee1478ff779c74cfefb7f4e4ec69e9412991be5a1513dd65926ae93a58e,6
2270556c2b727cbe5598ca8d333f7f893cc3bdccf4b69060855d976affef39dc,6
31e2660e54800d288f07a7a64169caa338c1553700a2a69d5449a8e6391890e4,6
967de7445da2ebf437e74024a306b9b679c580a93b825e65e955955a55e08b50,6
488369ef9c81b24e13eadc19557008bd59ef16a48724a1fb05a9977a280ebe4c,6
6c4853f234f085a366951bbb6a9ce27f30b3a95b14bc228f912d9ab36f97b3b0,6
e5d79b62642ce160eea0db2cd295d536babd563cb48c44c4b4dd5af0ea9ff4f1,6
aba1cb3e5f5c4712df09e9a5b747f514ff7a7966c5f5a8cadddac4510329617c,6
d9f3779ea0b76abf940264c5b1ee4bc6cccfc439c72cf39718222d5cb4cd61b3,6
7eec6bdde5394daebf2d046470a6fbd534a86cae58a4a63b9d7a0dc0829d19f6,6
9fa862af101641ecc00be06a1699400786aa5cacc59a86d8a33f733b31accd21,6
2f0ab9b5551d646f42825ab6816054482a39cfde9043dca61607b0cf655037b3,6
efb5be0d5166ef8e2bd8bc9815bde63339def4a10a631d9bc9105772f55e1f67,6
2fb76f6788a9204cdf1aa268a67ec2978d6b6a9bb0fd720e252d61d766ee84ab,6
57cb4db1010bc973e2c3f65b8e89c367f3afdd844d130f8d2d79fc307e856a3f,6
8c728c8e90ba9fdd161f56ec9bcc3561bd488ea3cc433f7fb2bb4da759a95f64,6
7902bae3d24d4185f2bba4ce44e10add41cda821a5171d2fcf3b0319b8c8d34b,6
0e0ae53e74a4987feed852a22d40ac7ad63e48e34d1d5187403f1ed7e6fe6983,6
b88e76e73ebb0250bb72017df5c8da77d5feeb551293fd05900d17ab3017fe03,6
693f5cf777198aa8fac3d57f8dfad56c0ee454eb4e2ffa0371cb671f66d0c59b,6
ece3de28e0a2777bd2d70cb09f9a42a94855d688519f41d70dfb390cd73b7743,6
d184648e36f16445663fe2cb5ddbfd6e8aba7229cd77b495562dc2d93be23c8d,6
e4e0d10e829ba3f07592262524540bf3dbfb5d890de2f25985293b93dc1ef04e,6
8847acf906adac3cbd7be9f4bcfce4baa6137f61c0e18cef075113a76064b5ad,6
9b9470065ac1c1e487cec7cdd9a35953f659b9af2364feba5aca925d25d39808,6
40cc1e5c4963f3a267aeb6a6bea23fedb721b968ec70d6e3cf244f43ca5c3a53,6
531e322115789341f30a927c5d7c996e1db3c02c40f28bea056d440aa0dcc455,6
2f6aa4f8377fbd176c2a496422ac32e395603145ae79be0c8ad863a241eb303f,6
5c4b114bacc8c7444c626d5244bffff6c954d366b40edd50b7c3b4e87bda4106,6
742d83c9f16b7ec7bb4fcd357f8b1b9b12e68c49ec9ced57d4836d26f19bbcd6,6
f3a56154b07b46adfbc2c6aeb8f6ab810a0a1bdd9af0593917200979189b49f7,6
f5eea99095649caec874768237537ef910c55eb1923fa1d97af3ffb0b138d1e1,6
a0771fc9001ba38b710b6e1193fa0a0acb0d43d925e6187c417fc59f71abb90b,6
9e0b241c69d3e12e18ba4180363f7355b28bd7cdccc6e7b8415b4565d82cb4ef,6
d4753cad80bd6f91fcdce585422dabce7b5ab1ae41050931079f546d214f5c3c,6
52e185c1d2a041b935a61932dfa173bd61cdf8a48c380a1454e1bb4a4c62f555,6
9140b58b8adc09f82b629d86a4b4bed3e8905a0389f20a848f106ae7342b6554,6
84f1be2a34832f49f251db003810818da2f51e2117392f8b43894713dd715b09,6
8d5572e3f370c06e6ea58a9a0e5066254e96c05ee7bab3051737f3357eb0dd71,6
52cde3bef55ae81105af5fb8b31493b19fdf42919363c948c0a1b488d2b5a7df,6
edd8b8cfef5acd20abf1d53f8da06067e4f58faded8b535101dcc4bc409d02bb,6
b6bd96ea3577839ef42945f9f126399cf3108d5329e5708934fa5c56304cdeea,6
6354ac544016186d2f973b9afb9a6fcbc48f3f64e237ff6555ab94b8a4a80296,6
372ee910a0aeff618d21b2871ed3abfd4591bc6209991825b7239df5d8805fd2,6
c73d13e3f2140952356b0a4673c1532f723862d765ab50733c4b6f3c31d39a56,6
7b8570166b15a9297bd0b7f9a330dd97ba275b5e1ea16fc36108e6844469d407,6
8cfd6ee8816ea4fbf192f3f13d62e4eb428ee76471e3ad2ffa21a6f762add800,6
02d844cdf10fd0a883dd07606612c3d59e006919cb1f53b26775c3291627978e,6
bf1a732a372a86f4345bd52ff0436f45cef8d9309794d41fc32be7d2708761c0,6
020bc89b9c68fef6281ba1a8477786b7e1ae79afad1fae7a205bdf06e97cdfe2,6
770878ebd3825387ca7ecff3281d4da10c23a99c80a35c93a3012f9aa9575910,6
536a9b53490f57ed39d3859949103b9ddb0c8293e92e94ced9ad6afa1992da8c,6
e25f6709a27f94fec62409b342cbbf4b7a15347eef3d2708475576aa81ace89d,6
033afd333db6cc4b9c3ee6d80b8c72e42e8e4259cac8c24b02f112204b3c04df,6
7259908e139b2de79ff4ddecc2fe1e1caac4fb87e33d019a0df08889d4c90db6,6
fc698101c5d4fdd4f37e6c588552b64a6fdf78d11704e2af09ac7af0c95f16c1,6
66f42b2eed6f62d4fdb1e451e2ca164a19bef2f02be81db44e9512132f18d7fb,6
f15a3cf1f0d504b572fb09b6bad5a6eb51e0cb61564f9b64bec406f88b38f103,6
5c8a773d6af0e68556c016ccecf8fe9940f052df000e8dcd0b1eaade56007cf4,6
d77e3c3653d84dae6b16ca48bffe37185cd40cddb3258ad0ad559949fb3c9f25,6
54b016d1cd23c3d2eda937396d964953f32be356e2d53051a200cef79a1c81d4,6
3c2455ac4231bce9aa294ed7554d35711d5514f59e3d3665669e22e02112798d,6
6ccc9ba972ab19f177cde0efc09d371a01f0ee46033d141352b3f4154242e412,5
1d8bf18c665d31449261a9a88ba1da81eb8a545ec6d6767074527a3448ce2dbf,5
6aec7804011daf8397116d921c30741c14072e067c1f395fce6556f882d4a91b,5
29c6a566a084b069e4f36f171b15980f0a0fd31969860a3729877a6d13d1a053,5
27d4e17bffe9ff735f2ca1fb081534a5d66cb02896bce33644f620103cfad916,5
e4a17b12be27e8111659334e88f6946abd0f1643b7e244f0bc65047595bfbf34,5
84938fa37f000e617d1ad8e07ac4bbb78cb334e4d874bfb4be5aec988b3d086c,5
27ff849cc94b7d08a63ee95595cb6f5dbbde83ba5c86bf5cc5f8e011f3dc922d,5
38cf70ed7208ba53554faed460bee674170814ba3281dddb3593c3a866a631dc,5
fd97e8a8b53051c99924b566493e11a65692cb86fec84ca37c4370c59bc39eeb,5
63a7a15ad0adde1e16d6dbf12d2136607bb2ad19a90dcc096f2e4770e85322d6,5
70a4dc3a0e221831543cebb9d7ee4216090c76f582b88090db924bf58ae3b48e,5
780808cbf36abba6575b40db0609678be11c498215bb43231809eff0f739c2eb,5
fe1e206c82c0324ca4c531eeaa11fb0b1ee44f5923c51ff3d4fc1c4ad38d9d57,5
a4ecc1fb5dcb901deb32d9f9136afc8b17b2d0c633e82b284cf6a712eec765ab,5
cdb3e6bf30809b300149a74fccc30552c6df0385f472df6890f9d76ce5464fed,5
1c509fa12e9342a7d32efdada85359200503960ae0d63c7502c642912ebc580a,5
d11810b135e14ca73a77662c587091832a8a971f358375bad5876d64e727a663,5
6a0c74770d6fc0b195140bb20b1511eba959201773bc677840f30af096cb4535,5
63c6a856bd2a7398b7aa57759ebcd34fd10a0d83665e57ea12d76d8943840d21,5
f13d67d588bb9dbc0d081012134ec291e646c7528cad10e52ffb490cfd552ade,5
542d0cc40a8f9a7d316c576686086024971beae6bd77bf18ebf9dcb575dab2f2,5
c444311bbb41ba9fbbf63c94fd6a1cab8d067019a2952fcba4f9d13cb1c3d028,5
ef7d1034f7961219b8bee6fdd76c8927eeacc6752c3364a434f5869c6d16b7e1,5
1bb5a28fb352213abfc16f227a0242cbee63881330ea16abe568b2da6b2cd4a0,5
25bae35798ed61a7f5a757e0df77876dd2d5e7ebfb2ad860bb53bb1d1cf61625,5
838587dc231ff355752805343956b6c55c5356030c28f882e875474637dd9bfa,5
80f0f13cb96eaafda54fbd92f40e8f5d5b5aaa29736afe90afdb48efb4cdac56,5
bcf9763afc7712f10320de581f91fe730902a277e5fb1b121b800cfdd5f13206,5
bc9ffb66cbc306fde2d185ff57c9b5c48c0ed077e63f48ae5e2300f2c99c3030,5
7ee191016e97d630e063c5eb39baaa011f372dcfcf0d0d0c956f46bc56570ab7,5
eb6200561f888b9dd8a78c22dcbc9499cbcbf33453a3f676fd7883ed92f05eed,5
87040a70e6c19c7280ac4ae3183ace60494f29cf0175514c773c7dbb283a4136,5
d6c0f9b389685923d9fef26fbc91ffff29e890c9f03e9ef5e683242f71b38b71,5
66e4c90f338df53ca8f954073d69461e94d4177972db4ce6f93b51d97fa9a6e9,5
0b1f91f53562c9cc257106f3b4a9ff4e4f026172bec74bb76eaa5f6ad016ff00,5
83cb6c0cf9d512ef31769e7e256bec6a9cfc30a2a4a0542c95b92ce14aba95a6,5
e78d7e0bbb15a58e8fa8be423ef697807df8e38a3a89d06df0a57699f12937cf,5
abea6aefbcd37ee6347400a04ec565889f0f8ac6f1ef0c1dc4e8cacbbf8aa78f,5
78e3328da04bdeea477be5942bcc9cb4368112479d4311db964b2932b1b792c0,5
c972bf46132fcb9bda4589ed0937b1d289ac9ba227e205532fca2e85884ebdf0,5
9b08d63fae53707fdcd391da2af57065789ef55a24d3615f028513314d6c627a,5
18adb0ad124b583e584d493dc691815e5ed61de0a0f4b5caab7d659dc9ad8cfd,5
d4b61739e85776bdf79039eef24f933fc8b989f0ee94055ba3a6eb6d93362c6d,5
13e1ffb1d1de914bc98735eda70b798507e22febd3194f3e36640b93c7ecb269,5
d2eb3a3f1827ed2852856d8e3466ecb21180a54af69c700016f388f176b6e5d1,5
20bcb33bb781865ec5a2aa21a56b81d00a45123216bbea777c0a2703b656dc7f,5
b5dfcdb56f090b5be22668e841eabdbf941be7a483eb458d70c74c29541b2fb9,5
ae15f965a713e2d713f17dcfc282862d59345371c4af7fe4bec4c3d2cc287d7d,5
e18362d95d1ab791e55e130813fec6bd96f2a95597c338805f3aaa7c87e4201d,5
0c26a2475ea2bb298fd368bda80229ad2d9716dc8a17c30587470ee1843ac8bf,5
afc40275ddbae5d6833baf718f3a2f3e90dd2ab1225502a3bb5a2be5ea8adb65,5
6ac6a04808fbfc29f7dceeac47f2b354635b7a9a0fb7d52235af9b3fc226d108,5
5d286c3256eb3ed786fbd3ed0f69855ec8ca047e921b0a69892c7d90ceaa58cb,5
8635928f2a3a92b9cc57430161c1c89a0ea9d0504055f0a8ddcaf47c658b0cbe,5
8df190d6dec49fc232adcc5a20dc95582ef74f5bf60ffe7e30dcbc999b44f7f6,5
491b7e4e32663cf81acb28059fbbc5f2d5d57b8076295cafabec350afe4d08ff,5
a86c830bff237f75d8e1222649afe6ed545a2973ba9620537c794d396a81a107,5
342325135253bde8a72fb54464f3b2117851c27ea5d6268bc65c492794febe27,5
39ae49492680a8514dad8a20509dfa3d4cfb7196c7eafab22d710a1b045fc082,5
8bc51aad4e456c02145fcf43ed6dcce5d561ed88f2ae854000e3b6c7b1d4e07d,5
a63738190bd397642c671492f985dbe38a26d364a1de5635ea92f38aa661a5af,5
e7a8c1973beedfecd89a57a6bb5c7d1c5785278a4c3bf074e7b09c0c6ce602ee,5
e98028bbe9746c6ae4266c63d9083cb869e767a0f8ee8fb4de45a9c7b893704a,5
497ef222c5fb2aa95ac616678516efa071c22b941cfeb7e7318845dcde40030d,5
bbdf8508b6bb6eb38caf277be77a7f9de7196f09981fe4aa8b56fb8577cbe364,5
5a4b5b17ed818c080a6844ad8b9272838974efaa51e3737b43d4601689063fd6,5
e73c9a9a463bda212e4256e82ed90f33bcfcd18d45b213dd9d5c569878eecec3,5
6bb0e8aef102e1e900589ff5dd760afc7621601c19b743783e8919faab968ef8,5
85d4df1776e17ad8420ab6051eaa1b6ff8935db02ae11ec9841efdbdf213f6c7,5
ab431aac6d540e81177db3477e3b8fbd703023ceb000dd766333859c31485a59,5
9607d6ceca1be57badac2be9eb81af1ef7a744f4e2000b903e667aa4164a3906,5
bda3e12fdb6570e4af2f9a1a06f831f8f4f1b508f0fc71c37976452bc829540a,5
fa451b2d822bdab8be622958cbb2afcfb5170d37905d22e0ce63d6820db6371e,5
64def5c939dd7be0fe7ea76d426764333eec72409a7bcb43609d0cca9a8c562b,5
c329abdbcb66d748ed58dbe0d9b8c019069238615ebc2fe016f45f373132c189,5
8939424e61b40c6ffebfe345700ef685ff0819f4a237de6e478a3ad97d6a87d7,5
e6927b8de4c42731cedade3905d5cb675b58785f8b3cfe4b2463a4effdc9569d,5
def873eaf3ad3e94b22ae4704c5600d27ceb37d7a5b63f4dbab35dc9b9f0bf2c,5
b4bb17fd4860dc04f858886689872ef2a6e494b3a4231ac66e1dc280b68b6144,5
708f3830f9ef31914e69505fbf991db92fc5ab3eb616b294a2ad7fac1785fc81,4
622fd7cd0954db6dd1324dd5096e280e4ccae74ed68ea48aaffb1dd15611011b,4
bd36b428de9bdfff1267b184e4e931e80540d4b311c47ea385bd6bcc13c890b6,4
ecdd2df86b567735fe8513b56c893a0f7c81364f28f0421c27a2d8ec7f645559,4
c930287da52aadd061b28453f70a0f047451111b1df4a9c572ab3c1fe7042f88,4
9baa5695c4676dcea3dc58d9d4764f2ad3e4943bd9121907042bad87791264e1,4
953cc8e61e082e66978061c2fefbd88530a9515a4e8b11ea7606371c85144c18,4
eff563d163f0c202512a554f1bf59d4499c75724ddbc55883e1b83e3464727d1,4
0db545b88c359a78026984233ed79f5f0cee6af54e2759e763df00270f637424,4
7ac6028e22408c032290effee1fd8ef68f1344358a51ec63592125eb7e21b462,4
311c64dc2a7b207746af394a2b04a43005902220bec2711f5e55f7bf56676592,4
31d6f9fd6fe9b9dd26a248fee7a2fda0bbd978c2679fcccb2090ec2f6cd316aa,4
9858658176fa4908931622982f641efe94562c54743b611142d0914c0436a898,4
854958d691d4aa7c2bb274c47b7ee674afb879b82e2b312e7eddc697650bbd71,4
c1ca226508edf60806c78b7f67f5518c7fac1ec95e4793f9eff63053324f8054,4
4a081809f3ee2587f01044a17738e32cce9fd06c73de8919fa25f913f1b53241,4
832b49bb5344aee62ba2e2e4e55dd4594b376c7c6a81169e5273a27b1cd12820,4
3e98970e13605bb362ddf699db78004d933d2d5b2ddcfe5b637c8ab8082460b5,4
96983f6c1e15a7b5ae99e0eb0a75ffa638442bcc956175a49c5061529d60c4f8,4
c64aa3172c919b157bb854b120775f729c1e97d4b2fb9bcd6f062e2f2c2b5550,4
fcb01998c47e3015245b589d50cf0ee64cf12d4edb8ca2b064906ef6639d7a2d,4
9cb5d3a528f17935255b8fc23d9c00ad112f6c10de42182180a3b44ac0995e6d,4
623fa550d8a75a2017d7ba708d0d10127a45da849867aa4a20d9b3ac06d5e4c4,4
5b4e9a447223bb15b8914918dc634041513ac299ee6385469f4d274f92cbe404,4
f03005068a239f691822001bb9aacca78482de80e470c5ee3bc2c059e44fb410,4
35590cee72986d86c93a7bda0e46bec766581c6d7dc0e30b1d0634e32fef56b9,4
0524ce61497016f7991575570a077b06a48fabdc004262fc5db5cd3089301ebe,4
604921ae887a7c46e04dadb0eb4ea7049c363f845e817a20bb82c2c8aecd937f,4
7e0bcbe4da88a4deda9168a120a2886e0ebe11242a6666123dfdba4024b11cda,4
4842450a9b71e10ba7412029f7b9362d56c918fa0bef0180020d0a54a50efb41,4
512a9c6eb49cbbbc81e0cbce0720ac76a6eb280770ef262d7278a40886e95912,4
cb6eb79bd4bf236bd16799d5a5dccd1b534ba02b2969b1065e225cd3dc88db64,4
7d2cabaa93d2a05269c49fa93b2a42290b825ae0b7ec5090374fa5ce88cd8a75,4
6698806049a082cbf40f69ac02196cdf67a5d5ea761e523cda0d0263deaf4430,4
7fde91a2748bfd2c0c6c98bae9c782985c1b0290bc0d0392a968e26c4d5fe883,4
91ec57fb70341a2c293f3308d1a6bca27a2af00d7e9cc5eb52b21b4269ec9375,4
d02a39543671bce553b0e4a904d007037babdde003b7d9f9ead6589f21cf3871,4
a430cc7ddd11c0785da9f9ac02b37e0d3bef26a85a28c2bd5d8105258b60ae61,4
e03df0d948a91c0d295f62336027664ca22349dc05f9cdaa3dec981b8bb68029,4
0c3a0240131bdb41e78d5a3d489eb0cf57a103ac51886ee47db5b5bfc6c9fbad,4
7ae886ad4ff89931dad3e6c8d2db51ebd8fcc6eb98d32a5a2d9e22b402c6c866,4
24dc8209b48dd95b2842dde1850e02352cb6a8800e14091a133b8073f62de9d5,4
742cdd2c0d9f4cc0620e954d26983b24d4851a2dca57ada77d422360a7c68df6,4
2da7ca2adb2c2be2a3ddc2b4bad63bf074306cc117f4afa1068cb4afea3cd902,4
be96df181c4d9e7fec3ddb604ce5b8ad506fde54df98a10e359368aac2aac54a,4
acd7368dd85976718f18dc635d64b143ab63ed7f17a0630c0133cc164fb16bca,4
58aff5ea8cfe5aece05ece6dbf25d180026551c8c2818aeab8ef71d52a5b2705,4
96ddeceebb67324311375ca3792f69291531c7968bbde16f70e56edd6257bea7,4
6acba9bf82a326241ed69618cfbe30134d9c1f6d3a3ce23d7114f28d6c7979f9,4
e98672fac1b35ccfadcea76e99e0274a4dac63782b3afedc446a173e4973ec75,4
b6741da0f81b8f85e1d482358ec69ee3bba7cf6db0f1a8ed37505a6c553caaea,4
15262ab52865bec2f729821ecfc657a8d9cc5e2049da319cc03d16fc376f2a64,4
ef5e1f32ea800d2662077fe6a3ea0d61b36716f99b5db1bbcff567c6f431c4d8,4
08bb27e2d97ed9e08d2993bdd0bbd0f027a2e7e2cd5f26a9afc868618135eca2,4
9c9a3cc83c9162b7ce992c818f432b8b134346c8892051f852b823516ede62cf,4
43bd19901a198adbc9c6a301f469500388f780df1ac7e09a2195786a88bbae07,4
9205195c53aa3a0e50e598a79ba122d802b0752db033b3d7f035184cc1f06839,4
9f8d2b77928658e87be0416219e63ae8fff24de28ec60908ba8f4e6c2ca6b3e8,4
4da23cf0744bff6cfe6f51951f30607b70215b2f0406b53511eec2ebdf40e741,4
0a88a5f700111c1f2827f2fc497fed2375a371a83cd87d3e2b92ca392d492397,4
69bdc3fd7c53d771a61768f4a834867330551754c420adae1f748d62fdbfb564,4
7cdea8a1e0e581835aaa0a5cfbc4107acd4d0082f6ebf010008f02108accff22,4
e736de3280b0d80e69bc9ed599968c59756cfce58d37bf84ae5df009b0ed285e,4
9658419c122040a8cc243383ef898fe55bff7c70926eb59ce4f5980db6826348,4
1f24f892525249c616745ac85f4082a2cc44f93ae5975d74d5f261465f1da878,4
fc52bb6144a8dc2332b58e3269c096501b4a6c705617418d61a0e1f6601bc673,4
68dff76489de8002a724094fedb822d6564a6e9bcac5d8f37257f4e96eabbe86,4
a45e919d4cdaa811bf13f0fb289734722b200bea3d741e3ef6ebbf552e7bb768,4
67e088e202e47f1e06398b01069c48fc964dce4f9c7d2cc6064ddc3b1530895d,4
812759bf79895878be86e4b916dc1b4e26b4dbdbe2683d0293fe506d07a493be,4
8eb69483f8c0405c8d38bed02c76c88cb962b332f1bd2285ed4ed1dcd3f0b2c3,4
8cff5019263bb6679d049081d344ff41437de9e33f320f06c1a6897ddf9eb8ec,4
aaa6baf1983bcaccae52079e0217b87c8723a3a18830b07cea68c0266266b039,4
2d0d306914bff20c1c9ab41cba46228561a12fc9eb270d608fa2fc83ebc7f027,4
8403ef5711905c06a3830d17a1643025432ef15af6c9c7491e4ef2bd620f79ab,4
54033ce1a67d0b92d40f2774fcce935e56427978abea3fd264d9e3c8fe3de8fa,4
9ca28dd2469787adcaecde188e24451f8508e7fd2323f2d23a1d43636ced2943,4
64dede1ce00f39f98b2b084fbdedf4861d509187619ecf22f2e8a0e7846cf5fa,4
96f046bedc1d9433397b200cb73c7c5415c494141319d2bcc9be76d793f70c51,4
4e8161b2660bc45ed74f355c84fa7bfb727f51a48145beb461556940f79aa8d3,4
347f7ee843f1b159fe1d932cfb36b29c06807316d2ce733235706668eb393293,4
881cc116a1bc75074a8955839dfec1e8a3d132c80a0ccd727f07effe994ff521,4
4c6f5385ab30dffd7561e1c97f827fd2410f6f9d2623774b7c117614ba040bd5,4
3df560061d5c8272868f244da844ac9b537e477cbe3af14dbf83a19980dc30f6,4
68cff1cde5b8d856a7236881e1296688bbbaeda93288a472cd46ce9d77fafd36,4
5177db036aa42d828313b03c7b4a11890aad0009fc7350bba7b0e9bb71f3b415,4
72e55251f65bb3e0825eb60bf01966cd2b9a5c8ea7baceba44976b1127440b01,4
6e6d685e3f39ce27f117c83564e11ee70fc04fda9f6b0435545109513739ae1d,4
350c9b3fadaf883928f364bf8e59090addc916c7a66d142ad9aecb0fb19b0a40,4
b343bb1e7a55a5b45fd990eeca679e39b8a896d61264dc4f50c69c5a537a0f16,4
e3da5eb94aa452f523178096952740a38564db57a5067a55eac2bd2aaf4e9269,4
bfc28eae788e62fb48ef0a3362e2c1e051937e3bfd06decaf445cfc2e5d62156,4
dd54367ba14ad3c1b0a30230ce7a829047b905e7d19da4bbc0d86f73ffd6c076,4
5ebddec960f2da5cfc35d35db75106f4eb97a047e72ba92239c8857e0f07ff7a,4
1146e64d0188b3708021c758a97b6ff86c1c29794b77cf9ce630aad0058dc7d5,4
c6b94671f6dfc67532bb979eea52cf299108b53b57cd84f1c8e08a007a629f17,4
86f70b60071603813cd2b0a3a5d2ab1119f1ba62abd1bb8ce4985ff5b49c29eb,4
54a7923b3d2598dacf48991da8214fefb800801982f5acc48394d1aaf39a2c72,4
71976ed7fa9f1a1385eada2fc33bdce6100d05451c0066d05dcec54baeca6aee,4
925589d9fcd21ec6cb1d8cde5469c5fcf7f8f84e8cbc7d73a3bdd5d51b897630,4
b3bd71cd38fa54e9ed36252ca23279471ba2c625385df9f2a8d3ba75f9d75e9f,4
c5c854203bd53304f424bbbc082c929884441793d528830168763d4750a29127,4
5750e46d32a947da748a0a32f4649aa7661a73b7724e077bcec5951030837ec6,4
90a44085752a8e96d5fcf7f39b97c2119360efaa1434c1a36774e54b68f4725a,4
e2679c8844b2cdcb32b4b4e0f4f4171026a442fe55208f5bc7d887ed2ffb8133,4
9c8e89f0157e71af57712c2124109dcfbfd040fcab39eafaf349d273c43b27b2,4
e4f814be424813d63368e9083c6deac161620deaed0695798620bdd45b9c0e50,4
181638d0ae5fc336ff3a4a11ae0657f9d8013986a95cf8cbc34e5d14a87c51dd,4
040a037c97a1d9de0cd56addb2f54fdb776dc3d36bba436af9949d8ce5f7a0a6,4
e253f277406505c0fde95a828cf0749ec8e290cd267abfce918ba81bd287119c,4
12e794044245d0bcaa9a4d747aee859012af261871f0ee64ca0a6d5e55573471,4
a45f6955a07e0e13dea60cd57fec27fb8403365d12d53b095a275f849164d768,4
1e6fbdcb72294e0c0df06e62146d24362f1f9d02ef595950986f827cf81f3afc,4
ff0356a2b7484ad3d95a6aa3702bb79da1f6859ff1e576c987c15640cab5c5a3,4
a799a75cd0d869d957e91fbf49b0572257c8de4175f946374bf1decd77adff82,4
b891261acdea7a28eb0687c7d058040c823b0eaf975def6a4186f0b0eb0806b8,4
cfc2607a876a894df503962d243fff1172fd0cd8937ec5a67707007b12ca7c33,4
684c98987ac6949836d200a69bb436780b232ff1282e33f63bd09872a93a4bb5,4
27e6a06e4829b1d4406aba0009adb93b5df519f741863b29cfbe2552d8b5c507,4
dbada577a9a432aed0f69d0889df8a6f67bbdd3a2d70373944dd5fddef31cbe8,4
a636d491d3750f1bc20aaa84413c13f9bc0b87722824a5f00e648fd52d410d38,4
83fbb3568cddd3e22ad2f7643d3f7fe0e1f26284a911318dd1e36820abc6ab13,4
6f8383bda84941cf9ad6028025d3c8b403dc95b0f45540b6623385564434593b,4
8886cf718ef2b53300cbde3d1149ac3c426aa5dd4b5aa339f6f5e00ad48255b8,4
b3aff056f36a1e668439b7b1ee588b4c1ecd0cfccd15f609732e590fcf9a77fa,4
dddfa2cce0f9cda794063ad01407f0e9e724700439c29c6417b62016ef8f299e,4
aa0aff6c63ba113221266885f8e9942f226601268fb97c56830d52d4f744f2b2,4
205445f4112138de7904bf3912cafe183721fd5fbf7d0f27429e46b15929a526,4
f5b88ffe5a17d6ab1892aaef5b3880a6a17cf14fc350f290442fb9e928e3e87a,4
4761f97cdaf9f3d0dadef23bdb32b2353b373a8fe8440b4cab3dc8c5c6bfd819,4
6ae5f3a4f9de813a0b212e72c1bcba2be09e902ba1dcc063fcf5442c09636c3e,4
afac533e87d2cb49ab5b7a4520d9288009326ef86dca9761abc00a174b7071de,4
351d27df27e9c3b5cb042503a70bdb876b3576e7836e5a4256d0b8301139c7df,4
f96da13a6f8c3f6677476711f4d032775a98235766d471ebec22673fdb92fbbc,4
3967330908aeadbcb51772073bed53c554d1f6e905ce04b54a3f6fbd581c9d2a,4
009a731d4cac177a64418e314d7fe6694d0d326b975aa732c0d30a9789c2207d,4
68c0a2fb0f7a0b365a6a329dbf7a2c8d97343dc7a537e77da346312470f54936,3
3659446477668d555c55c9d34db716ddc2b9f9c4e052337f268e544904f0f0d3,3
31ff948bfb40791e6dc9e170c0d7d0e9b1ea8cea4430bda2c2eb1dfc2344f583,3
8fa8917ab197c3dc66d7a72f5f99da0c02f4f453561c37ad06bbfa33abe7f19c,3
12035a059ce10eeb1039f95b6023e897ed4d819572258aca4f3caf864071631c,3
dd71ed75ea84b60f0b9ecc84209a6b5af9da18963ae63c19ed71a51bf18767cb,3
e9543bcac99dd513a3872537876be8231ba79e8d5516400ce7a0a585cbe8d8fd,3
c61e853e97ead9adc8e60a5c178eb30347d82018319a277ef35052ec85faaa5c,3
eba91271fe65266840497f38402bc0d11bbb975aab5836ebdea3112b1f3004a5,3
78ed98339f25db2bb27eafee8d9a40765d6e51930d175bd5b93d80a630c8c932,3
a43edf0cb8144b33cec2a49761934c6e661ac87a7e7c6f5307760659b4b4bb7c,3
836039c93c5256c99d8d801860773023b1288ae1e15567b604166192d3199668,3
e275f7d2dac3d282de4f89a8b6d5d26445dc05c7691092dd50426c4df22d23ce,3
c496affb244b2ef62c8ef44fe26c897e09cece8e2bfe1c75321b24ee62931ab2,3
ce4aefb20c481453cc03ea84985860c68b2e71b10becfaead630ece691133ac2,3
21a58d493516096379f87dd694189bcdeeb9413eb517127029172c6a2d591983,3
a671c1a57bceadba50949688a119bad3b063255d4bc2c515cfa82e7f4a82f99d,3
6b73d76fc542a80bbb52b4ede35b564ec7ba60ee4e69f3c616c201894e73b0f0,3
7ed8d9c3d40ce211c77113f0e3377da7be5f6a4a1e867da779928c1845a31b34,3
edeb5fa434a640669e9c3c8bee7f0974460945ff143e4f475f5a6eacdf1d4b25,3
8ffacee5d64c9e187285e94739edae533d60fe324cc6955f84fb862e4e2c2470,3
9441e0ebd5ee0434d016e4c868760f1ea28cee93565c7a5abe02d4da32e171b9,3
d0933bc7fc467a6eaa391e8d505a77db1951cb5a038b484de7bb2f8bbc286bda,3
f5c900a6387be4b896c32059cbb624c6f0228f18a7b76ec30d28c0dba5609e3c,3
dde23fb22b2bfd519a555e0cf81f79965ecffa5d636129511ae29a9aa96e648e,3
1e3af167e86f6bb1d4ff92fc771fe497ebda567eb5852fa2d60c755c3ba02039,3
a1117e2c3ede637e356c1e9166278a2498e40c56caa5485be3b29eeedb6df2a9,3
b5b42a453be9b832cd2b609b5d8b8903ba7a4b49a902f7a77b88667f47a274b8,3
5d7eff25673f4b64e699beda8ae516d564dc16cdbfcd5647243fb60fc2eff008,3
478dd90a59ccdd983ce6b9cd5f28065955dd16bbcf20e6e180931649da5b7adb,3
b8448adb779a96646a51606bdc3c40b46ea322c5e49ec0e06645f8c39b95f474,3
427e4675f8c8f4cd9fc5b01087b78f1c24ec0b481d7a31ceed8218db44127fd5,3
8edd7b92f4a47aa34a0b9226f41a673c0e101729e34e29b01240e3a887539159,3
549237b8af103976418baa6d8d8ee24d67ffd6690807a7e76ff082ec352642a4,3
6b55a357aeb9f8f5c575f79b6f1c2c8e5b7baea6f15f60ead947584744ad9d57,3
9c5928d8f9e16ab1a8b435ef75c64e27449623999c57bfe6c3559a7dca45451f,3
c6ec0150b48ea3172698740b0af1141f44ddda0fc8d4333e4d85e8447b97244f,3
d8718c5b45caeb44002d8eea2d484ed67c439d506b887113635c007804834b4c,3
e45d73e2ece40a967336e57a3b5921d79bbe56c5b03fe515fe1cae1579bb1e9a,3
db1e3fbc557bf118616132d707e68175d0e74fa1bb8015218adfc0d60661bd0c,3
b4991b434d4c203a841709705e376000d13b0f69b312bca74e75da9f3c7adf21,3
9632c02d7ff8b8fc509045b56df4cff39f4de6b1947e59ebd41d56ba411f2122,3
9765f86c51bd02a91d958582bcebf6a23246548999c89d9d43d7d2a6ea6494db,3
a871f9262ed62d02c31bae3a721d57a8dd3168237b4d1f37ff788808f26042d4,3
1b31a3a923e0bdc247e376c911b1848dca1afab72e44ed29c285dd10d9aa17e0,3
087be9c5d652e7d536f898910157cb731dfd44af9318fa964ef3aac7aed694e9,3
4741e1507cb79309635d52debaab250ea2de715d2f412f50c468121a480242d4,3
01a23a0f62e860aeeb7e8f5d8620ed953a2f1a6630b9c7a0c9c3686e32ff2030,3
6affa683d0bc59517340e2c938e4ab43b958676cfb919fae1c0e4b090d822bce,3
1df885456a348d0fa8c7e7e29c42542467dfb9831f6f2e57054e8a998f56a40e,3
3f46efe1e391bc5465f268d68ec38dde80498587f45fcd02a7f788b13df01b1b,3
e6703e448dbe8f6ad16c8eca939e7d91718e9b98a683a78ff127b3abedc8f89a,3
e7a5088a0b41fac7741dbfcee08d78f20c97e308d8c6ed75cb36cdcffd32be8c,3
9bfd63f4e87ef162b52e0860b7af88ce80af8a881747c679e9af2cf156fd1967,3
344d8bafa5c9118b3181a568efe83a2a9a0c675ea188709f54c9899fc84d1cb5,3
af519af68382245d4be642eedfbc86d4b4886b9a942edbc2a938b0441b4d6101,3
4636526275b7512b642063bf1cdf4b21ba83cccf756278785489a410b65b114e,3
adae5d39c7a7de9d9559932b41e8be88d6483ac0fd70f3a3694899e301e3de28,3
eb633bbac81bf3386d6311dc1e7e4e092773c2acc1f3408cbfccc3b93819d921,3
3e990126f4a650593a9121397fc577cb002aa05c43aece4832f2242304e0d843,3
eb4d7a9aedc7dd1fa858ae4a1f1e4c5b956adf60a05bb1dd23bbad5b98819bd8,3
38a26a19586a0525cdf1f057f0983a4b641602bbeea317a2e10525e5adc56864,3
7d8eb077627a716a4802672c6ce6ce3ecdfd874aeecf0ecbfc934fdc4053a6a3,3
97972b5f2a1f656b096eb9abc2fc3ba83fde245b75159ad8cd7664eaef677ad9,3
220c11205979f43b209fdd7c1d0cc9df9b4d123a4923d9900d674175a7acd5b2,3
46d20600a60f87da8e02c6ddb3900f9c30917fd0df886bba04568a6876bc17d4,3
419297c63646ad64cf018875ec7c2fb34aa35150dafca4ad29f7e8813792dc35,3
80dae0ecc65fc295e72704f98da09126c4f0fd543743dae76f53798d68945e60,3
b565fe8f51f5dd9b1761ae415b086de9dd699fbc26e781f20f89630bfb8bdf30,3
d458ac6e9cd041d34d3067f5caa7d28b2bb580305c4c002cbdbb26f95e1db2b1,3
6cae7d37b30a8a49b4968255048c55300564edf96cb28bbf5f87046965de576d,3
8ec942888e37ee98cad7bb9ddc20dfc02f951fc386dcefc652a6a92bfa50929c,3
517c8acb59050780d42c018827d16ef24f95f82b2ff3904560a1dea53f8ddf69,3
0635a9b6ebe1f844bce3d88d830cec09d3c1c5b173b60c105847ce186015ca3d,3
734163169e4626e9a5bed46981e4f28c9b28f8baa8d3351851d42d5488690a26,3
8d87d6eb60a067bc51e4dfd5e8f0e3dda5a77b4964289b1567488d46882b495b,3
182285130179fa31235d9e4188cf11569f9f3a1381172d380a34f25a108078fb,3
4a750add3203a459db885f2cccb86d594fe653f51662db436af036d89f8501ea,3
42e764c60fa2ec520d1d054364358246a29f6e71a339eca6a5b7fe9899af4e98,3
5ff70a4a0d701fa691a50f78b9f44a4b7b33ae15cb6ad47a02a716d56c583bde,3
99a76fe2fb2c6a38fc9f4fea43622346cdd40d21b4b5a372a0d5fea865f2ed27,3
201d6f2d624e07b59323b9a04904140e6d5bcbf3d6b0d714971554b33736feee,3
56c05e7543fafa89228bbdee37ce88a8d482d7ae8a388f23d7dbf87d6c219c0a,3
723c75a82b11b638e47b418ff55c3a69df46a18de83e904ad754f2d37bf02a6a,3
0baebb3eacc3b14516b3106c48a46d9e8ac8f656f6ac039faa751d573ac43686,3
e26314ee02e98cd8893ee11f517f99c1717ddb434610cbcfc8a2313f1430fafc,3
dde8ba39c9d819177b480344858d9d4b3dac2ba7e62f6874a48a618b3c90badb,3
42185743955f7dac7bb99a758c1aecb275e29ae4a0e5300460e6de04ec78825e,3
34604d8f4ef103ab0f48ce9f04d49551b785183ae84da1fc7446d63c68844b38,3
79c8387a4537827c3d17f6c3770f12c4094bb735078f8beae32aecc400f7e5ed,3
e07f35622e72f20f39163273b900258a1e521ad9f82481a5ce801b83182d299d,3
bfc3ac08bb7678e7800ff37488094897ac6b286e3ed5a156fb9174f0da9fe20d,3
018e1d9c6bc4170fd20402f5675c16b314be281b7731ab630d0c44952fe367b6,3
3643291de682a418a8497442e2fd84050c8dab4d23ff03eae74ca66bcfd46d15,3
314c2c6f1da2354bd5da773ce9ba7ae0784decc35a86f8352f08f6ed7c89d42d,3
52a1a2105327c426db5584c97adea708b9cd110b090f968cb6d5d7260961d830,3
af51193ac1085040f5e952e8c9f2bd1fa857b08d1adc078ddcf7fd7343182b88,3
4b3ed2e3511dcce490dae9699ecb95afe9cd506e82dd74a0586bcca2f96b9345,3
4a5caa14a1a94f3e633bd65fdff6f4d8895bb2d900d1a9af88caac7f2208e3ff,3
e732ee370f22b3c23e9d24964bfa621a1f3125ecec795aa15090784bab059951,3
db13da3b05456bd687244fb5dd910de982f137c541ecc58c74e935acf22e8a80,3
777b3f9c7804d376b9cf8cd7f59fad51af025dd2e44d7eef083165062d6da160,3
d245ea79c6e64abb42d44673ba4b0067cbb1ffb8548cdd2412a6d6188aaaf5a3,3
0ea4f109fd51ef85b7b9fb59a5f8628dccf477891daaf565ad26f1b69835a6f2,3
e323846550b9bdf73f5cad0a4d88a7df0eac9cd41ea9f9911e9b72023260546e,3
72322680212b102b15cfda854aaceeac28b665b5d4f0acf59b2ce656975cc67d,3
d519a7354d743380f56c2137de90e0797ca707dd645df5dbde2b7edbd624c0f0,3
8db6b2553534fa3d4e93ea139396d5e82f73bb350ae9fca0f974152631ab532e,3
3d2c45c0037a08da2a234c6f01d4a8a11dccb2774f003a97fcdaf0c7898d3f34,3
c66cf47363567c37453e33fb25d25bd9167485c55e38efc1c78b9711a615ffa4,3
38bce50a32f4170c5b91e8c70e6c97e011e21ca59bcc8d6709bc147ba7a06ce4,3
1c3feaf3ddeb1e159ce8e57f2db902f7cb8ee708a30491f5929e337cf91a6b81,3
2a28eab6a25a22abbe8a2de22f61e06101936bad97e1b8263c5061ade8f872b8,3
349ce326a148f662f3702558dfe50b1aaa5b1121bf87b0eed06767fade31965e,3
a90dc16d3d33f40e558531518a26921cfdb381bc7f22865efc5d1bcb28c0a401,3
5e467070c42d603716390f94131b14ee7c70b67151becd0aa287edb7bce25775,3
f7584cb9d117dbe59db9f72cf9da1b4b7d7dbe938b1726d558a592f937d557e5,3
ac11031a7ca1c782d5bb016c02021b56d5623e61f409c712b5eac6189a1e795f,3
6438a5019bb529d3d094f5166cbd81c198584ca05243a3f7d08f34637bd9d835,3
8a9cc1f13a0a87d2395ed259c64a3ce5fd77c6d0d5abd4ed1200e9fadb16e8a8,3
6c4c05c6c4665a8fe0e88eeb041c0aaf665bbf65b1d35526db48d51167c51a8c,3
d50374008a40a02a848329900424e50f24e2ac76c72ee0c9557b9db0c227760a,3
c54e79715652648566a3b1277ed632eb48f19ed761ea57dff09f3789eb0ed038,3
71e83fadee8d7e1f7f766664f6c02a1b3fe3292c5955a01d59645fc3a2eb059f,3
02b82d2b250369800d318f2e0214d201898fe5e6fd1e2a7fd5a3d26bb4442daa,3
975e73a0afee775f3a060f92fda6844e501380da5e23490f0b496851258fcd2d,3
8e0d36ecff1960973301c72c1dca7670090b5a66deafdb5d7cdaa10ef4cc4d68,3
feff69582834dd6a88a9a551f04d7689f018836e82daf7b83c1e32c714d9e7e3,3
733156ae3bd3f8870e46fbecb7e512a6f1acff749c62177dad7634d7b969bf5d,3
dd8a59142a3919355b0b41ed014bb9abbdc0c8a15a36a500e213b66093626076,3
75df8dc85bfa74b6772d65963dbbd6cb8bfbad713aaf855f4d7af32c89bd7fb2,3
6835a85f1d3f9a24d848a16d7fa5f3ddc1f9e739046c0d13ce471d972edbfb9f,3
3a1f648aecc75e3b270c11f053e303fd74dd4ea68f3c0b3ca1235b9a03dbbc85,3
d06f5a2798bfabf7001a792c30712df58430e48263b768b40bfce3a597199a92,3
fd9c0d765a11ecb0225a5c5647f3f18b26e60152e3d96d234d882dbb0c93d424,3
c3fe9e798f983a9e95ce4c2bcb659df7cf642555b9f171c6477f609e81438674,3
96c5ebae1f721a8a01ab93c36dd18086bca9eaf40d0280f20e4c6153a16b3cae,3
f37c724a311f678c8d3dbcdb6b53c94bfce36605d628beea7cbcca3430ef06a1,3
252e6cae7f3e5925b356f13c15b36dcc6fa1274169a81f87e7b3d1f43629be07,3
9098115f677ca1dea0677532c0afe9c794baee25cd092bc2e944caf056698bb8,3
81c165d26da97d51b3b5fb7486d9b39075d33e8034a7592ee06eef0a656e9bd1,3
b7d419ca047ae19e29047e2c76bc0f3744e8c88b14d71f13486c623066c361f9,3
4bda6d4b1d0356b930de72db11b173ae5f0a6deb31788d22acea430aab8b3328,3
8a3c18fc53c4474498f2958ca276c8a3e4562430f5d7a65039c515c1545cf455,3
068b277d21f1c63a91152b128f12a4adb6b6092e9c4e5f30ad7a908364d3dc9e,3
3bb339d5b1b780af3c0e174e7d7972f892a9f78d31c780147f510a244ffdb7da,3
039ef3dae179391ba90bb137d88a2f548b19b0c28444a3175fe978ee8a4f52bc,3
4daa5a3c3e200d68ebc42bd06753c01b08b32a7a71c27754f44e5e45b50c1602,3
93fdd7417f235e685a39c2cb5294e29129b6ab40a6e3d02fff3a210aed857ae6,3
b547b4b6650e1e1f2c8fb3522f4a6d8a5238af6122ce93054cdd16f8560eafad,3
57ee535a24c88052dca703837461cf49b84a17245d66eb07b461455fb35a80c8,3
34f1e3af63d0ad45b943904803127d6b681ece75f8b7c6f7782a3b80598ca109,3
eefc89cf440aa3b5313690fab40a7f6271e45374429b8504a28cb4d1e63b5dcb,3
8c42a1a69d651ba07f0236f10a2ea71a4004cac0bd14f347eeaa814ea9d34274,3
3aa37ef0ed90dc07b5fd1c67a409521a7cc509529d974c3ffcd1a4315b4ee4ec,3
bbb2ee7f42445c7b3157e3af2d702312b5261af3a55d6fe021323a2a97178bbb,3
85836bffc9edca704b3be267ca902a9666cecad3cb8372487981c91d8d7a1d75,3
29165bb4ad4a705723be3657b769e06a3832f2fa292c6ea1c0af6b1a77c1b741,3
35128e6c1453c18da9d2c0fd819a09519c4eb8abca6f30126e19ef70cb804b05,3
2bc4209b6991fc3f3344199ee891be9bb0d36ce556b60fa597d8f9e8512743da,3
b476bd485cc5073ad2e033c0954ce393eaf8b2a58e9680c67b0ecb8f4d561ce1,3
c2adf052fde1174f07d3c82bee2f56ca329a6ab270fe489b44dfd4e352be670c,3
6f918671d6f90f9470b201e4f5b16926812fffb6b87a1bcfc29a53f1bbf946dd,3
12e31e0e598aeeaf7fa18cd5260d5de8ca82a961e2efd3fdf992d57cd31c196f,3
49d24f68d6e3a098a8d8c2da8b86cc55068780b370ab04435f0d103845e4a3dc,3
b59cf810674a49fe1f2a5d287ed8cc7c32268528f1cef9cff59b9de990f88c46,3
b2a28a4a83cea8956db2aa3fc21b519076bb62527cc983bac9899e06ecdc2feb,3
dc641fecdd707282b0a640bb0b5cac032d93796d1c2c249306325a3977e09e8f,3
28da3bc96bd084ba001dbbeb904ff72ec4cc07503fe277429d184feafcb11b83,3
f28a69e9e3c23933ff189013b473e68025dfbef47a7629a2525b03c788e75362,3
b9d41d550ab9701a85b2210edfaa04e381f0f09c4f588713f775d6bd54f4990f,3
67458456553623ca1029dcb2c1002966595e30eccaf831857352449d78d8ac86,3
e7129cf80f50bf6f19a2851104325fc18eb9f9b334eb02c55c2fa65a218337e2,3
cd581b32cdb335e4c54e7d6bfb02817c92958a52e3e86326911e8ae3ea721ca3,3
0d1bc5c9503d894c1f8220f90ae47c018c492c08af27d247f45d82c283d6c086,3
20075fe5597382c0bbc5e106e8a5de786bf0f9b40649d3c9d65ef6aa2545a360,3
f4d69add76f0a673cd1d20b0cb99c8981cbf7b5a001d57e3835fbb23a914452e,3
d3ad090c6518b2c9b7d6cde79fdb12b4164322fda260872933bf295bbeb35318,3
eb3e7974570854e025da095ad40960f39a117197fc14c1e89aec69f88afbbdbb,3
d2d22e09042b7fbff06efe3de81c03e96efab82e57c5fb7ff7d8a2bb25979c5f,3
fa0d625737a08c30e1d51664461bacbdf3c5c49318313ed190ef4e75f6a64207,3
109900f634f34f74061a91cc54712d29e11c58f748220490df4dee436f07de3a,3
a861c698d5a82ccf13a756a6036471d5e3deedf798a21f3049450d255cf71953,3
82b1fe551d23e67937f9747620d4c13a9de385cfb92b3c8608ae0e56f86ff329,3
1ca4207115bff8ea85812979be0c97820766f536ad1c8dd3a163b021547799c9,3
1451013196dea8b6117b36ffb41ffbcaf34c271b6afd2a61267ff140bb1845e4,3
2481f8f1dd71f7f72fd60b58faaa794c3f31a8bc5dfb14a4336ee260dd30e5fc,3
f2079ba47ea6a15cc8cc522aa1595edb841f40b692841fb91388844c90517c2d,3
ee2a331b98a2d58e0ec9d2f4d7a486a9a8072d616efecfba0d62eb5393bb5a33,3
f215c9c3e758506277a86acb435a1fb172bcc218aeadb882943db57998841771,3
6e28a80fabb2ed9218e0641e43a37195aa537089f4989333be2d090d18a1da73,3
9a33cd7e60b09d3680d773ea3cddb12fc74baf8914728940a8116734140c3fdb,3
ae520782a111ffb50651f7c86c7a774853b27989c7cc86ed138cbc3ca08ce5d0,3
103bd945b9f3027f97f995085925a76adffe847e2185a05842fff66379ea0b76,3
1374ffd197dcb8d70f8ad65dce121ffdc17500bca8e3ccd294b8b88b3c8acd24,3
b5133132f68b79f272fcccf6e02f22763d331150ea5ae7e4c37458e5db641c48,3
c4a18ac2461aad26c847a42d94dfeae210b2a903a7627e540d85dbf48f5b0e5b,3
ef3b831cc1ee043e17081ed73f07e8deb451d0df6ba89bd7ff10a4970c63713d,3
ad413f4dc1130f5fcd981e38e4a7f840bed500023d96c13c9d7e9871862a4489,3
d2646fdb82130256b23cff973298fb3212f20d830bee238572a55fcf7ea7de68,3
eceb8d3b5727776bac9590b4c5fc9604477aaae35607f5e373bbba6d312e65a4,3
f651f69101266fd47507a23f4b9463523e4f1b8ec094c9f94d5663248080f793,3
c58d14c4d504af2041a39e115cf9236d0ce3a56d4d00dd9c8ad407368356cc7d,3
a389707f312f97c9039765613be0516a6bda08a60fd2dcf37b42458e06ad92b7,3
6c9ac480ae3d924651392ce4ee282058a12b9ae014f748db4e49608a87b528fe,3
d7cf2141c4d7d68ed29e3a5cdf3e2aec738a53bea206632ad69f1ef4e5782406,3
9dabf15b14af729463a1ed1bf706006ba54f084d70a52ac56d9119013fbee44c,3
bf83ee19720514575673074ef6b3f3891ba6cdbcc5b39127173843edbabbfa0c,3
73ce306384cde9cd222cd4ee2d529aded4a200a81aa6698259eedc6cca77f254,3
a0d5eb3e3ccb69c60c72b698b2b6f9244f3b96ec71ff525f5784f35d30112b45,3
a57904a67829fb1e683a0724f82b433819c9353a78c7487c8b617d6c22fcf8ec,3
b11050db03a03adc87fe28a453c7c75208d7f334d78c8bc7d057b4daf452cf19,3
b305fe7728be8fc3ed6abf094f30a7b4d3f2507fb26b14f243f96b7eeffd1781,3
831ec7da26d33c69b8f5541877f7dc89fb6fb69c3945d5846d824fe79a3732d9,3
0505b8e2b74ec245787aace270b638b7771bd03f01f3e2917d79db09568be7db,3
3372147829835216eba8eb1263357e11de7e09f31fa54e37a29e479b2ab95ce8,3
6319000d5c5a50cde18a91fd12ad22d190e5c8b8abc8e58be6dd819c33483d7c,3
883594e7668ceddf97e8bcc5219bb6e8eaedfdfaa81208b0ef25f1e85b9060bf,3
be8c625d134b4cab43926b6dfbd4e9688b67c699b7d14248baee60f29cc19d84,3
46ba783b641ae68cf21fa36eccf1ac51ccb18c746abb6ca5fc9030b583700818,3
e9ebef9b04d17b99f3c55d2662a55259c3fb179205cf8a0d11398c46f889c706,3
134cbcdce5dd90df9c2876eee550d0acc01ea6b23612f29e269936423e38a963,3
39323206e9e755695359f271c39fadbe855c11487b6a342da9aa1f0001c1b7cc,3
50dc0829941bbe83ec0328bd1b3f413b098830d70df9ca9c3c9106b1c15868f6,3
e64ba921f3d28d335adba1c4ac2b8f7c26ff7fe428b2ab9adf1fa15e0d374ade,3
f4bd3c241f25ba024c3095d1b57e2fa542c6e43d84f818b556411c328b68dadb,3
3ac4f6634bed34f00434baa8c1e369d8741e1bdc17ab7af9515705397e1bf124,3
325de4c461dd0ee658999def1b34673ff157f95015e3460840946e0d431a8daa,3
01e4100b9794962cd7c2ba4c3c0d78d93d2607baf1d4c6420c1a967285314373,3
c1e8219a2cc3a55ae00c13e2687e2a66e71bd0f2b09bfc59ba6a19603a47ba52,3
2e33c1fa58a3a4214221be88d3e830e5c23c7124d2e8c20876ac057a5fc664bb,3
605534fe648d61ad87e5e3125159936d42721ba24ba2834c12d9aaa6cc47da7a,3
149a3bdb0d03c2c15fa55501b6f67729375b13a436f5dc9a8ada0f44faf2af65,3
a650d7831a43efabb4d6b0337de74b75f1a29034da5f0b69213e6fa1fc9e1e4e,3
efa416fc98e55149fb4f2380cbc3d842b5fbd62bb6f03ed102ef037d796ec20e,3
3bc095d5602a65489d54bf8d5ed38848baf573ff2b40c2cca113dc8b75a66189,3
8b823e52901a4b10338005ce50bd7a093a316332f9a8e8c2fa2e55c1c924f9a6,3
632f10fff730b427a2f49dd9b49fcc6e5ae5712f6548bed4e9980dfbb69a21d2,3
07bfa57840c46625f5af8d66cbb0de5d2529bd39f38a65b7439e792b46b76647,3
0721a42a632c9f9071d3a2a97167573618cce2000e6dfbd2f78b2c66379da65a,3
dabea2893b8da0430ff5c90824edc4f05e400e8e6dad38334d37b3f6f096f44e,3
0b9325c2cb0428c21a6548e2cd5a9f4f3313f3da848874832cd09831b3d5dd65,3
ed33d5007736f40f6d913ae7a111616f35156a3cfeab37c747445c29c593d079,3
ef060df68d1a7eddf457e1768042c3754b677ad3dd51f175de0f7b0439eb5049,3
8c3e888c35d4cfc65811886bcb00f83b0cfefa4c4013f42b0a010d780042717e,3
a98776675d537515a35b58cb24335d6c83702ce370197d0924d2708e54156421,3
b89d310d62b4bb61a20021532b287f913baa26fdc446056d157146ededb23762,3
49ee3cc34a50719b5bee65c47148d774b751f2a2d4298d35773ff9ada3f4b15a,3
789562b77d4c27fd8ba9629647fd26f181448e5ff529c7a87305fcc3ff9229c7,3
1e8204c773c7954038a780728dbbd53d5d7312a5c3429506b3f35134cd338068,3
a88d793a7530c017fd8761d07e1c5a991aa40efc3613573c9c4a06838912da7e,3
ab440fe50a667702be3c1f09b8c6c5540953a7254304c98a847502dd310c98a6,3
0c9c85237b6ed6ea52f3a44e3c8b0e8cebf7050e0a084dfe5af25c946326e951,3
3cfb8588a84977e4d86932062b3a0fef45ae1d7a3ad4e41b90056088e3eba056,3
7ddd406991acf73db8dad20c136f919fc775da0a2e4c120848cd60bbf5417a54,3
b25e9e4f45b3c89cc19e5e689a3626a9ca90ca55b3c770090d27574fa11eb5fc,3
b5e8716ac87245c8ed1a703329bb6bd23b0bc1ea6e99cbd46768af29c0c72c93,3
d16842e4a64c4d5335a16e6fec7899ac69e3406fdcb6a5769aea35ad2d37c1b2,3
c1be9c44d339c4819102b399640a1346eac25882e5e8bd1d07ea75ecf700a259,3
2a32bfe270fcfc1e90af4bda9610332a841a9316beffe29d7b76a9fef6c4b5ca,3
887f446d410d3463f55bee6894202567c44c4dc46b23b188f53ff16583bf168d,3
77630bd5c5435b89571d486ba5e40a92d2ce3cbce086661c2ebdcccabee80173,3
ff982bd9a7929439c33d83b440d38a5a16f831b2085e2e5aacf7ef2d7893d48c,3
a9a147c6ee7a1cccacb781fcd5be548a9a486b7f858c6d7aab08430c2fc75dbd,3
94ffa8d928f9416589bdd33ea5bc04d02fc8f8f3a7911c1bc1e72d4e6a640643,3
138b58dc7b9174499b7686fec8d6d2f94c574dad4e0a3d2ccdf9929b53aa5eb3,3
6117661c96e979913ac865d5d7f7c11eea77921442332bc8aadc3f438600a7e3,3
b9bc7f424db375a99e5d0cb4a4f8e9923e046a837de1817b0e2d67560840a2d8,3
e50be65c3dd9701e828327f3869090bda059521beb41ced755089bbc758918e1,3
a66127fa9b2210c24f642658bb234d3579403dae8b0ef496bad4019708302220,3
a0cada3af421d2e0b5ab0119aaf92bbb7a5430132da43bff35fd15205d63bdf5,3
6ce4bd9a754afca9e0673e918c2e111d667739f22703227e0e8e8ccb28c384c0,3
dc3b3d35f45bcc26e10d57f221bdbc0bb9de6c2a84fc7d55ab437384e8fac569,3
679a622ab8123707642c284ef242b4ffb16c32b3558f050880a0cdbb80b65eb6,3
48421b9d6162f44e65a86c81d1071077babbced2bc103ade933422051361d49f,3
86a5c06a775ae9e1fcbed68a85938dbbf8a2eb37ce26f7bd6b0a3103b0e0e127,3
814440ec4dd70e3a466758e76df54708a8ecad6cff48052230b4f82fa7cbb148,3
3c2583c4cc7ff33577c41679f60af5e643d23854ae6d593aecebb2412d4cfc03,3
ccf0f82c989ebbd9e585a5a597f61e9da2938eaba91b51b8d8a7f0d6e50a877e,3
05d492eb46bc2c5e8505a6600fe86d1e2a138bec028fa7a8bf9044ef5ce6b7ad,3
16cc9db49a2d47950cbd4816b05720ee8637574fd5d4d253b46a8e0b22a0ec9f,3
714074f3138d30ac97cf3d1565c69978c838850f06856b20ad7012b29abc7e96,3
7a9ef432b2f23fcab38fe7c21f7ddefce53f49a370a37c625549bb8f7bcb2cdc,3
2e749d6f0b59bfca95ad53742dc609d705d09aa7919b16f98def94aec6784477,3
ede9ae6a34eef9e48f0c18b8afe3a610ad738370b31c16bf35172abeeb089a98,3
5d8db4b135c89f5ace3764fd5d78475c60ba86c04714de61228add0bf1b8e305,3
d7c249094962d7ad6a6b66ae73ab385d257ebb2b32ee39c6544b8cfaa780e701,3
e965ece89182a2986ff459ca598051282cd4e17bb9a7fb9a780995446d637779,3
a2503690a73c458962b7499133d51b4542267656742dbad0f49079d9fdbd957e,3
d5ae2a3ffab0c1084de1797c418dae7e92792c49d78a68ce7f9b3a75b9635bea,3
1f73f4f772c74c5b901b1abebf3ddfda124d22abdeab83fd26100855be9e6c2f,3
bfad86406676a1532ed37733cda8fd2254ec29e56ef55cf7eecbc72af1de4378,3
47a8d614a5bef6f820c383c993d6de33637b96f5db0d1ddc55fee27468b4ca9a,3
77c6f95e102a0a0bd880c187ab7b0154ceea99a7dde80fa651ed508584bd7a52,2
db091f426a53d5acef2a1a36b56600abb5746b2523470183ef7dd542e1c01e1f,2
7a13226432f4be5f7e734f4cfe34da0aa6ca8241e8eed5c5fc6dcade155c24a7,2
63cbcf6886d365a6bfe36fe042c412db1b076556fd728e9bbec33b8ca7d7d5de,2
1128baa2f961693675830e9c5620f6d067acd95c4ae73d57fdcbb6dfd73d6140,2
9d9f230c2533fb238693546aea1149f356eb9442a497cebfdf515859fe782045,2
547526838d9e89db8b938f3a534edcf9491a689ca474f9b420df4bf72a7f9e18,2
a47b22456fc93d84fd370031ea44bc1ce341fb107159812884cd438dc59766f7,2
a665883f99125c983f74a9856c162678b975d6558da4494848772543026d3dbd,2
fce013d9d051e668c82d41ba14ad2a7ceb90fbdd9800241f1fd529d38f61eed8,2
0b62029533a63e1c0eaa0763856b349d65af9a1e51ecb5a61927aeebd9d57805,2
7e9c3667420929f11949f1919e15b9f66516512392ad6247496b895fd8df2294,2
b9d56de9cf09a20131d1c08186d38e92bac87ace668d15827e0f28feb930fad8,2
6fccbcf8e393bccd5a2bc04ef2b0c95cfef432cd86b37a246b599f3cb927ef6d,2
79dbe2a862c91f470f100ed43c4285a49062003ca7a532bd55e8514bcf490fd0,2
fbe0842544f359b8e4cf789bba58f56fb0a5131c9a650f98f146f4cc8b87bce3,2
6ba5050057301e8adeac027b0fbed7007dce006b740765336cea6c9900f2e860,2
86e84ac4fb2f50fba8f4d5df9108988b69a944d63a01be630b5f8bc83ccfa0fe,2
0ec6f112ca74f359192a568a0211158e4fa4af87980af7bd86d85f96886ce76f,2
6a724ab5b6a97139330c5471710111d3ccd0a768be4318bb7085dbed8e45e44d,2
985e18dad3e657104da8250c40aac50c9aa58b62c6b5e250ea292187e6b76f2d,2
9c2f1dc0e9d206fc850813cbe3cadd0f78cc1d43ba87287b19cfb64757541326,2
5bca340149d8de2486007d9db4c1c964d87285a2dfcc50e6cd79a385102b9df9,2
cb76804d2fb767848b99d8e8e62d23469ee46143db2d679cb67149d0b6317c7f,2
01d06f821bf1603315a272f9b4bd68e56595a7f7ffda3ddb1e8170ab4ca6aefd,2
b3dc8f0d11b0b2f121341e88054c9ccfd3b7a7afaeb9e0f43568cdefb2681642,2
820c07dd9664f13673b9525c2bf4560abf83347e46e3bdd5dcb1ae65c0a68043,2
963407c3dd5a4d4454d8979267fab1647dd0970b4b60fba7a2ea202996dbe2a4,2
c91251e79f4f9f161d71ca9fea6b5bc49dd0705f86f29de48a53e46d9f5d6567,2
ab44992c7f0e7a05e53588c91d4ce1fc0a76262e718791472ea1d6df18783074,2
dfbe4a1a5f28ff5a701d0e2b079a4433ab22dd92a88c57b6578fe4a7434d531a,2
5a7d7acf9381785d035b0e1b790075afa82a359b74f50e4c389961eaa44ae8fc,2
2ca52ed1272a6c47e187b7129327d3aabb037b06a975f37a1248277312ecdd9e,2
c64193f01ae80757102ac8be060548cb4803687804a54360aed84eb918adf233,2
a265784bbd36b623976c31b59e22fc5ee65cdc9d242f41c5cbf1dfccf0061c1f,2
cecbe4430fd27676f251df68487208a366ac982b8c11e99c4564ba93407f54d3,2
c1f376b3e7107002fb75db46985b57d1cef8d96b4742c6e19fef60b389ecfd68,2
94482c0bb98892ff2b906c44a2b488d725a430827a7cd8e80bc4d72ea0e63e8e,2
10fe480e9eb7825f6de4064e0e76b4480343cdd704bd1411ec86ba6da1a84956,2
6990d743bff4f7ce64778f869d6bae1c48ae30035c1366fc87d20c157604a718,2
85fd1f1f883b3a58792700f2489ea4b3784e93f65c1ccbb7742a55e8cd370e69,2
36523ccd32817976eede94ebb4296bbb048396f37e309a30f6c0ac751469f27f,2
adb5a7918c386751b3dd867197fd90e357e1a828af194a7f31d3166cfd350bef,2
30d9b94d10ec480bd6fc4f9e030cb0fbf9cc556ab8d2fdde9d16abaae5be752f,2
3f5874ff09246cbcbf838417e43bc8d61db5cb8f385d7d316b68b63c2f10aa5f,2
2b3c12abd20a3389062e3badca7bc47fbfd388ce68d8242d6f14d4d61cc5f80b,2
2a5020093189ca934407d2d328e7a58d701bab1dde01d9e7f1a5eea8f09de9f2,2
33cdffa76202c3d0d60ae04e131ca16d7ec2c9b0fdf075fb233919d04e63e72a,2
c2dcc6a4726c9cf27cd5f6912a2cd9e41b7c017a7f435b2584cd6bf5a9b33a32,2
1a162fe39aaada4e8a86643c3c61b1657d59096af4e177f0ce2e728b7fe12ed7,2
85ced94714c71efc899f46213815b754185d0ff66fccefc9710cf5fc675ccece,2
a1328a17b2df2c441750c9d335a6f0b336c798e73b29aaf37371c495875a68f5,2
f0a1be5c6dc3742e3c957b3bc19650ac56a7d42fb8f76c78fd5a31b31079da05,2
d2782d59d800f4a2210f924ed239019e1f674570ca4fc272e95c75f96def0319,2
9493456efb1df426512a34cd245443be3d80f8f34a3504ed1ba67b584d33b6ea,2
523384079369259d9ac51ee5b3628473545916b6da22461acdd9ff94f21e9336,2
e2d188aaafbdce5a3ec68d54a647548ebe6d6cf0284865a8ff461838ba5cd9d6,2
fc105efdf6c65802247cc25f0e34f6f237707c97176419e1b35b96f4db7d6c58,2
6d79d9753558d15a0549eb7e54c4bfbbed0d44ef928d7d3080d02adbd45ce975,2
6294b514b2183c45e4e99603ffb97adc0f7b2c680551a99ea08a7efed05fe4b4,2
78d589429b9e1a1133d3cb7cbbf7fb3d57736c93031db2b58ecbe4fa02e149f5,2
13c606037874ec28cbe0004d14f69142df9b80710976a075a383c95cebb519d9,2
9ac472ca030aa4897ecf75a0f278f535c24941ccaeb9be51cf76cc77193d6230,2
dacbb8943e91ba092526b9821c6e585e72b58e4465ceff69ad44a6c204036fe6,2
3f232073cf8a05e5ce56b4991314a88031517cdde3e41a0e6518888973766f46,2
2b968f6c8be0c79ed1216c0e8b7af452946e68e2e3e81d5bd0dc8b033c5d64bf,2
03c595108f4cf64c4fc73558f31c46cff596f4fab450e4f1a8f5b1ee1fca6504,2
7ae3d31cd1ce772a16717cb64058144df4ffa9e7ef394ea276d4d53d9ed4f624,2
6eab93cbfc73b300527fcfe0e2a5a98bed878ecceb0a25f36da0a0471d0d8174,2
2854b82a9bd16fb87e70282dcd71176049098923262f4b38630464628f56d224,2
c81c83c3d1a4486180bfcb7a63b610195e157b9e5a830b1f75f42da3b0aac250,2
dc84d52ba7049e1618922571bf3ee0d2049033cbff1e7ba582f416a69f7bf5c3,2
a3d9d93a9d9009f29a8912f3a65a6706ddaa7bba24ee710679c4d844103a52ab,2
4f98c4458a358838f6049a1d2c4319826187c86e134313634074f700f0179762,2
e0d9ef59ffa36ad0122d8fb6704d9a7acf7f7ec80663c7b5c50c1eb921e7d6e5,2
5cfa3c93dc7ecbac55e0c7ab6f539fc48a4da8102e39ab6e974651d7ffe08e01,2
ef7264b8323154a349ccc8534cdb191215326d42805125c0cd7e9204bb3b0f49,2
77e5c34715a8034db9a3956cd4b3cc7c9f58edfa0483bec558b0373ebd8b46e2,2
e0fc067dde3fb8482fd383e6cde7bf238631960950e3f07259593d713272ce77,2
d1d8b51a50406c9830d3b7b919d0bb02806ee14712a3b5cd2a1c6367cc9cfcfd,2
efc436a7732266c93fea2dc73471e35e7b067b82493de17880fba5a6dd5e99f2,2
859213f89005abed1f45fb511030d9b1c1899c73f0d184f9d15541267035607e,2
2d77429e39636e9f74505bb80a81382b42571aba40b42eb28ab92876b3afe25a,2
f8fdc886122fa898388e53467b4d0a6758b8dc41345e00eea1ef7561507b7197,2
2910fd412220a202966f30ab43c14b59b7ddb08400f106cfc7f82003682460be,2
70d8081735bd498b9742a5b92ec8724f3e9f068e872f4b5956521dce87db8975,2
0bb8577d0912bcef8dff67825a5e25a5b111515f34f2ada80bb720f2fc82e863,2
aa6241cbf53e53cd5699f6bcd322ade200572f0045626068a5e52210f3eb5d08,2
f7a614208e36f4bc8560d7b0b6e7a7bfce8162b6fc6bdfff2bf5086c9753c6ed,2
8a37305637302260a5e38c2ae2c5ea744627bf5b930bd35466c24d045284afb8,2
fa92270a212b23716e815406b09f032d0f7c408fa456b8c3abec7ba4835d35d5,2
e49e258fbabeb7e0916d44b43e30ad77e61026bd8cb07cc4086fde524b2b0b07,2
2032f107935640c8dee095362c8c46d769f8d590b998f91c513dd0e25a5076c0,2
71ec63ca804da2541abff64b6d2abfbdfed1e7372fa20d98e2f6c8f8a4683926,2
e53ed0f72de97c47214def4e9fa61acd1750e67bd3c88d2b100ca0b52183e53b,2
9dfef87e145705c3d06ae4b8959d31cdef4a1be1ee1a0824e55223ffe10fc190,2
5c439a5a23f9a13bc4b39992cb33ed16d0eea31a5b546b65fd0581b030510aad,2
2069426785333b313e4a7fd01ea0df53a5710e84aaf74be360f9a225c986ceb4,2
609924a8e1b37980b5c1974a78232e26a4b46346a9ab54dd330924b660e6177a,2
580618c0a8d820244b46fcab301b8143d0cb3aeb3fd771111b2dc2359c8dc201,2
62fa07696a7df9896ad77edcc268d5dc5924f7778538faa4ff05e6520aed7d95,2
2e72208ffb7bffad49cfe07fe63b4549c40a2a3d71759bed290668af55e10c32,2
5c2a108c57f8e6c926918455af6ff4df9f9ba88e498611f7f6e0d6962e8b91f4,2
2253205b959e91b061174a2ba4f6cf00a0d7a0487a7727fda2af5fa782d1c8ea,2
66871ae31ec713152187992deda6bfe1a9b1a26f7f4ce62585c1587f84df6b03,2
e8f206e09f70b5db2bc614952340b8f67b1dd4f130af6befd601b7fc12f1dd8b,2
bdd5e5980796bb346adc8620ab9a4ca63eda4e441cd71517b07f6593f9d6127b,2
f40aa5720409172954d1de54d2cc9cdc4fd60eb63ad065e21718e30a7e0c9770,2
283fab7f7828538a678b61119683516474b4b61748068b5b2b5fa36678f46225,2
7f3209a3f7d902d8db659b68c963e71685afbbe8f263ebaa487ed3d9e0b1a81a,2
b151ed8a574b91a688e7dee04871b251b9fd7e99d35b1112a84e3f4abd10eea4,2
8eb1b02a99572cf057198b548f5ba9bf25425284cac9fb8f8cd6f160b9fdd05d,2
c873e9587513013c96467edd16e20d5d0fc6dc49997e0bd98a76f2246b902f98,2
56962493b3603b963240e316db438e81b7901f2224ddf73a6053c347044c931c,2
e8f71c92293118c0f3c3c8c155995ed390f0e0156fb10f567d6c578affad64ec,2
5c7eedd5eacbf2c70a250a6fb8cef9f87fbe6ff127dc2be4d94005abd2f4199c,2
f3972362f6760add998e1d21576ba72412b3f014d7675e2300dce422e9de9d09,2
1ed6df2aa1bfb86442054d519d8e334b17a9b77e4b3bc0213343907a1b5f0cfa,2
dc98e326e4685960d1d0b88b4c2753868c80ba41d1b8304032dfe6484415112c,2
eff0f626a9521346c44bc731ba3b85df041bba3d3bf3bde8e3e773b8d49153b1,2
1902ef65759716d5b846c50d40e905b2c5f9444ea75e7bd36ab4204ba62128b0,2
68b36638b882e51d8922014f5ddab18e016d97076a6bf17a74c2c289698994f9,2
bb573407ebd3a8ae0ed74b3d7b4a3d85433392170f03288e08c7866f338c0586,2
d87ed106f484e5905fbf6c0e5adf378876461159a78046e631b8519723da8526,2
cd202b0c16d0a702f92741789889739f7fd13a347d7f249454d6e8b8c21f1b88,2
0c688a8a768a98d95c2351405480ca25a54873206ffa8f81b983ed5bcbc5bf13,2
e3962ac0b02b16b11b00624cbb53da664c75c7b9eb31fd3cf2c51f16d05bb531,2
f75301349b3f4127383c001c51f4d1d265b6dc9859374f7a9263290582c29d63,2
9d053a293ca1ac74f78696cd97a47a344d9b6f902795f52eb54c9f1ddc80c275,2
f8e9d36b5e454433f60a25c70742f3c05524f8c70ffc9033dc5703720f185c78,2
063bc404b9a6315f8a6232d46645bcfb0b40cc5316091348cd99aa1c2c8a9c02,2
dd8174b772210cf6dd3f2035f78efccedbb92504e459da33f0ade2952ddeef29,2
7ab1dd9e251134b2106ad3885d084aea0036037d351007a3e662b40bde0cb053,2
1562fb27a42a19d60d6e4c7a221bb3d44ff4fa68d6f4709a9eb1037de85024a2,2
873f8ddce6a98425c179e5a9a4168e77d954b4ab533507fdf30f0bf10190af17,2
a187153e9ec7fffa86399b370355ae24dd67c6ffb8ac942563d9d378c2c76009,2
bba077a471fa25cf2f80c6e8d6654a0bf13699ddc95fba681d7ea5e008a46a26,2
e678991fdf1c547ced9ae15b8d7f78f3b23696d71cb9209448f22033ce4c5e77,2
72d2dee4f864a9f7f45a34fd33411f8f6fafc8d08b63099f6c789f27e5dedc05,2
e7d0e0c0f971a4f4d8381001c3dc6be30d1bf18ec73acb1d394ac2ba874c67cf,2
855c6ebc2a0f20c1dddd7c02b22f9397731494fe415cedd4dbb763bba44bc0f9,2
8d40fbab7320da1fddf1cf896b6a55800f3aa4e3843a1e4882bce9a9f58eca0a,2
e511dc06bac160c879e482508f9be6c40cbf1bffd917de99369d84a4ca3188bf,2
da8465482b2b0a775e3617f7c571fe32eba01d66415a3c68ad6d29dd33404bdb,2
0e91c68915d8f02828478afaae02dde914635d0c788d8891a65741f235171267,2
8e420c911fbe651fc454ca08055b3874ad6d9a51abebc7b20304c1b405c9ab5a,2
baaffd1a60674d4640f3fa1f5416d8d727c27b645a2becf248a8386bfa02f285,2
f21b49de0647299a93084fd9a15ae6920b0b8ae552f573ef22cb9a8ddf5d4c5e,2
5347176f8152babd1de8cf921405adab0944709c3ce3d38cf9278ed5341ef029,2
ecbfa51f9fa998d157b211aa1699aa0568fc483b5a2e43261d44272ee6eda291,2
8b7cb684053c03a1451613d3666ab4eb53e0e3594cb1df0e2bb0451e14c78148,2
80a43c64fc9df94d3a4f4fd44a1aa84ba7873db096134fbdb1c6d78d489fa913,2
64e84f098f171ef7c648f398399d2e075baad5e457e1b1aed634a9451934d0e3,2
5fdb29a6bea4303ec829e561c612ac8e15de8827ce88299d83a0f4be4c5a897f,2
a7aad9afdb66cb1119ed0ff7e02c1566562df18afc6b76e7baf085c43537c8b1,2
2b2df77b798456c885f148af8391e97db1abd9b1115a7f5b77f4f7a394e404ac,2
aca95afc1dae7054840476a104a42684f96d2359696d171d2b6f7b6cd7689a05,2
720af30fe0fe27e5ee3da88e95847bbbe4e758c784802e02ea2bdc14eb6c479a,2
b1d2d3ff150c9627bd9df3406176e40e9127ccb378cceb60d9b2b71d538daa73,2
b215fac6946d31aee3fdb70f9a905e33df6a398e93c6932ee5b270a79279603c,2
5504d4dcee85bcd55d616baeef0748a0d23d794311bd19cc24ecfb7f5c74bb3d,2
4ac462fcbf876c0ca833851680c44b7cc3b32cf201a26e193a7d4e98da66abe5,2
b367b2dc9388057410c8bf1f1b7a4a4c9b39c7fd27b769d1c3db316236d3b93e,2
66a6a030ea3e8124571cf23908cabed4c8df58b4f32ae0151627f6cb9f22ad22,2
2d2b7558473e3a2b21ce527b6874e2bad184179b120e34cc182905347addde4d,2
06ebc895a30dc81c15ed9b10eadecc0d2edd730124a3bef76bb40334e689e2e2,2
7d46fe56a447b4b63b844b194ef1226bb3a477ae936332940b4ccf9dfed9b356,2
4363d6101493c85218918f8b23f9d08244e49e69eb963834ecdb2b216cc9b1a9,2
a51d0417f5c2b1022ce925d741302d1a9ef795aa139fdc7114c71c457bbda38e,2
a8ad6229f9c6dec4d4877e5e26c7bbdc8dfcf0e7ecb556b630545b9e6fa0e63f,2
a337450ddf8c4f8d433ecc1c3d11c1a344ea99a3353776ae88bd20cf0fb78768,2
36bf354955ca03d5e3eba8dfc6d91dd2f7830b94474146f8c49ccc4d7f8b5b29,2
5955e81feea713312650a2219dee7f9d00729fadcaa9608812f717571b8bc832,2
47e39b353ed2f3e9db868ef42203532b2a58a1d84035df1cbf05dafb29845384,2
c5be37b9bd9e28467ef7893607822682d5b0d11dfc3cd3cfff10e9f2fa5037dd,2
2b590b5da59d6358c98fc3227ff313fa1dcaae024cb0b3df4de5e5ae6ee15f8f,2
21676d4c260b0c81dc22937c04cd673afe24e84580aa9a59732700c9bd085596,2
33920e0060833c18ce4606f4b3d90e9832ba457fc3cfcd824b7fda18fcf6aa4a,2
7a6470ad27dd6cbec1f3d6b4ee9704b395297e2b5a8bd57c4973e8a02f461096,2
76c88cc720da54a572c85e10495b0f5c9a5e15f30f913ed7bd40fbc2ccb666fe,2
515b921dd4df6d665302598d1bc69d4ec7758fabaa4090ef3e2a49bed305fad0,2
18b39816f0b27e712d7c291f19d138ce4587e7de43e4c84f26fc4380585fdd17,2
33769ea14db10d7fc3c9f261d5a15ceaf415719ca8b76d4b31671939d37286cb,2
9cc1d57bd9e7a3610841fd967b7b203ca9d6801726b1f44b7bf39cc65c4bbfcb,2
490b3bee3402cdd854089234e5f67600e45466fbb5fb129275ff6d099a183600,2
c445bda107ff2cee2376b383eec2ccc0c538c5dae01882700644973191153129,2
2af2fe488ab6074fced524219d1e71bd05bbabb7d4d25f99a609bac2be760854,2
eba594e5ef79210a1f8d4f3a822e07379a3fc7cf9cb16c3b7b08a54b6eead10d,2
3de3bed6fe12ad7e730de5568b8a31bc07918185ae27f5a5306f5de382ed9f60,2
44a5bb12584c468e21fc5dbc1c15c9ebecb554552a56112e7fe5391b9e98662c,2
1115f59488a764e0245f169adbf3c8ab8cef473238f3881897501d95c714ea22,2
ef22b585399b77a2f7d913cc74d4f22807deb0c76855049c0ba4b8d646f98e3b,2
67a19ff03de587514c7c96916f945e5e28b5be61979c486604f83c0305cb42ad,2
97e0911f34657ef31667198ad27085edfb578bdaae7f6c8ffeb6e4a9a44687f2,2
f6ef9fe6498b3c7f8ea5df30555537893628b1b2a157e3b80dffb1fbc8df4919,2
c59abfa0c5b9532498825d17e4edfa44e178f085fb08b2f1f9079b28e2118e41,2
3b94cbe33bf856e35084059f22bff3a33299d782c726653eaf5b6b5d554669a4,2
2eadf3018e19eb260bae8e212fb9d74a2e0affd856afb5aab6374dc45f0c517a,2
c423a6a5a24643af9a5003f6d669b3d0eb5c78a309d955aaf975cece99c30c13,2
23c5d996ba525c46449ac431ba2e5fbabcbe0343a7d921d843d8e31f76d136cb,2
a814f78873de22f0105a7e0464eef3290faaeef85e75c4bc41488fe4cd6f6ecb,2
a59a7248e28c9b8fcad39f281a828be85d50453dd5fcad55f7e69587d3f33c8b,2
22b1784c8fc266b94e9d29b44f974ac256c4c17e833c60f4350ef5cf3e138958,2
dc3fcbe31fb3e1ae9a6bf3cc10c9ce6d6a8605cf2f1decc23c618872394bca6b,2
49588f731761f912f55b924f83e751aa8542c6eec2df7cbc7c8f351a888e3b6f,2
acd61bc6d276d29a1fe61bd77c91e20d00bdf06151f1e33febecf45e1c0d7f18,2
4e9d4e8472e79e74501c579602fafb00ba885d1a2a1e17157257cd09b19c59ca,2
b0fcdb64fe6c8980398f088e9b05f4e4fe4849a5c85f91e70b54e0d07769ad7f,2
f6eaac55db12a482debc0992808f5100bdbfd9689f1b3cc78e607bbe61bf242c,2
9c98346786fc5a4fdd3f57dd48a68212fcccc6a1e752885cb28a91c472342fdf,2
f5a2d5e713501be1093b3387192ae9b606973b0c09cccafa5665d749a3cef8ca,2
8f04b2bc259d082b73fed0a13b05fc025bc55042ff525155996cac3944880580,2
0fb15f2d1916fcf4bf6908b642cec34b41019f691444ba4c6f7ca8aaf2bef8be,2
3c66c92f7fbe243f584e60d3800d82fbdc9501367b16d7238de61ff0bbb059e9,2
692b5c40c0831332e8d770679501d2da2b08840afa0327cd7ce8d99993ae80a0,2
4e9c6ea50af8e3513cd46ec1fb0d965231d4adda0d19eeb6b9f574541c3c70e4,2
fda96d6988d14730ca41a555604ee30d6db2124fff8479784d698cd578ab5031,2
6ef314e990e3f9edef956dd4fda1073b5cd9982d5de3ca1527299f17f76813fd,2
818c0ba726b5cc9bec3d7559ddc49978cd61e731d42e68411255c6020bac2a60,2
edb766dc83187a707a4e6499214dfbf32cec699abdf04fd50b5cf8d6b275890c,2
d7f5852a77ac317d010458ae261c901142e40ef50168f34a538c011980f5ff47,2
4c47e8d971dac52ea65d4a5b9873f60a71dbeee18d95b9c0e100b78c43d89aeb,2
ae9e0bc280dbba16395f6d2f33d7ac036940a0c9341bbb1ff4a90f7e99b5b484,2
2ee0d738b2ab9903eccf0c4c7cb2e06b2a1c96b7c8ae5af625ae4abea4e2f045,2
8e11cd6816f8f61e0ba7155f6c2eb5fac674f510990862960315381a2048aed3,2
f79b757cd4a4e83490881927436c2ab4068f6d651289550ce9bc676db194d11a,2
2b285994b6e7d6b60d089ac414a34959b6150ca6651c83222f8cf913adc82887,2
d79595276d58d2a9e45d1cd4e015f45cac99e4ed1013f7bab3f0e5cee62e0d55,2
ea0f048ac37474edc2c26ddac73ab8a25025bca0abacba55f702859fe265c8a0,2
de42b52380c020974319e93a16c158467c2ac0ef5a34b3eb5580c0d8fc0536a4,2
5417051c47a437b98f7808987463b1cc0600bd705628c5969b962e468114a076,2
2e7e8bc4e7c32f71b807a41a215b60c9584379754673a7f3a0c98f207635f998,2
bda68947d65cf46e68d9c4f4495927f9597ef1bd237c9a6002c050ec82c76062,2
0d58fb123af691b7a6995e581f86a8bd1343ab16fa5f66df00c2add446b5049f,2
e6963aa14dcc3e8132821135f88c2ae3eb875a7f39bfcd30f926fd32cc8d2151,2
68a9152c6871ff8a7495e74934cda6387d7d149018c799fa160f2e4ca1e052af,2
7aeb739d74526609aa9762c43a6193d969aa4a35e81795f1aca0428fc6ae3141,2
120eaa707f4c2469e4f7880dc4a49f7f14cbbcd47c7a3c0e3db26aa32fa0e6d8,2
e220fc58cf028c1749e30c8576a37ff182cb76ab72102233df321a3787e8dfb0,2
6d966264262eb8ea1f88286a472e132769fc9d96ee431095169e5b1fba4b8d3e,2
a4eabb8f204c8fba230459505f1e8cb5b0140c2af73795e912f2afb7901b1225,2
bfb755bb04541594fe66fd3a46cdc2b7381f4a5e922df51335b91a5390db2bed,2
006a4cda46b9ddefdc74b1e2bd6d7e0d60551fc4b953ab6684312cb33a258efe,2
30ad0f7e394fe033b72f3d977598895e63de584a7dfa390aa8d9fc18a53dc285,2
fd2ba8be610f3e51f56d409741ff514c86fdc3554e32043ccecc139038daf36c,2
1afc04c36907fc35baf67ce8c81be8fd8dadc984785a6f17a2b50a736f23822c,2
c4f1d089c1e2e9b7f0120cea880f9987fcb7fc2b7dabb5a7ca413966e3c60d33,2
bb6b9ce0fecab8299f01571b7c4f2c2ddced8731b7838704da1a6ad98d1830ca,2
7171f2adf5e75ab5ac2343e1daf6d6a85c2328017484dd3e5f3a0c643783ddae,2
e16b6d76a0ef716b407bd9f34a9583268485c570968a87e8dc78de31f297b2f8,2
dac8097723467e2673d2018346a3491c470539d85321d451a949c5cff94ad44d,2
de6de6b124e8f6fa9fd2a23c5860be670a4309b365b1cc776fa76e103832227f,2
a5bc398d9839ddb1b51d14626e89c284d0d4bccd04b284c0b9bf7511c86ff819,2
ec9c6f102062270d0474a9236ebc9859a9357677e7eff27e4e2aa09ce4b8cd12,2
678e5782609b6bf0142eb76c561ed3fb4b84dbb10bf3f0e52e1ce2d581fc26fa,2
9d51bb4f1655fa05238af90680ae91adfd394325dde636eb2d4d24d49f010a10,2
226e2fc673da804d1df990ab06d3c1de52c944c600147ae5547d3593432f1c7d,2
19f2024750c818080893e9ba66ad8ffe1dc81ad1e116a1b80ec273a8bcc67f66,2
38f366378dc46a500867e0802aeb8ce022826bf3a9dabc22e525d91df6cb9cf1,2
82252ae37315fbf208123a9fcc4ae05587e6e608b38e4e23ee413bdb38b224f9,2
b46281526dd2bf5cb25b9ac59ee341805e09edbefa24acc462260c0de0f7675c,2
e509057528904464b936aa5cbb00aeabc36c4bc6a8f482683fd0f16c43aa986f,2
db3d17fa6b90f82d1b5c95e7b0fdfec4bfba36e12a13e130be13811c0320c564,2
04df2272dc7199ccbb087cc4d0d0884a1646ce2af30f2c7d38ba50c9a6e4a03e,2
c60c62bfa56fb59e13479816dbf69b2b9cc5bcea48c6d761f445d2bfb8cf934d,2
33e20fdd0006eaa3342c49ac560b99afb2bc65dd8bae4721b0b537f3b4eac869,2
4ac3287d3f99a0da82988875cd755eb2f6bc1048c0d719e5f75ccb1a36e38fd7,2
7c1987db384950939335baae1b4358f61b8d6a6f06cd10875ff35c11a9d73131,2
dbb4fc04b2cd4232ec7b3520e570f7b42ea71bc9bce23323178cfc794add04c6,2
cf86af8541047c33e000301f432411c0775991e91fc01b793f1935a242464554,2
4cd8c75fcf3f9842dc83125c5c40c50e86f20cc0f9b29fa73570869457300dbf,2
db3ef1880af177ae905e9e82188a69d7b279d5915236ca448dbfe87776389ad1,2
60b2dc48a9d56ea93559c747f22d8683dc24ce312411da685d9caaff7c1d6e35,2
bd64d9115f1969c9958ab8ca75400147fafc33d1ec49c0f47303eba350977fc4,2
1769328eb3ac5065f4cb302278079cb1ae5da8f427ac5b62d683dd3b0a1fdf86,2
3b451c2cb342cc58e1884d3dccf231cbcda57db3af1a5dcb3b5e190a0294822f,2
44200128d2f56672057d2d2d28338c5d8f9cfb80867e35e3e5d9df2ab3d88b81,2
ebf1cbe20b95dac2f0025a87d04d810e2f16645529dd87d8f317b44e118a48ec,2
65c837dbb5cd6ef9ed2e8d560999e0e55aff60a3a81247f69c2c3f7e5a240662,2
7ba6198e80640c60a3a61ed4afe5b18f0cebc71928c39c314780f879a540d0a5,2
355be556c5b7d1802abf54f56cd34e1544aba47104261c93ccd4d3df4418377d,2
0267e4df20afdf189e9ba2810fd16766fe0a466f8d41ecc310f360c23d8e70cd,2
bb6c72440f03f410204f52716064ee54df850522827ae27895d99500d33a774b,2
b958fa2e5257b4e2fc7cd3282376eedc9b71fcc78cff1f3ae8c7f9dd331b92c6,2
12b2363fdf46292a61f70cdc26658876f8a976b98b8c5a5024b40724c13e8290,2
629e69cba8b29d2d22b8362dc9e115e554d817d3f76c0f0f2a239c6f75123d17,2
d8e9dd97fa3d4504dd8ba6686336ddb7bc6cdc849683850a66f5754e82926804,2
e76d11e86681bb5ef7544b1c26469ddd3c222d34d003ba67bbf6591c6ff6b4f6,2
3d35d08b28faf6fa64680f5c7ad309c4581bf20fb7dddfa1dbc749f55eeb41c0,2
8923564ee41f34960881b357ee69bd899f49135ca24d70fafca9e812697dad1e,2
275d910a4cded5eb3e9fa5cdff7eafca55250f3537750ec6d5eaf17dd697672b,2
4f53212587a0d7e3da85fcdb4a05b0768cc8bb6edf3fa9f9aaf7740762883a1f,2
5a197f8cb35eb6aa7523ac54e2fe94ba6c6c6f42300bd006b8d4fc8f6e33bbf4,2
c7359ee09fadcfa381802d5567fde580b2dd7c63528af2394261524afd920100,2
307376c898b5083aa7bc79dfe123a3078d0bdc88ddbae94f59b9fdf1179f7970,2
8c3d5b39b0fe23b406d8adc397c78c2e980968302704266e24f02523216cf5b8,2
605a5a99e9fa0d452c65f2bb4f3ee5c8bf6a0224727e729c2005099fc6826cb6,2
0ecd425629b06996b582633a23df0eff72761e3c16b607b5f1412d4cb6e15e59,2
00583e0ca837ce3d38c318875f6378ff9b8e7f5be0cc911a6af107e35a127552,2
cfde0a10bf9062684253320433dc0559683596643c5a43d5f85b7c0bfb55b63b,2
5237bdbaad66812fcfd1da97cca2ee6cfbc5f2ad0472da6010becb2544579ddf,2
e1faaa6b013e11deb7b6edf556187bcb3e544f16810897ce236977073dd5c026,2
0eea428bb00b6c9899df90a4fd60051451c070dbbcc75c7a591da4f0826bab0c,2
0ae404bafb9406b3766ed8543cc2725a3548f3c8a4eb8399d2429e92074a6f64,2
3165f72d88cac0a2defbf58dad1bcffd2b3775eccd4b6c79c50d4ef9e4c4c1f1,2
ab44041126b18e82712005cadb2011544056e36ed24fbd13b58afd1daf15f255,2
d10c9629f1ad29c1c8a6965604a3b38ccd92cf00df8d518dbade848360a0aa5d,2
492595e4b7b70fd7a2799d39a082a84e38c8e03acd4d8e55ac7fbddbb561ef77,2
f54bbb084b5a658ab3a8c57f9670bce841811f9cc336ec394f9409b783446004,2
07b4a747fd5d609b1f713d36f7aff191dfd145a4d1d7cc4c591cbd54b3066a0f,2
a41785edaf9d2d5442de4042602a98b3e5103fc20c173fba9acc05e51908bb71,2
cb2adccb68c22ef1a323e08f888733c55eabe97108d4748c069ae63e9bfc0666,2
3aed56fa72bfe8c803418e8f37b8d3dd4207601c3344bd44721833e53557e201,2
6dc4e833f5a60fbae0485d559ccc67aee9ae2b7a03c5245761b7252caed5fd37,2
ff5c21d131ee99f228550b9abae2738cc67da0c7aa45d043a5020b67ffa650ad,2
0cd83089a75c32d931de9463d55379a10ec4a31c5181c95811ca2390feaa2a94,2
43403dae6ec92adc008a1e74575eb1cc3b25ba77a9107cbb2ec6b5edb8bf5809,2
125b96c04f479c81ab8b4b802d80a358f4b6e210830c76f22c3b02f4bdb5b318,2
24719d5d1cd89e6d274e4fff369e5d38997e77738916811cd443c19f957a60e3,2
40476e70631d705d41af8ba1bf3b57116ab23615bdd2cb5d24335ec2b8885d59,2
119ffe06e74b6d9503cb25ec75c0d1d94f38024dbbf2ebc6133f38176ee6574a,2
53af3214ac42ad1e3e3683e00855b785f3c9582a66cacdb38d07431942a439bb,2
3145eaa014190331801ea1655d1fd3b4f8fa867f6caf30918fe3e85f62958a91,2
57a7db2cbba62bb74af2a7965a10689dc775a4cda48945ec011da22254002df1,2
aa0abce4236488b5cf52c13a31ba9eabf019164d7e93bcb992e44405a818d903,2
209421788de50269aba6cf8879e8af67a7a8c47f9b59be6c62f623767779853f,2
8f4cd040ac6cd3bbe7cf3a45f661250ba83fadc33f529c06fda533c088701db2,2
31f5594c45ebd8911b69b5234b06641abffed868e25a8433d2263854977f7210,2
3b915d14a51672454938b74c3c8f0767cd101a41c58f0b9388c3a6ec15c1277f,2
7db81a186ce053e9ddd15789249d2410155e6efe95f493ebe9056539e7f7dabf,2
ff16b3cdedf675549e84a26510c0d336fcc8a63016eb9c10b0d73943f67d2364,2
87a2370fe44ac5b6b47785080c21d9cb8253188942a0f79023e2ae1b8c2224b2,2
0425f2e4f466d58b777042395698acf8cc7ea9d21f9fdf691d199dfcedd1f696,2
a4cdb4b45fed051e0fa8259420745319bbff053273cc492a5276d1f6228f0c9c,2
756e361667db0d82156228a5177215e2ea33b320b34a1ac6b9bf216dc2dbe96b,2
0970685ca7b0baad4cd62175a3ebf795b78b8382a57883e9e50356b81bc45289,2
28e3daeecfdeab75ec536b350828585148c3850427a69f5ce851a2e18ff9a6d4,2
22aad0e1fa7bf4740f647648d00c0446963d113cc26fa149a1db8c970c34839e,2
4e66f71d6d924b29d1669ce47b2d04dfe85c097dd0ef00286eee345de0cd3ea7,2
a1cb0cd51f7de8e1587d4e817bd69b63d7af7771f4d4b4a94cdfcb680f8c0859,2
c93dc6b4b7800bdb7aa9f2a9421ef4d6d9ef4bc77950507ff0aabff890d36e49,2
027b1c315f5a0c7b4ee598e65cb15100536be3c0de09cacd938c38b30fb07701,2
1f6170af380e1ead1a2263b138081c160f319882fd47c40fe0129d74375496ea,2
176eb8b7dfb4632aa76d73785565bfc20a10ca9acf78c1a3de7f1364cb31fcd5,2
c45da7c95dac4411322379a767bed25366ae6e3e43bc7fb7d0b8927f652f2852,2
9154b07e13fa0b72eec60889481599fb8b1d782fc09c1e44d58069f1d5a711d1,2
a53d9d83aaae4649137756a70e82627c5f8aa4c42cd4fc91e81c5b161861c788,2
b4de2c4bdb6f249042433cc2e2960e7bbdcdc99ad5837959c3f51c533cb504de,2
47268392d810ecf00f165f9bd544ec85b9ce3586979bb7f222daa2244d8507f5,2
f8e14e27d21efd42837060539036b693d34b65a22106424ebdc9825c7dd36160,2
4fcdc704c2470f6bd7e405b4542e34bd1964c1e9b1961d1c502d808ba00d7b07,2
fe1b9dd35c7d06f97c48dea9097d460daf9836269949e59c5d1f7f8c8964e7f8,2
cc1f1ef3fc4a417d41d90ab44e53d1295969c4413a1f9945029577106802a20e,2
f2c3b1114a0e854c73572391db0a4417f115f845a2e7a875c9451df8d2cd9223,2
36e8f1a1f3dd76d4e787076f76a9e14c07aa0e4aeab4003e1a7d4d26dc801a06,2
10b56d74436e3147d6cbd116b8557ef1d69e1624daf3d6a8ea07cc0d1c1258b8,2
f5e9df7bcf030a209bfab21aa8c32f17f22a804152480d48463b4f84bb932c63,2
3792421401fcba031671b64d76b8382231bc8a70a7b50fca975c77e9133c3d4c,2
ba2bb69d04ea72b635dca531e72f57f6dc0a329a1a3855159c278be2463a0495,2
fdd6a82f8395f005ae1134a65cdc9a564ba705ec32f72f688426965802adc328,2
8b2810b1612f24fd47aea7d7ce068e217e006cd51ac3c81271c1ad082f4a8d69,2
1adc17d7d8fda3e52ea5c7c07fdf74923296b78285404722d8f4e42add4a4b8f,2
5b8573e61cbb443e8fe0b7618ce1ae3f3926c3cbbc9e5ada5a21c1ce93098e37,2
279d2ec5d1a23212ab5d4a953472c3118c751310e16fb47edd482fbab843fd24,2
2d19d6428b4e7777512088c3fa3d850f044b1504da5c78998b82ef1f0fdfcda4,2
7621bd232c420216ed536adf5044f47b5a76860660ade196f5a1a95a539f83f2,2
2c73611ced12755101ebedca7a88ee784e3fedc7fe8d822ea55452c0021110ca,2
717bdcc7d7d89b9fecbbe1a95aebcaee442d1d62700fadeff6d8de5b71309778,2
f61b6f62202d41ff735dd91b4b35a7f8f676de73031ccbbf1107ccce48022464,2
b31d68b028356b483168cc72b515de74ac53f596a6e906ac1f8c912c0421d5c9,2
aa9f20a70bc119dfc6da78d16eddc93118f952fc7837e57480164274574a2721,2
c27c00b68395a4010cfd00afcf2e950e393abfe78a766197950122a5445a69d1,2
269e7588820bbac937a9cb184da4ef7c163861bb6cf1b8fc4c27c9d85b66615e,2
8f0bfe64b95981d871d73e0bd3af6799c7c1c0ef282a49ae457cf8a761d0a496,2
e8c594c6549b6b43d2c523f7ce23db98ca305a3be4e1d51274fb9d48adbff545,2
cc13b3217b84bd5fb893cd37fcca738df5334fcd916213cf3c8941eeaf814d32,2
ebbc7287971c9366b3769db1a62a9086a077fc38a5dee3635af3928eaff26144,2
b7e58cee35621f8d195e7e3866a6cf19578e1146b6fad4eab4ec885619829e47,2
d16c7a670abe7487616e72d309c217f4f7168d52ae7cfc51a2af86cd16411b4e,2
7e1f3d8d888631c539952e025a7e020541cfc1e948a83283b49f631814034659,2
cf484c7a618a5581872625756f671671a878ffa6fbb0d48d4e15be4892fc7b21,2
e9698bc27afa1a43d2ce684cee1fb4ad6f72684b1011cf56114c842897c8075d,2
6115cbf5997fbe8d0b058b1a1ba8567c8e5743bb7f014e8269f0f633cb35996a,2
ff9f097a31fc88a4026d906b4db6b2cae24c8dfaeb4468d261712e39b4f3aab4,2
f26ee58cdf4a5bcbb3e7123df06967f843651c3bf22fd79f3be4b75b8c9645db,2
e9de40873621e760fb8902dc5cf821fc5af85a4ff19d31edc8debbfb51993c47,2
5da1a4764853df608a678001a9946ce962f535be59b3b91070d2aa48fc76f76c,2
bc9822b7b6bc7ae11ad7ffd2b9f1d63d435aa5d54f59f50200bf6cdb5dfdeac2,2
0f7b0777afd2b617d523187147cb7542b7cb0dc8f2f3dbf0e8f325558a922fad,2
761e55d8536c64fab8c6374f78ff7953af2199cdf5c411b58e65c5dd58bd24b7,2
b22991f429007a294364fdf0b954019c8368e8eac53da4d7eca9acb011a6db34,2
f2a7d09ceba2de701fca03f0704394c2b14f1d50707cb5bc9d905655bf1264a8,2
3a931f802dea3a255ea94c138987a96c37e64539cba36e9264633477a68b3db0,2
569e6af723694a078f2ab8ef2bfb843435f3aed5adea6267574155f87e802cab,2
a116c51cdd29e9445da40843669597de96c88bee3974034c9b36a585c34a5799,2
2f8ba004ce2b2dcc07958bf6cb456acabb2e97b02b9e760dddd998ad32a0ea22,2
06138cbb8df57d5f30aaf252401428dfe8b9e5a42f3fde5aaa2656565164e8be,2
3759aee8bc1910cd76955631fa842053e27b03d2a933e01874b1d7487a478bff,2
23cda547b9c2d89f2996fd924f5e824bcb8825367ebf37e57ea2bb29a1649a60,2
029c66f74679840f5f789b2d79d930016dc091fafeee8659b68b0fa9913657db,2
fb58a95753bcec36a2384cc4712ce1587f5d5106a5dfa390c458c7b327d7e0f8,2
4616e09748f7e3456418e67712983f34b93e445ee15dbf795bce767039466c18,2
bab46062acc338b3fdb6f8efcf4bf344a7562c38c053027b6d6b23f4fa9e439e,2
3f655d56e8d221f14423b2ffe6ed83413be7556d823f0378bdc4f6f65d72e56e,2
c125123b8b9c96b90ed05113e1c69e6c83bed70520b814355d5781c49376bbf0,2
26b59f1251af64133e0edd6a0273eb0621327271eb292bb6387cde190d2f2f07,2
cffa0386fbfec7b1f3a2a6c903f0e1e9a7586312219602e58b97364554f8bc86,2
b2e36946c2908f4acd62f78d6ef1aa13fe0b6d3ae690ecc3e5af62d2028a94da,2
9b0904bc0a5e4cbe89ca694ff318964b52ad9debf09297b646861a96f8bb7cd2,2
90525c7f7d427d6bb82db686261dbd4f316ce7acf9e082bd9eadb850f7e3959a,2
a4d6b557e8c7aafaa94ac7797a0503837a521ca268d5bf56e36bf0b66a591230,2
9c787082e5ce2e939da95030f1e31dd1371a20cae3c88cda6a2a989de020e6b2,2
451b748bf147f73d06c7ded7eb8815b8099ee992f5b2c76897721b1a53f57689,2
1bf903eaca0de96930f435f197bfab9366c51333b29fcae723828cd83dc1e34d,2
8d91d1465d154dc14587f5be5f465664cabb25717264605d348f501bf6b961c2,2
0cccdc269478f76e47f66f6ef5a29f5c9080f3499a954588cc5c397d0fc7eafc,2
47b6be10b95e6c412cd225b630aa0261a11e9db408f506463291d2f495370dde,2
46668f13e6977a294381a22e07ff26066baa7e8967d00c51e205c95d4a71105a,2
db9ea82b456228886d8b4b2b75f742b169ebffba4f9069d9018cb9229bd1ddb0,2
28a98b2af64fae14ba825ba4f89fbe2b7893584ae515b1e6c61f3c07ff280af3,2
20a37543b46f24bde2f3023707a1fe2683d809ce9403bd1644cbba7a144cd5c7,2
af30a62f361e55cbe2e7096815110879e2320862fe797611a75a8277989ffdd6,2
cccf86493dc0015552294af58f596faf204481ff8aabb4339fdc0f1cc65f979e,2
eb2a1fac8f98ad963719d5bbadcfaeeace88f9d95feb0e9998a56277e688aa17,2
217ad36cbe9eaf8d4ec102760c68667d810d7e10b9f893b5b1ff3e28b2e89ea6,2
7d502de8d61c00093cb63a626be3e4d971ba52f8d90a6456a383c2a9200742ef,2
0ed7cfedafac24fb650692ba841346e03a8a4919153f8e671a192746071f4b25,2
29559a9a94d3ddc536f03cc5024efa05305961cf67ac239584a534940980e0ce,2
ab80e41ec807232148546ceccb346b5428bf1590b1070cb91d9ec5360373a267,2
ae38375aadf6b48b7cb2029377d3b582decf0ed7ff20bcefb14c0035948de9ef,2
e14c6ae96be5c45cb13c1b69df43ef576732dcef86259dbc7fcbf05fdb6d22c8,2
4283a5c129b1f68a70ee778f23126121108437cdad1040e15009c26f23721e72,2
5063512b831dbe5b66df2f13f672154aff7ddb4f07dbd018992cadfead79d01f,2
a7400c02658025a0ed74620887c0a7af2e7d93f51ca823ad12201b44034a4b03,2
f78a4ff211fa8f966694f56357c13807dc2415981bbdb26788d0635576a743a0,2
b2d7b0e5a49c70e2d71e48bc6019fe53ae752a4e7ef7c07e0b94460ac80d1302,2
3cc96342ecd719874caf9c473e3761d13e360d643b31233c572d782b2491dd6d,2
db2c41dd946b3c2255d3c8691c5a2f5c63d92870d3d9ff785889155c725c43b6,2
409f0ede54f74c4a27624ba6d62769ae646a6bd00561ca44ffb355c80c978c4f,2
3c5e89c3993e2ff2f927ae10c9faf7f07b03e407fd1ed621a92b243630ee2d70,2
ada685e639925a5e1db417eac4910e0093ba1a098a7d99e9fe83d407176f3dfb,2
5038b831b132d10c844776547e34c32411beb8633f5af29b6ff10a78a8999f9b,2
072a0b4ed507c05050662c5b27ad9375078a68e6d825b1d0d21458a521591776,2
30e4b596fad7d2ea81815269f678bc345c8f41cad23e23676ef3314e6a342770,2
5774e4deb387bdca538bc901e76b5ff39dee7e24ba50aa3959f7ad3c5acca388,2
8ee5618aead7d914676ec083d89ba594e21621a308993015392ca00302657823,2
ad25315477e924dedcda79fe3c6942fc08d6c18b9b0c12cc7a38281ed29a214e,2
791c529973cc1884fdd9bd03935207ace73495f11b3ff77fe461c1c093c52542,2
5c80170dd4880553fe5f50d0ce3739c79af25a85bb8fe00cf9c624fc07ab8a30,2
ca16b86dd0ace3b8cd733f2d62f70f7a7a6bf351ea9f433174f8db1f363d7a42,2
ba2acf3d74d959c07c9b71581e232b2928ed94993255cc74ec22616c03d456e0,2
156837619c9df40f38f40f816e4dacac3a1c9247aa94e1691ca2257074d36983,2
618c188b1fe70a5e1069bdd05cedce0b7992dbe02751077b412d607bc0fa5fe9,2
d2c918e23e4be12562f4b84812d973570dc5553026df387ea78e1de1335bce22,2
80e9895c62fa7e7ce5518b8832385120a41ebefcd813553683b5eadf8d74a6db,2
d0b0e80f72860f7ce6f45315fb278f94b68ba8c6b86ddf95d1593ecf1656214c,2
b3309a709bf522cca62e3419c5f994e76f1243b21415c5ce6236c5a2bbe585e8,2
8ba769c32177a8f7be539293fd20fd72cc49cbda2f37402a237e68673b425d7c,2
244992d6be7df94aa8d8ac64f5c2c8c5fe3cd0034859829ce995d946c9906027,2
c1c75bb2d7d032e06b5a7570993ae48cc1ad3087d755f715b096e9d4f65d0e08,2
5dbc5edccc21e5f294a861dcd88fb2e8d61844b5cbe20696fcffb741c542d1de,2
400208a355ea244aa06e0d170937be51ee3f2e4031500373100377e43790ebbd,2
7d834d95e2730618d7a274af09981c0cd261dbab39d02a9accc22c68a1a457b9,2
5cf3fbd667bcafac9330788f26ab9db5c606c8c8b5911ec7a20047f5192ef9cc,2
1e7431c76583420f1a8901f8a3ab990d84f4d532a1f8f763021df536e7bb9023,2
9eceaf2dd960cc74390de31af8b3e4776fcf4f8fdff36454e17ddb67b95b67d6,2
63ed7447df641f0397a0535d0b79c88591f9ce524843d688f2954e3a2483021f,2
6d017d69561421130497b9892bbb708439e15cb6847c0ac037ac7e1b221dd751,2
acabbd28b134b3c44fcaa8b7bcf8a44d34254831386aa05db9b17ffe42e8d881,2
cc8cc076d847e1d245ec903e2051910e69b6979297b5da9333a7d7916cec41ea,2
f40f1af0b79b09f86d24d14e774821fcc5a4bca47d5a5a767b30b3d931db1854,2
99d8bbe4f88050036e480cf840bf453f01ccd6fb703bd5a5e21dcb69afa69c40,2
e3a64098e541c7d2298a61ea9e36893d33aafa4a0f8267c4dc5636acb72b8c3f,2
40fb18b8b313aaef763aa25e2db712fa686404176f41b234fb8d0c78abd480ed,2
23e7342b329cc8974fb94e4d54cf1a0178f02f888eeedf2619cb75c9bafff8c8,2
1602092ef81ceff6ec78d7a40263838f7cfcc17dcd0dfbdf4de52b6a26c1f2ab,2
b29418e67e280c9fc26078b665a85ad5131778e03e371fbec6511e515174cf42,2
56610c5c86bf321575cc71e587de4b6c041434c9d789c2ac59f6317a74b64741,2
0721b95bdeac02410a48a596f8f9572ce89fc855cb808ecab6a405f4dc49268b,2
53ffebf19677a1461c7a0ab8508529348fa023fca869e6aaf6cf93445debc953,2
b0fa8790b74cd07d71a3c11a5ca30e7d0ab62bf6ae6397c1085374c205171b78,2
e0f8f253fd649edfd6f2afc4e990d1d779321a306c3cb72c3388d47a031e2870,2
4c989fd72e44522f4619ca3bcbcf3fe15970bf3b845a6c1ac8e4e758514e321c,2
0515d6361fbbff9fb9c527f4ed29b666b481430bbe15faba8bd5b8b0afb6ecc6,2
5d0d5a4e0fd469a162883e8411964f6f21cedd5de3064c3c73cd066fe5aca470,2
48d3eea668145b91ddf0c62bd5b4e6589f3598b3dc2648943c1fe72b2b07ba0f,2
5dfe73ffc48c07547b122a55ec4563387b968660244d8e2ba5213500fc94d51c,2
ba278952abecd40d5601510b3481778133b9ed99c70335f74b596c57321ee90f,2
19699fdadd83e9f081dde0635a43b04498788b8cf9536b1272bc4bbc02a1ea96,2
824b19fcd27b0e6a883e59b843261c0316ac0521853edbb2d37f2b70856de83c,2
a715ffe750437f21076a3a4f9919ed43a059030c2b40b4c655184fcf0b50cbd0,2
18b1ea837ee70841002dd432f8cf94897984dfbfb27ed02d639dc6c1a296e012,2
845ea899ce4f901b206f99324c9dbcd0719a56e5c6d0bdf7a3665e538d71e1d7,2
95203ca76dd2056f4801663250e6b75e2250cd7a8790f9d6a4d4f38691614a0b,2
aec6ac02af378e151393a8aa851248a953d003ef12d2c749c25acc1d1b7e9fe0,2
90933d356343e12047eda746f500a9f85432cadb452960fa68b44a29692e8fd4,2
304f2c8635c299e0f96358fabad7a457f788e296fbdaa84a21150c9dd330a975,2
671a6fe77310e456aa58449b4ba3e51ec6e08bb582d6e93b7ab361aae79a6c69,2
37d5eff1272d867a8a06e81f638ebc59e8abf4639b265f42a36a5462dcca6e60,2
12f1ec06f4f0f618b325d8105178cfe7bb61fe78ad88b2b222551fa71d5fa7eb,2
9dd711151b1e161f80c521adf2e8d49db61877ccc09ea94e55b10de0102515e9,2
346a7aa8ae765caaa469704bf672078bc42b71b434c66ade95e7e269faa8c452,2
37caccf97b3f10dffceb28872154009233ca59b6b593e16f21e8bcb313905190,2
5eb3100c668d6f8e748a6dc243cbe104b10f17f8505438f904430c4241f848ed,2
5a93be7f5e4388493e27a6d4e7ea52ded872fcd835eef657d92ea3f5f04d1f19,2
5ca0726644354d4167d620458fa0fd1a42469c491b121c808f488e2b28c26ea2,2
932038101d58d39c5248d84122378d080713740f46adbe8f29cc70e24c2ed731,2
9585800d6eb03215b7d35ef060b35f4d74a7bc2358af27aa076623531d6497ab,2
f8d016f332ac9b3f1a6bfc019aeef7a1c255bb6a1a9cd1d3732c7e00011ccc4c,2
917781c77214680d4d3284a59c6bea724789bd40f3b3db6378883f0ff26ab47a,2
833f630b5c81ba28b4e874c7af1d4c9d338fc6b4dca52e8da2e99b918de98a98,2
e3118e0aae5464736e0b924d316bc2647efa0737cc91d7024a91dc04adc8efa4,2
a552ecf793f21c5ffb67a1c9b7f40f5081d0243f61f40cc8a4af945be94278f3,2
2683352460dee6757813a87f6e89444146a7a1e684347856a3ea7fce3a84c988,2
b7560f76ae3eb650dd71d6ed74eb2c2fc72f02a45d06c6b64e79978914cd834d,2
c01b96cdb9cbbf64de94393720090bf79b1eb6bd38f3805a8fcb3a2d307ba340,2
437921c21757074a4963d5c2d0adcfa072b00affef7012fb67cb3635f21ddb31,2
52fb9e79c05c1dde106ec5a915eda96e15c46fb76a4148a1bdfdeb50ed37dffe,2
3160818f7ea412222b2dc4832cefe03bc3d15432ac5a6d26529305ca98f6cf5a,2
cec03ce2caa406d1d2afe7f8292a313b0329a6474decc67c148d8939c55687ba,2
9074dd5b85f414e9503873bd7fb1c5dbef974c22f42ed6a4c1db166896ef44c4,2
e05b7e5bdc9c4d079ebac6f3314e5233e5ed7f9c1f88841cdb1993fe42929e11,2
49fe5d60ed99a8fee033cfb5c4af0b5ac396ad349efcc117c53863177faeeae4,2
78c01d230afc8e3ce48fe884590a0ac36c5de3731642c84b11bd402285421672,2
35efb586906874c5431262e3754f6a86211fed68e8ef18c90b76695a18ef17d0,2
3f3406c62eab711ebaff53ae3d6dccc6510d264dd3ddb41898978600239817c4,2
54e01a05d643321fa4c4b260c1a502dc0e2f267487925ba7189ac0406f3d9992,2
7a9a567cc245eb88a4ef15adfe1f0299d96ee4c8ff5c605bd7ced7a393b565b8,2
5e453e2a6766c0199e0d1e2063f02c970b34472066e5676a151cf01c7a45ad66,2
291bd400cfb4b4e30cf124ab128f7bc086326622226f9694358a779f04f974a4,2
9158184dc2b48244d0e1b597fbe7ce1747418ae5123d0fb70a2c8cc573533921,2
2bf2a250c8b35a9d735d1cdd14204fb856ac5a611061dd0b37a7d69703baef8b,2
d92072f58adf1823a29d096ba49e13234b8ecacf657bc5f21f44041c31d5c9c9,2
fb4d87806e7df8b6afdcad34b6b2a048908e0b6298ca2709b3e19e0afa60ca54,2
7cf1c0834559149d38fe941758fc5adc859ec163a9a2d4f65187a018694043c3,2
b95284d5f2d44e54a737d3041e362d325226a4daffe79d24b5f002a0a62d3167,2
ad181d89d767768a65d83eb5d8abf7f9e198e06b23c33374b18f625bd7c4f24e,2
19b872be9eb1dd95daeb3f1143954200c5c2e74c7c3f54e91df78786d168a25e,2
701c01c96dba63bbccc5b06dc5eba72fd9c844ebe16afdc7492a46e9546aaa51,2
d51edb4645437a1e3b694d720f37b8856bf514bd705b017a08b2a656a33b8bec,2
44a8d37362a0a2a1c903b66b4de04aa56e08f5a094ac9869a170b9b3a7dfa78e,2
e682b723a4837eeafd5e64da71c994cb7b9365a4169d41dbbf9c0674f52d2cde,2
64745745cd04eaaea8e2a80f71985815903477daa664b990a52140d2d7c9009d,2
90d05338384534b06a26f795237772d3e91cbded66b4a9ca3017575910abbcf1,2
0f3fe1aa1fd155e363775ebcdc0fcee7ffca9a905bf78d2797a81c25f1b0cf53,2
abc445ccb7222d5c9e9a765e987f05a0c16aeedd8209901718c363cd3d0e841a,2
72be9a9418a84300f43fbad6539114880d28ac1933045368694e21c4e4d0cb5e,2
ef5799d79cdd62ea8f8b4a779322bc466bc99a5d001f48bf5ae95112b3cd804f,2
dcf281cbd01ecaa457d71f704d7c1954f5e256914451c896e60ee80e25db23a9,2
2b0854bdc4251210fa53f853a6e0a108c3630478b0c7f0dda78a941b10af1d5d,2
c48fd2415bf2bbd6c6fb9397235a911d531ee31dfa94beede4972bcf82139f4a,2
86703b2034c4f30d2f262287960429f2891df2ac50049c407aa7c355f4451e3b,2
ddf263f628f0b9844ed418f8f73b397ddd2c00245271abdc2bbe31c37f574071,2
5fbfbc6136df2fed4cc99ff97c122fc75f16e0f7e21f8be74a0a268dfa6225d7,2
3fceba12d2c5ee31d0bac787954d7394fa7f9d93e7b2cfebd02fc87181e985b7,2
4e86a7cf3c59d176619c3626a6a0552dec3ed5cdbc419737bd712cb6bfbeb334,2
bec0cf87477302e3c73b92679e6a69d212819ec67dd3d38e3fe681999e4527f8,2
952da14d52c77b1dc770bbed0d9b74caf20915035621ad5d563fb54dc91862d5,2
3a6c6645bec054508cca41f7ac6ce266c5df249ae1de268b7c36f58134c1021a,2
b1ec3675665b3414e26fbdf26770744e566727be668dea07322ad1a6b2f72c03,2
debea0e7cd4922deeffb81a9eb267e696581e385d04535bb9f543832047ba929,2
2d35457e90b72bf16b32c9b346640df57246bef1c39b49f119fcfd0b6df00975,2
1323f2b33befa2849dac8b04de666ce2c8a116110c896c346e91a78dcc520a22,2
25fbc157f52fd5e428a374f060febb3fd5ef595fa854e25207a5f4bb4444025d,2
6a81935f1c7883c47308fd0dd931e9a9f743cacf7373d5fd91728cbad95f0036,2
18081d04a14e216d6e8744cd16857be243924167ca01d11bedf9ab5650018da5,2
ed3f83335cf6238ac31beb426290aebc5f3f7ae1266cbb6c55f6d278b7c29b6e,2
e27f5541d8f934dcc053c9933dea2fa7c16e2affaab46c277add9f0134966b78,2
8a1320a06e511f9496f5c311e0a79b444dc0d8e430def5eb460b77a9a092b325,2
85d51ab85c603f8a2f03d5c84adc21c59d698750beced09820d95b345b71257c,2
c70a80c9f191f2343d4f8f42c6fa4875878c5c162a69af83fab5c097fd3ff57c,2
721840f72a8e8f8371093485f78c6cc834d573f6811a92efa66a9d3c80a2ef07,2
17293a68dfa44ea5d29e11c1ee462cdb5a7e45030f818a62546bfa41d55b2e92,2
c20eb81e4220c4e5d7c15685b098f3477aaf503f8c90fbad5ee793fc27a84a4e,2
fb0df93c92bfc3dd4a7d2c5e8026d0e4827237f930188653f994616061647bd1,2
66e640d5e21f34f8e498adc901d3e21751458d8a6d3bb2b982f0dbd0140d8228,2
70e0bcaf568723e408123772afe1b37c4042b46f4dce46dea4f54838f7930027,2
94a6a65e29d9f500f3af35536564937b8605ca890fed2e29dc2e00171cd5b147,2
f52e0e53bfed9f5ff56112b90197a42056385cd7b70aa90876a99ff7b2cac313,2
a782bc7bfe48af807080e19819cc0bca89643e8ecdbe84a99e2025833d44d11a,2
065c6c66465ccc66d71eee64eb874a8d22b9eb47b3723fc65061e4183bf4f419,2
cdbd5249e1caa4fd1a5498763b1f84409b495aae8eacfbaa256defea115bfb67,2
80dd691e922339db41e98d5de81cba09ba499479612b74234d9e2693cc2b20a5,2
2a10fb846e6a440fe733ff868ebe3a83de655fa5e0841547bd02b0a100594403,2
e2cd1e2d6bd2de83eb67c33491b27ddb811c12221129df4d04ce4c9b053dac29,2
ac7697670338a4e76f144b4958298c8aaef891ebc5e4cf2c2604130bc6f564c9,2
aa990df86b3bbccf888e3bf515ca32c50759767c56cc612e159c54bf2ef6c726,2
0eb13f09925afb7193e9a21171105875c12583cd9a2780b50423f9ff6e5e95b5,2
208157ff7c5e63e7e777498e846dfc5e76cc00dccd2783e6b34b6ef297bfe8dc,2
4066bf2114619b708640444e3fb00d720c4145c56117e565b12f5654da1faa90,2
4a73587eb4d3ac3d0f94dd0389c90972f3e5df75738e4f86a9969052cdb56f14,2
aa2b70bbf8dbba2645212babc9716e2ecb2fde87718cc20c75056ca7752ce50a,2
d9c7ea52a3d33a955445863e2e5f762be9dd99af98b184fe0a549064f292c408,2
32c0b0f37ef3cad80cea07bad3e0f1763b24d3094a5ad2fe1217c8af0e89d13b,2
fd3ae4318f0a98416d63c01eac83cbca03e8426d5245375a6f03625d0bd76790,2
1e59694af99a20d626792795a3e7ba01af7160f52bb6b1a564a6703de90f7524,2
ed3058d31a251b3974d979cb9f1f38c60f4a035439e65e0efbf1263f7a7e1d4b,2
1a11a598bf1ecda8230993f23ec52f1f3d228df9a2aeb34b643fc03020438e5b,2
0fe8dc7ad1f059f64e93dc5da59c3e4907da6961f7cedbc06d3602874667fdb0,2
4076b0fc4b65b6c027e7d19de7150d5d6b938b382c1b69392a3227b91a9fd247,2
9b034de6689f443376c2f0c4f3822c855aabf03c36196e344274e544174b8e1c,2
c66e0a582755bbec44ee0d15fcc7fb01aa0907288e0a14a710f39c95618a9135,2
186a1a443c038e82f6e4f4b248118a4f19549eaf581629f1083293bc9355ce8c,2
ce6d91e1665a1a3c45a1898f8c6f04ba053208c4b68906c9bc0ce599f4f49d8a,2
ff2b9b64a4110c7b5749af7ad1b538a0bb6766c2d9f1a4ad60333853d90462ca,2
11098f12882bc4342f54122f3d2d99040cbd60812c059281db3c535ff4608766,2
2b25c68f326776d4879e289571d2b50121cc36f35a71bf91a3aca427ef6f15fe,2
bca263c70b1fb9626324cf7f70119b855b0ffa030964b95e44fa4c9767a2dcf9,2
a2dd348e3a57a64334551e2fdb6b98ad83d7fecad901aa461b996c15fd57736a,2
ad28c7f35fd5499f4c0048705f421e66b001ca83043e6bd26a986df4f57d771f,2
8e0dee541a7768bd33d28609cca3773af1b45e33eba0107099059aa080288269,2
8c58306aa0477faa96cd1f9680866e9c0b73b1af2924cddd06a2e4c616db563d,2
5544eb8cd670cb2298dbcc09e9a9c0d9cf50161de369aa328499187e950399e0,2
a5a2532f7e9bd55aa9c9e58638abfc763ed9aaaeb924d72687ff18f2ebc6369a,2
af699aeb99ce530a1d1cfd7953a304a4658b071e7ff47829519d5a0c9c1edb4d,2
a0fbc6d4b86b87a2f8bfa28cea86e0bf255d37f451eeca150f45b90cd6bee937,2
324de1e19fbe3692a1ae353581522a69a6f9bf21e36bea9e5f00698b5d2a429c,2
e76227f523bdf1f97f129dd3b0a94aa6a9b68c7ee47de51dba2dbcda5d00fa72,2
66df764dcc458753e9fb9add1cbedce775703ecdcf6ec18964c777892247517e,2
92970d3f750bc12dc1d4d417393c929d075e73d06a09f9016c0775becc0bca0b,2
3e624bae85d7c0a8f54526309869e98dce3f5b8904ec8c821f3a750daf825d16,2
e8caa17611651ea871f0bc0bc4e8101aa2e901223e7c17581e3226c01ff762cd,2
e80fa2eb3aa239768162a05048a2ce0441eca5296fd98c46748cae2907c010b5,2
7bee222740a00a7ebdc6bad711884494f16c13f0fe031b8cce19c04acd718842,2
808a3ccfbda2631c6288b3ec2b53b0c4433d6c34ada1b2e98d216c87a36de7dd,2
c72c513bc4a909d13bb9cdb12790d5c9bd183543b8f0700ce01c422d3c5c7fe5,2
b224702139fe4de88daeeb5a19864ca425f5b5bf93991fdf04983ee96108b540,2
70fe92e8843bf474e9f85647c31e84745eafec064c36458f8f76283f1ff44c18,2
ef7794eedcd5550f600aa94c2ba4c9c93223b204e219cacbd81d6bd7c47a4c3b,2
57618a34a0c5e127cb70c0d2de884e4a27b58b9e329f14a2d590b4bda5c89179,2
e04935997efa220375b86230cfebba9f6201b6824801c7f3fe000876aba104c9,2
7719f0b06411d1edebbd652a6e7f6934cc8d8c77478f8b202e96f82a9b59c242,2
81cf7544f3e23f52751a55106a05e14f63f3e2f32131c9a7ce6be81e4f265fd0,2
5968fb550f9d8c63bf17dec6217bbdd4ec7b96c1c89769a5b15e37f2d7b755c7,2
58630bd2f76fb609980010ab4fa0dee1b2b6e134368cc6e6107751f2e72baf31,2
0ddd347420c8fc61998ff8bcef51e68e6b88db924a575e49c9848f4e57231ed3,2
365cbd3c4eda5de6718a2e3bdad99fd85a4d9544a3e6b676cc68c662461d2a35,2
87fdd85687306762b7ab0d147663a3f3d2ab4ccb492292a1d3c4587a4683e776,2
63e3080f8c84ed0dc9cb1256bacb1007ae5bb55300989e753062373ef7344f1d,2
4c0f18397a2e6efa8bacb8eb4261bc7aa409a313ef38de0f3b4c674420b822fe,2
df5e2abcf66c372f3cc22c8ebac52f045c5118bb3d047f7f6f43071b4f129df0,2
e18f2635c1d1d1dec54833be61dc7d1a7193b212b7575bd5507646b6e7bb07b4,2
65d9848873c25968501c48ad0943eefd68f513d277a2d24a9c6a2dc3bac2cc4a,2
445c05afe857648310dc56da9d550f507e5f23a7f885876ac1fff32b4b9751a4,2
a06d8a9645d5100a51c9ec0376d8a4a08561ec80aa77b0156ba50838455f4519,2
443e549cbb74f7526bc1d242e498fc3a82d94f0f66bc16d99b42816f9e8a352c,2
ff24f27f4aab9aef3d7b7bd38483cc22da007b6b94a5322b94e6d80ab86dddf7,2
c2d202447b6ccf1abc667adcddcaa442b4a7685445ea87a4f580579a4f52845e,2
6dcf466d38748d8cbf3311c058f049002b9238c37e7288f2fd0f2e08d1cfccd1,2
2c64ec23d3dde740c49b3dcba10ae78aa8cb6621c9e9a5dda28dd12e11d8e151,2
d53008c192da9b52d870867319f44bd31271bc9c8dee79c7cf98fe559339d152,2
01a8a88d67f90e8163f7bf2d035bc91b4a78c1471945531d3062225e7ca9e706,2
daea819b7d0bb2b0b6b7e52254e82a74a9563fb80c1ed30be93967772f5727a9,2
2e29d8d79156f279be869a59d4ba23c3d36d5e345354811938697ccda11d62e7,2
9a7bd89bf3ac15042b0a8ba62051faf8fe816b5b6feb2210cecc612c132e5033,2
fc7f3e7ca5f6184844fb338ab06d92ba19ce20f904ec2237b4cc35d5baa323e8,2
a9eb8a6f0c81044281a5f3c235e22b96562379c28cd7d54b8ee0f3e7c371d9f9,2
6a5092067f8f2d1ba4b5ea9a7ccbc7c862b5dfb34f564949fdf126d7a3d5ee14,2
fad28a5f9107f36cbdeb488cb2969ac5acf250a02ba9c32312a9daec85ebd6e1,2
0e2f6cd50893371b6c0ccee2354ffe8f09fb42b8accdb9f561715b601649ec1b,2
da4a272e96bc52ca97a20d291a8764fdb9b35f15b550bff5e963cc3b4edb46b0,2
a346b6ca1c8581a2529bf11bea8ca608fe09ea6e758b54e6ff9200715bc879ef,2
2ed686691ab3b87594302ccee2a450a802e244803c4f373f9654bc0c671e9700,2
095ac8372aa7ba74db680e6a3fdf343193512d8817af9995f5df9408dc065e3c,2
b887034b9f31852e6e160741c416bbcf61542ad8e3a740237c6cbf58ede56f65,2
fdbe8f8ef9b6c5d0302b0e3e9775cdea93e60563ee5ea40c6e0fad5210b477bb,2
7058b9faa03d6e6ae01175b122ff28ada42f187955db544cd10fe60a0d375bb8,2
36833347a608e2c94a439d27a67971130a06c77bafb2522069b6cd284c7d67c2,2
e11409e22d9549a107c0d70f76d42e35e41e886926b67d57371869e06280821b,2
775d57e9b9ec91d6f561e7fbdca5087b83707ce4084ae1530206624fae16abdb,2
953bec12843b4c9b6d6683923d0054356ddfed710557b76933d65b7e5f3d68cf,2
c77db38bfb34055eb067b0cfd75c94461281e783b0f9e263831305113753863a,2
0c910534fd22731a65cd00f1c009039729e413d7f7924929d7125a49e8dd1e99,2
1efb57af7b9288d9b835e54a0fccb6ce5afb477d00fc96b09c56bc418d396fbe,2
7d7141217fb7f79f974e69d41154640147394b6f1bb399b55f1a223493dfa3c7,2
554622f5f5807f666754b428ceb30c965f531a8c4414b75765ac392b5b11df78,2
b87f4fc8656f6249f6f17c3fb1b5f50eaae6c47f9113565a00a1ff24732485c8,2
2dfbc937aa55ad34562cedaa2a099e1cb964089a6b35f2f01d42747c7a9b7878,2
212cc6bf5d781dd0e7e2b6d1cdc6867dbb07b0c3d9d1325cbcfbad00d452bddd,2
2d69632d9c8359b79c63f8716ed3bfc29503629106428db7f78dcb7a871ad3a7,2
6e9529663ebf666f556f003236e18f0a9acfbb28f8ced47cff25fc4dc59f8c39,2
e9f54a060e905b8ff35c0c86299512ff0ec1f77acb016f76eccccfd2f066d123,2
f69b78530077cbacf5c852446e7e221224de886180bbaa0ada02d96715dbba8f,2
4958b0f680bbc8accd45529991b8ec2395306552655123a32a09cc88b1fdfb5e,2
72af1c3439210920454ac8aa85e7638b22d622d2aba63be59702e81c3f1994d9,2
2772d13f4c047a8b5e2104346983c26e13c9788d04fd2c0449b8cc9f6a414bb3,2
b98144bbe14719da49ddad3f9bb8a42831cb5ee68a20c200231ec1ca0c8222f4,2
9f39fc6a5024d855bb166108d1e72c7520948c5a9e818942fd923531a6b12789,2
69b9fa1c30c4a4b974969863c151cdb9c780b5eb6c6ab769e1907b05302df4a2,2
ca82a33bfeb16da48ead814a0efcd81dd510924d38b6d8df19986492c5fddb7c,2
95e960ffb48837cc78ce10f0524fe79aa2c41c351a25a9a8d666eae3fdb3a0b8,2
84f4abd838e362242efcde37acf94d653ecce7f7b101e9a43230ebe3d155aab2,2
35330a12bb00692c8de6b404da0a9378846f89a6ffa2cc661846edafd2fbb707,2
8551de51d1c329cd7eb55293e4befc6f6c88f29d5f3e9d768e51a95584a5762d,2
4c9b68c39d6ca4ae1f777963936482e70eb510bf982f6149ae3bce3e2e963bfd,2
896fde48cdfa8da0289aad411be1fa9946d5b4fc4b80307bbd3b26de2628a770,2
57b6d445722c3f94b140738d6b7ee8af2b48b103c2bf1f5027b1da76680f54fa,2
6823d3d3c2d5c6067c0ea78f364b1069b8e375082b3e22238e034580b675bf9d,2
24a96a766b74414a6794ebc0ccf79bcf39df2241d7ae3278c5cf419af4d1a5ec,2
559b8f18de3203f07d33ca95f1e2bda651cdf52f8444f38f95eabf6696ec173d,2
7a11b33bf878821a79bd33a9ef8c7d5f404b5463cdc3bd2672cd1a620b3b161c,2
d018be2d38a975eb92eb3f0e82f21ad041456fac42b4815698ff2b2b307431a2,2
3000b7e1a2e691b5bb99233428184e154102153e45c8865a598621ef5d050a41,2
0159cbf26dd47a9bf35c46e914fbef1600c52938cb7adc59d34b973d682201f0,2
c6fb9dd830be3d293b8e3a2f89fe22b64ace27efae9aa1f672ffe11f3127b624,2
d4784e984768be95f48bf225c424e031ec5c15c557023c808ca9ed263f5752ce,2
7154acc303d2fd8c3eda16a4f86bdf7fc9932dd16fc02bbc38442d8fdfdeb2f5,2
9cf2cdf60c9259093fb56579e9d274ab5e021050fc03b5b531f5da7070061e7b,2
22fdf1477abd0d9d6ff7efdd0601dac1f07f83561328e5af68d058a000f3ea8c,2
e9b50e7a24493b756cbd64a2cce0455dcc54557c2a45b05546e671b32667e337,2
1fb0631a2eeae7e615e661871456b6b67aac46bc1a314d52a72e3cbdb2b36cb4,2
cefacdc8d11653bda147c3c1c696901feda6b46d0de26516ccd61054237d19e7,2
369855594a8dcd5ae69fbf46bb5c37df8fc7bdc63e87a52ce72fca0a044a704c,2
8f85297fca490890cf76fc0c0259760a10b73105ad451057f9ac06d7c64579b9,2
ca7aa03d03196c1bc59a7c3ecaeea8f4c2bd6d837e681753a16344923e1a14a8,2
6cffbe8bda88ede8919a6ae2badc8e4bdf086b7d8bea29071e112ee5f05e5219,2
a473799fc05cab3c0a0b172b83e59198de8b805fb628e1d46a5d392ad5be4089,2
a1dacc2738ae052baaa83fb064e60c666d9f38571208b8542104f787cbe032c1,2
02c1997b41bcb37d4193641ec1dbfff2a50f978c92dfa02c22eae6385d2ab4a7,2
28210a15815303f2059e11db02dfffc61f488d8adfe4cdd3538adc65f27bfa39,2
63266cd3efa526e926c69718726b24613ebc011f01c0be02c25af64c2295a575,2
3f6403f57d80fcc1c2139086e132ca7b3b993609c0e6a32192cdfc56a4f9f3aa,2
3722f4641752ecb2206caea7f4e4cb6f80bf11cd6eecbd5062c76855ad420333,2
c3f63a71884b3e8b0ed0cca4a90358ed0d999c3524f334dde73175dd0897e637,2
868aefcbc9c5c48b8074ffb1693d06502451b988c38cf515908681756e4ed1e4,2
0e511a6579c5127d0e5b28231502361d881d83068f426c7315f00ae0b970f234,2
697f8c07606ed44964ceeb1ab560d97645f7d205e2035ae7968c6b456d37bbed,2
b42d0b7184a4dad9c8c114a2095341797bcc7f402a21e6864f4bad65e876da5a,2
c0bce440a1ec42e6120ca005863d299b2feaf80ddef1b523366777f9c054425c,2
216927527b1ebeb448143432a3a8c3444d9265f7cc4b9fce0e9c0e5761ef6bb9,2
fcac1bfdc5f7350b328e87f3dfae6a7a0e7827eaa6305d821fce2757d5ca4204,2
04036b6d0378c19bb18fc24b42bbfd13d4364721a8c910e163d511026ddbc9dd,2
90b222218dda1661ef22f239dac03f12b54179cbb7430e073dceadd71981c4f1,2
1be160874f8d114394888a81b5826d2ec4d0504755ed80ea1cd17b1f09f2cb6e,2
54a4e08f859068c3c9352c6607b711def539042842c66926c9df608b55a8b594,2
cb721c30ccc0b378cb89f7651ee39614c01ea06464d7093138ccff28a732b398,2
033b0a56006915afcd3b10a411789aea50eaaf2620b6046b6d659ed1e8bd90ce,2
526fdfc87a739e844a721324a78276163f324725e7f6ded02fcdc52bb13f3b4e,2
f68e94002c416f3f666bd825326684fff03353871aec48cac379face77579282,2
2fbf5198012ae7ae3a91cf74656602096dbb2d3a412283e8ff0a571c87ce631d,2
2d695727d6014fa9e603c7446d0918a3cd480c23e98136d85fca8d7ceed29896,2
6a3e5e826a3dcb223e7af6b1eb40a2d1d002b989cc4f968a1cfb2b71bd7e6e20,2
05dcd566a7775bc43bf283aa7fa045fce308f06ecf96e44d4203f4c0acb2e2d9,2
1f528fc855e75ba60b6201e1e86a3f6e1db0132a7020c6f6e251ccf42da589d0,2
0d702f59ea4f8e3cf01ba5f16296e4cc59ffff08a312f65734a820cf854840c1,2
dcb1acd1af87c492d75b4b0a941fe8a9b1875eda22205c2bd8a243588fabedb0,2
bd6151c4278f4e40dade42f5ca2067da85d5cf3c81f307662123ab5e013c6b92,1
4d4beb37ddc9ac91257b9bece689d59f8a318443f6f8d8b6ae3f1099b91e8833,1
f15b839abe7f0d8df9efa2bf8dbd2707896793698f8eb7de8d729f98d91ffcd3,1
92baf2dc9c0796cc87017a6315ebaa5da50e35b607b25401c8b02272158de59d,1
3f72eab6c3d53d32d2f677291ea910c509c310ce4f724ed5344a1f51ba0f0de1,1
5f21e969998f29b617aa4693846ce5d9e958d04a89dd3e3c6071a51c3f262f0b,1
fdd395ef866780370b80e19d34395cd3b94f932af37004571e39c3f0f8d1ae43,1
8cd8a535b7681cf3194057fb78e07b6757686074c00b6fbe837a340a646163a3,1
b2681d25143500c78eeaa121cac4654950ff2e3845eec71bf6c0456fa830cae6,1
1e37f1347a3a05af84a272429eaab2e94fa9d07315f85162e0dbeb3d8c6ae1be,1
5df744deb458a8260545b828632053b1ce822d530ef824ce1ab5d51e72d21414,1
9bfc33be147dcd7ca900a5c496be9a39cac4d71a5291942dcd152b8caa53bcda,1
bca92b6271b6dec1584874000d962c251769a31d9c0cc0067b27e2849eca09ab,1
a0b7933c893df052c7d787873ebc346090b1e096a9396bdcc4e43ff893d5d44b,1
f48dbd9cd788089d2c80f5ba1cf89095ce6ee8cce65a3f43f5a3cfa453689781,1
9aefef37c67bb710b0134c79818924ec28c07893e5c9481facee453842853338,1
a7ebaa19308a671c99abbf0e14d86afdd18d0de757d1a34f006fed3422dfe4cd,1
657ba3e2af83534200ec68fca75b9b4294310e1539b33e0c3ce56334173d1be1,1
2247a8fded88e1edb3b68856b50e5ca239d855396b44a1d7e0252c6ba9f473dc,1
07d74c7ae09c8bbdbb1e795728351186228811696520699670ae856d64c075d1,1
4f75281bc990059e0f5cd9d5ae8097d523c9f7cc2297d5eb845b3114091e3e4f,1
4932acc1966170c4976cdb854f23a44a5c8dcf406fa9ae5c25f4c6b72100b987,1
fe31eecb7a2c869a6335b57a8bf2f38005b3243d401ad3ed8c71c912cc9eb755,1
2f3d5cd67215e8a6901ea0727968adc070a2f0416bbb3bc76fe80b69473e96b6,1
015aaac795ed2c2c578adc631c7a7aaa899cc66fd20a84a05c41a4de5a5c7f90,1
6ff9ce4f68529adb5e2e88d4046955a515f1824a89a9d78450645dc7c6ffd9e1,1
8eaa15a3fa9c46872ce298b131655cbf02265dd0c66ab23997f54498759c4d29,1
4ae9f17e6fafe6cc712f56a3608c907ea51329d702d4fa66114e5d653768306f,1
7474e30e6d51fa1e0c92fa30f9c4e9ed212cef64cd0c169c0b85f173997ee7d2,1
10a75cc5f527ebe17c86986b19a30660c2574d1cfc58722388a4929bbb57e275,1
ff6f1041724e7acd5f5bf8d29e3852fbcf21751f7908f7b0f64a74e28f1ebcac,1
f01bdf9edf4e426b85e9d996e5d1aa38d9a3a59b106a429e0e82774df3c07d42,1
9257a0c6f6858256a4cbafd94447249cc7a96958aa838d7b2ad4d90ccf3ac8bc,1
4d8bcd2a3f5a3b8390134dad1587eab61e411a847a9ecd66fff06980a3b80459,1
9f6228239b8329938bc381be560a9636266615b94e593346cbe8b042b39d92c8,1
8ebd04601e377fe9e039b9934fb399abaa3369efd56fc810bf0ee28e4e62a3c4,1
d1adb6dd4155e0dd789355875957b08328b9bafc9b42d48e5caa88ba039a668e,1
9b48ac611158cee420b2d9231793938493de907efcb4e8b058ed4c660bfa9875,1
8b138511d7edda76eed259a81a75821cdc82c766b9c1d658991148c658326808,1
7079fde140264b0b6c2f46ca6b1477b398708b3c350a65d4fd6248cc8204628f,1
da12fc8bc20aafc850e52db936b78021ade3576eb3b0e94946fc07f878b8a9b0,1
153eca4560a2e930c530c221d638d45af090418b05a763e7020a12ead59f5466,1
42dfc5af6179314e656f184e250a31a9fa16c1f8efa6b2ede3344591b189d6d8,1
9a18a1cedd7f7666ca93c8a38eba0da69f7e561ce4df79b6e44f2b76413f95f6,1
843d902f7fdf05359450cecfcd6c60a98b08a695899ae3fc682b2f44307dcafe,1
668b1eb79539f343c0714842ed7aebfe2539e8014f6dea822d86c649de214b75,1
c53b371e132ea925b8fd5c6b7f446ccb07f1a41fb2a7c4e136e6c5be6c86e811,1
1689e8460bff8d6946505f60fae38346fe99e34769fef1ed9b54eb450cbbd3fe,1
74d64bf45fd19390ba02cdfaa94193122769c347585689c72d96e754dd51173d,1
b8a4d5c7d9383a7196088e3195e378ecbe40c6e4fd79f4abb114cebe5d7b5a1f,1
415e16d799ba253a32c4651dd9f60045e21ed7464c5c77c0e92790f2ca940b8f,1
f41ce7619ccf46d7ce24a675a2ad9132f7cf2fbc2e6d5da49565ce2b5d52d9a5,1
da09e7ac7d22352ce1e7973cf59114b3a64931e194a9ed472742808204e71dd9,1
561398febd08d877cbf3d8573ef2b03387ea34c1f8e50b6c09f9df379303d7dc,1
922048eab1abe55a225e05dbedfb1dfd115539e0fab98dc786819bd3813735f0,1
ebce72116d7eaff664bc986b3d2ab04d9dace18d20d701162b6c970527f6feee,1
f4b91e55f83ca24248029309a0b3c98b9b0d16c3421a6ebc3daee736f9ac61e5,1
5e830229c7aedafe233238bb1d3aec0ce5355c24d51cfb0923acabf190592c37,1
bd52950c46c3532d8329037be068da5d3d70b3f6ea1cef6d1927f830672a0e60,1
dc57bc84af80ca84ce2f2d101180a4a89af39a4f94f97e338ef7f05ecd086f46,1
e12b462667e6b8c278e8d0da1b7dcae1c4ea9198a0c887360242736465589ade,1
390a0fc35070df7958560ab50793645960532c0aa67130c6145bb8528203f62a,1
5548cb689f50c763c5eb62bf8d577c981d8580de2a55d9ff8a1938861d8a7b40,1
d4a2f83f7c5bb85483c6543bf89326d0614e4babc7b4564d969f367b7b026210,1
3cb5beb43a8771dd3f2774d69b1aaaf76cb58cefb36544975f656841e05a87eb,1
386a8badff94e5c6bc37c3cb03980920e8c67813d50549985286bd524cae3f75,1
1924c136629510084ec8ac683ab8652db43b65671af7df658dfc0b6221dd5115,1
9eb7ab0c177e183a1ddef1883aa25caf1d434992bd2eb63c2d32086dd2cfda90,1
ba25159486c985d9fbd908b02310c46b607e07623c0020834f0e20ab68eac5cf,1
ad23c6534e4c2c1331d1dece812a7b20f42dc77c390e384d026cb2dc3b06782f,1
a548654ad5ab00a51ee8b08fd5a0a6d9c7408874facdaa8e6e3836b3340a9f31,1
09d2384ae30a2548f38cfb2e2ea4333228eb1257a5f452ca4e3f5486d3d1067b,1
f5a963fe29121e98c400fb4c11b8ed399689dab8b5493197c8c5729b8a35c742,1
b58e9e8035f297a7b8b4ef03d678aa6b4a0581c3e956965a5eb05263aef8653f,1
69c58052b1db6b90c19c94fa950f021ca20505ca54bc038936dd0b694ff04f08,1
fff20cbed2c0820e13d3807e560a9695acb5c3fc86a99d7ed8b4f2036a99b37a,1
0c6b4e85081a4827f02b6247b8e193b2fc3c2ac3123db65cf9730c47d43a0431,1
7aa344b915d1852fd16c79eeadb269611576e9b13fe62940d6969ce568448cfb,1
009f387bbaaa7055afeecf9a6068ac5a6c6ca2e049edfb3ce71ee912b650318d,1
d3726013fbe5762770b3cf222fa929175088730bd71faecb839ae75eaedf9dde,1
e4782513b898c6b2889374e97f20fa38513cc6e8f7ff284fc0953a4e713752db,1
b7646fa77a27694067bfdaa395cb6f1cc0c5234810b8c77476fdd0cb54bc59a7,1
803cd23de0b62d4a683f1326bd402480a278bfda59b33bcac3b7b0087fb35a16,1
0b0531f37b97cdc6460e7273c356bb8aa7d27874b781f1d2b51b1fde5726f25f,1
9839275fa8ff8b74113a168e07a9b578d5b2651e664250cfaa0c406086cc23e2,1
2e8e2c5ad988c7cef1947db079cc626cfc6223439f1735e1f5325df228cda1c7,1
3f658a0f639db7e03bd634a52f108fa3d92f9f52d0335d07375ff4efa65234ce,1
0a87b4a7303747b290625f5d80d4e9b49c1b9015a21c5c36a036bda98e139bcd,1
aa094d531aa26cb2113f66b011776cb7579f6055773d3d7ef787ae360879b145,1
fd48a4cc841510e2121dde12d28b31b6dc1e7bea2b0cb7ee819323018e016ea8,1
07432dbfb747ede681f448c09b55ac2727a314822aea169771e1db92a847037c,1
742380538528ebc4b401e725b7fed33f97d154f2a5922b20f6d2a9e61e2cb8fa,1
5061320067c6207df14071dcb9b6390912550579d0d2adf394c976a84374df7f,1
af05e2d985055b8fe709c4d976fa828f04cb00a022802ec1fe29de1d7ea446e9,1
8a5398aa248449cd6e02c9bc48fefb0b10141a35213705e0eaf0e33ddfb8c9e9,1
4f7da1a66ac62a75af55aefc14f8af8502328ee785f9f18892895c01ff45cd40,1
b8cb1c48534e76fd0ff86bf5c47306afb10d89684d5257b521a78d440c6c82fc,1
d2f18adb9ccb3d4092d8bf8541d9b49530938017fbaa8cf5cd6a0172aeab9ee3,1
2c343f77083324fa9315f432153342a830ce951737a5392476e56b63550f7795,1
fd875e3f05b510aa6c90de3ac7f40f9805e900a04fd9f4425da7012f6da13809,1
e603ede4dca479c289271d5e95727d0bdd1dffa184b245987d8c8eb49919e08c,1
38e1bbd3ffc1e3fc541b80674bf0040ac8a21c0af7a0885581ff617049c71009,1
5916e5d97748de1df01d9977c2a4e3af6f3c4e2189b6d8354bef327590db73dc,1
34246083e64e4600ace99ad9fab688293594a94526c4ffc4353e496c5d3118a0,1
3bc7d9db84ffd15c9f705aece5f56b8320f0872dadaf43aee2a6049da602fa13,1
b153e12caacd875da9c2de8d7cf0f34cd13c8ad6b152b548b562d44df305ade0,1
acde91be9170909179b6102054e69d1259322251d9bdeb77ddad1d7d456b0adb,1
ed1b8b2c5623e6d235cf937aaebfc1d44bc103a9423f3070ff5983c3f39ee404,1
4440feeb26b007d041e6abc232f921dec765e3f5e3bf1dffe6473e15c5f68a7b,1
c73cef0a2d5826d1dfe8dae6849d665cfcbc4fd90ed37f4a0d76256c0db41858,1
cc402fe00a674042c9d569f48b3714a94ed2e037dcc6a371df02da3a237bef35,1
8b6681aaace4b8e79fb7f1dc50e36ab0259fa0d2c76ce0d35bcbfd035fb5ea85,1
a8e73d25c79e6b80440bdeddce7787692b84dca788d3a56db99a420add382734,1
5b14ddc16b927665091e6142fe3334f0e580e148ce9e6401a598453dd26ec621,1
0875ad2b10d65778f799673e5cccdd92a66bdffa6b64143971df2d9160b2fc57,1
d1c07d46f784d56a6933730ae4145d6e304440214dd13efa2d32da8801999ee6,1
139788e3b75e51374673c8c0c05eb7648ae8fdc36dc78663c6b64122fe452ef8,1
5dc2bee4719ec99cd1aae022ae68c0c5106db69d160a0c77d96ba9aad92f7c01,1
373248125644efab20412298344e8eb6587c1fca82b5f85ffeb674deba8416e8,1
cc6fcd3ea0eafdd16f5cad5b287816f8273580029073815daa2e0aa91be42d28,1
f093f0644279f7959555631722fefa47206cb506f6cb32dfff1345db26daca32,1
df5cbcdeff352312344841e53adcc48efccc8060070220d20d882ec5c6ecae2f,1
fd0c5b536843c3f959325e64a8113872b55fe60f5ccb6819118997cdd4408b30,1
b98b6fd29ca0d2413146dd68653907074462511393cff031796372b9635f87a4,1
1016040e51dbdac086733a497a5ddffcc28af098c7b7c0fde1cb054f5ae77302,1
9c79e1a70ec99477eab1f9ecdeecca9998e3aec348fea23b71f00be303d517a0,1
a039908dbff40d748f2b2289cb5826fe19265ea06b55039ba9ddc8ae8a27ba3a,1
5d08253acbc27cadf3c9f6011d0711a65e99f50bb3c5f6d04e9600e1a1ede0e9,1
60884b98d4456b53db5c9d5e91cd381cc35dd0744726791b71a5a50be4fb5407,1
270c3040f8154e6e64517bc70ca68adc2d73ae08d230d9c060f75dd699c868fc,1
1b9d24f22209cda7bc1ec039b4bbbd7d4c181bb3ef79824c37b2c879176199ec,1
450dff77a8af9ab37411c95965c5b75f068a39fc76bb1943705a7e7ab2086079,1
9bc7f45f0b7849fa7f76501f78414dc412234c15ca4b62b7b71786ca7eb21165,1
9d07e371519bfd5d2dd06a00e6f1b29b9c969d93e47d1a40b2afe3524ad038cf,1
a09f5891ebcc7a97e08bca19d93abbee1be7ea0e843e24e2e8af26b326418bcb,1
66e5dbead2035b86bb1863e4740cfc46cfd9ed624eefd33b2ffd3bc04d22b061,1
784e18ea0b774569932acf721b01215e8e37e560d0755c0b719fd0c111e12376,1
350e7115bd6116a652a1bfd0cc17478b26bf3277a78f459e07941238f4117a69,1
6d3a47d7c056b830b17a019a3b52ad2b1def0a470f8a2d16e553341cffbd9221,1
28732b24f373719c5e3fe2c5dbed1df4d8e53a0741c00b48d0a8acb1c8844894,1
0b538bc5bfb6cae045b3a2615febefa04624d6be044d6998e90e669694bf3bfe,1
6cdb4e54f86717a7760cc4261e65f576dd8dcd423134362b1eaedb3d0c850b27,1
17318a467fd6e3cbef3ccf4f81ecc23a9c99c98f98723bbd6cc4bd88e566bded,1
fdabdd1485e47a39ef0eaf3001fbf3ae4a652f7b5e6b8346cbc4ecd741f5354f,1
28d174a752da208d51d19db6e54202aafc3eecb03bc3e019e510f52aab7fd9e4,1
e65acb0a9861d447756d5ceaf1c96492e58fb6ade2233c053614e60201b9cedd,1
f1b9ec0caefe249fd687139f9acbeeb9165a1fc6aa1928a01522ce545bed60db,1
bf921b911e5a8a0b9b6a133053e049070399a5873367231ecc887f1391ab627b,1
d1da0f14c3b6b1994ede50866e4fe69b6c1d2d08966e8ce790712a8743cbcbe7,1
b8171ed759ad7f81ff059bafc9216dadb5e583b2e6af448a87bf8958bb594144,1
d05d2c89365be774625bbf7e46c3955a0ee71b7f2e5ad7c163a0325bf6df8cfc,1
98260b01f07ae6bc88fd060d23a01783bf6ceaac69c9b97e8cf287766baf85b4,1
6887dfe763da115f5f5820653ee4630290c7b5bd7fd8f7c181382784e4071aa3,1
b02b83044ea3dd07adfdf10784b42c87e5245388e334a1792dde966ae8066252,1
9e7eda905edecca51815b5ad033cb694aeb31d1f57e7914c37677a3bdf3e8caa,1
38ef84317c76b8538a81f9805734c9d5cbd1e89e7349938fd7e4a98aff2b2bea,1
0fa4f75aa466c2f134bb69d9b33ce855aaba62227de2102641673cb6a0035ed0,1
f8af84177b19bd9a0b5264a54902cbf3486239dee1b25172510391363505158f,1
af650131b0a4bfeb70c817d74e77c39792c0d54019f069899e8d5be1a8c20780,1
d9a67460bb406835be54831a3305e9ad680d46d4d0891ec9fd2e3ba1e4154902,1
10402a85785a8784339df724523f51a1dcb954031380e288c2e1c447e6788946,1
db111807246ff1fa0cde0a9fa07ce681cb3ddb2905adb4e964305b6b6849d2c2,1
39095c780b0a8fe1293aa2c3868c1a06ddd74587037b10b5770d806064875ffb,1
cf01c6897bec8e8a753ab641882ea15ce9742b087d49cb4f2dea7e03187abe21,1
108578fa03123b4e7b553e46aa8b4b85dd374a0e62f1a53cd5c06dda628616c9,1
7faac934fa6f2fc64009a1da9613b21363fd979df9ec7444b253cdd72789ff02,1
2593b8d7aa4b1a86e042ae3b3b92fa1ce334e78c0c67ac0c4edd366b432f18b4,1
3145bef55bfe07dce86d3b1b3d307104a11692a088e06e0d936757e088a03941,1
3741a1f41bf0e152eb883d3911e2b4daa62d004014ceb93537cae729231a24d0,1
4503ac06ecbec3eeca3a6dab475b4b5d80cf86e1b0563786888d0f601fd92408,1
9d4800ab3ed9ab80b878abb9392d8ea0a22bebc7513517216da4cfc741be31c1,1
98ce0de312f3e227aaec5293fb79212ebcfb9430fc436301b4efed4fe8a37309,1
8fe2a7175882aeeb52e02407e038c017a1df8410d08f7c8e9cd9839b55f2e53e,1
f6c95271548f04cf07fafaf1f32619a27fb61fba5c4a2f9b29aeaf90d710a2ea,1
86744676e7f45ee58feac73f9bab53463b1a83b9ed6360b68c128ce4aeaa98c8,1
af3e17cc9155c7d86bab610dc7cee76b254908c37104803307c7e72edcb44354,1
929a4a02c15ac02cf9766485ea29c27a9400b62aa3932914f1701b10ec083df0,1
7b4607df5c1551f711a4a7d72de35140492c9daeb8f11cfbdacf41d2033eccc2,1
87ee7ee4f3cc593d834343ad595e2c82df00e1418628515ccf5b64679c713ac5,1
a1d6d5e9cb7ef90cb5415a7a5963ed4b76a1179908d7aae7530acf63d55d4030,1
5799ae5eb749590067df8f87d2e95cd59b349a2ea3381d43985c50e2f23755ff,1
16205691d87d34cf8b13c1d972711b888b100ab71772c6e6595bc898d0b5d439,1
3ea104f8ce75a6d509d3495115f4cb3fca09c90dad177c54a1b2cd570661ba65,1
0772196427358f61f64cd302e58fa28d824094751d3a78c83fa64f51a33f95be,1
513e5312ae2af66d58b881b9dc553d220bd59e795409437da34c9550f97b6446,1
f19ea4d4ed25172d6c1921dc7bb91261fafdeae652385eb7037c613abd63ebce,1
7fbab30bc262cb4049fb319f14d742c4e31c8f6c0c154b9e2ca76cbec76659f6,1
84a425fd376c4db0d73320286f42fbe6eba7d4ae24ac0e849503bc6a537181fb,1
e30842969fe3dbf059f79825180c96ae9c16e3b4bde1955a06fb5ebce7e58f2c,1
1e9ce50bf794e1f450495a8747ea2daf4a67132db13e939438f5e374e20f828c,1
8f0aaafdd027b10147aaa0501f51c3493d5cdf9a0f23e3ee24ba96105db9328c,1
3872467d12a48816b47a9a4fd5b58e0aef2132c05815da3646a2016d82928635,1
f13979dee20e3efe6d81ba1c98213f27c95abe96ba5c3e3f25be1c682aa24e3f,1
6232a23c1211f404fd3c24513eecb6b0f6437aa974eadbadbe396d8d4fa97591,1
3829585257630517707ce65837a66ee2f771380b771fd07148ef0c27e1a19238,1
4ddc698cd5e83ae7b8ac238c54cff4180d8fb8932c9d478f55f802ae372ed559,1
8bd6e216e98ee2206aea2029211e044c661ef1aae59840da4a258989d94e96fd,1
525f6ceb571133b02b2bb41ab53652b769e65b328b8fde91b54a6dd75bb680ca,1
bad8532bbfc04d5670e3c844d7229404094e0a16efeaef85962cf35a2bdb2cbf,1
0bf1069ca718dac00e5c707c0eae9fcff5bf43c88f4d1e5dddfd01f6a0aa1b7e,1
46db4037748eff8a3ec6a6716f118d631b1adc827b2066f7bd0cb3685908621f,1
8bdab0ca6aff48e9c8ce2dce70607441625a6d174a5614cefb1127615dcd7644,1
95d8f7f62cdb49fead23da50eac629aaf3fced7ab185252335d699a6db754340,1
9dbda32d8c59c918674fc0a05b59dc6e760cda6f53325b879b224029e2189a75,1
0efd7600643bee452a34605d846c68950a350eacf8f46b343e2ca0e966a17980,1
bb0699342013003e39ec4a7d9c5cbf31443f44433effe7af4f480a4a8de2f793,1
40982faae8c390122db92999c39a5b905c7b996c4c17350ecb24329d287abcf5,1
56f2018d74e5d01a4de97cdd803000ad31778847be52b3cbb3f7c39c4e29385a,1
3f23620d72e889e5e6f5cae7e5bc48985ecb3cef7ba6622219e3021f9d00bb5a,1
79cb8302486bc7b840a5b262a609556a48995f3a18d2d28411dc71fea5c1e12b,1
82de7f197f28f22d849b5ba0788632a200296b13032228c2f7716a83c59514ac,1
71036f0c2e7a14f3b9111d22a2f4623f1a30a1a20c6adfd6bb4e965abbceac6e,1
ae73b00ede31665ec43536104dc1edec1d6502869d0115a1d8a16530a3aec575,1
20ff33d920cf1684c9c307b4f92d15de7858178a353c3850699824436b5da739,1
3e09a00420dabfecf62cf7e075adb9c9d71a8bf6fb64e95bb8d9466106c78e6c,1
f6550342aecea0c266cec867359b8a5cfa56c339fe20ebab5eff890e898c9db7,1
b4c3cd9913ed72d175e9f45d88250906d9633f8a703112b24af0a16ec5af072b,1
39c83ea24f63d2310ad83e0a648fb1ef830162f72161f6c360322b94f786f13d,1
534daea0e8b6c1095151f90be16401978e2d661baf8da86f62c1463d5d0149a9,1
c3833369456368cd54df1550a7bb7537ec24db8aeb7fec570292a82cc928406b,1
cbeffcd6ee95cc02dff45f0c78806268b1e4c8db7ef7ebaf808ec87b313b533a,1
2a0d37c5a970c0a68f4904b95ca740ffc626120aaa53d353371dd80533892657,1
b0f3ccbf9e13a342673adef35c46ea0a55258b897899a5fe081a41de6b79266e,1
7caa68ea6ec8847f261b465c3670ae86f4deb7f5dc0655551247035bb6ada520,1
6a17f820a3f111b6992717568ab332521372cc9d7e5cd33cb5c2d7cad28ac858,1
f9090bb163648f0124718b76b8ad185be798ee4046266573125f7eb9d3fb1553,1
4541415c4d1cab2b04ac15e21aae1270ca677844093dd677c02ae0a21fa5ea27,1
d85290f091363f320c0cadd586377713029728b785d18fe8445421f5265b4646,1
d7e3b6a390777d911a877854449859768680cbae962c8011347909befe02c305,1
9020d0561fab50393b608c6676e3e8c6137846d6c75f1a2b549b91759e331e4c,1
e82bcbe9d2f54147187a4a9a0f17565a4fa29fceb83665020853aa1d1e3be99c,1
1d6d65181feb1ac6b547fbf783b30cee7b87d9266182345d376479b6c7d386e4,1
1b4f59b4eb65547863fca945b457d52d6eb9af502ba07c7a2526382bbea53ba9,1
5e416b886fc7511cd506ee63386a0ac126dac1415fb3e7ad521afc00ee216d83,1
11c04df971d1856193024c4ee007541c979a17b3fc40d76a5705e578c3bae47c,1
d6a78104d4b9ce124d9f67e27b2518747bdc56271d90f445b0b89bac6f44c10c,1
8d71772de3cc947a8bc3daf708c22a88514bedcd91d48952eb8d9bd4e91f1f7f,1
133d170e99813894b0433fdce6ada95bc106aaa542e53fddced6183ff26553fd,1
c7bfa8330287278cd99c40ebfd3847ab6c35b30be7c822c1d149aa320c02e56b,1
2d42596b33fa39db4e49fb02f20415ab753055a580ddabaff4bc91b82c75675d,1
df606b70b9b32f7a5da7d17f3c637e2b80b436f863a491d552c786e5b46713e2,1
e1176e42dafe791f7ea98658fa232c70d3d73145b7b1544389858e51ee1ecbca,1
cf5a8711c74573df0c0da0263a155167bd07c9adc35f5cb5064979bcc5982e8c,1
af808bb4f85b2ef63ecef9fc1fe0224990daabd102fee2c2bd3cacb2c7746bbe,1
9487def1f5ac1a24a9cf61180a03405864b429cc87e8f73e44bfb6871e6e4a50,1
c4d6900cf4eba798748423d0432ad94ffdfa3ad874bc1cbd96b13b07f379c808,1
73a25c8da10cff2359bdc0ab853badcb56d6e5400e1f4d82a584220e53eb0362,1
be1b4c2e5db5a6de5aa202fe8da14fe60021dcb4f5309b4cb087b9af4d120346,1
a591b5b0a7c176a802ebb87df770e9ea165ba95452c21241fb5f4f8e8c85fabe,1
bce7475974ba61f046377505d495e7cf4d7fc934560ad8be9728fa59e83199eb,1
150d38f70f51694f003194a81591e69bfde266342eaef12fd15d69df6cd3e3bc,1
c3b72cd0a715d907872673c99e08511b12ee24327ef7388da0f0397bfaf0c010,1
8efcf9043d9bfaab3a97e004fbf102a0cc2368fc498f14b9539eda634b455dd1,1
19d91c62b2e31b5a96c64cfddabc47ffbde67ef6cd238464b9bb8a47a1a8e682,1
338dbb4000d81401f067c9a1425b340f2e03d692fb01213c35b7d3212bfd2a20,1
dd6ceee9d5e1dcedf04328c9c141ffc5e92993e584e516482a805ec0c542ef0d,1
5432e248b34beddedaf744197048e90f8cbe5ffec2c766d73e50c061c41d89f7,1
5e3e2e8b578c6a9766c74a221e778c02a4072148041a48eb760cbea4bc1532ff,1
96433407ca153326232160baf5d0d91df7e1dd9539b8224007ff991d94e3e71c,1
d94b02f7947ebec38b24db2257ec8eea9f6b0dd975a7b28782d0b1fa180f8d8f,1
6057b403e2b9dda24584686537f40f62a3822d6ac6161261f16bf37402dcd073,1
975b3e877685c90bb89faeba8698b93a9855b661ca51f3b2ee9b3d016afe90d3,1
74b32c247e3f01cd4b0c281940f784376a05d077716c6b67ee5f93244690947e,1
312167ac29887c3bdd4f0f37581117db597f99980a3f991ebf156395bf05ec7e,1
2b0d7f4b76270fad901e2268ce673b94d7239ed5eb424c20b5527ffae4041611,1
5a014e1313c73b87744b57b6bcd258ac8cc6522751e52ba5007fe37cdbd1bd0b,1
e9d5b2bf8124d137fbd0ddd491699f2f804475fcb1b5ff4d24a7941a0ef6622f,1
10799ce4eb5df3698cb9bc9f2bf79d872c437fb08ff8789ccbbdcf283866263a,1
6eac0d1020e81a8968171872f0b26568f4afac5c65cbab6e27d9875890c2de63,1
b92de0dc84727e02d8d9984732f60bddb01cb0e764f74a6b2828449640027509,1
fd02688143d3179fcc80f09b7f09a9fbb8c7be1a435ad612ed6d66a98bbdcec5,1
eb42c60a9a113a1e30e70620e88150aad307606a04d14dd0a23e3d8a8034a8d7,1
14d241a3fdf079a5dfe87fd6cdd97932d584eb6b5c5f6927b7320706bfcd35dd,1
49a5aaf3ee624b911d6f74cef146e591909e50cbfa7ade3d60b619f7a58f0443,1
4e657cad5754407af01559380c26a57728a2d26ce308b85ebe3f345f581ded78,1
dd93389d64e82a9b390808aeba80bba138804dfee484af4fbd5d610465d5e181,1
61c0c73f992a659d087d568a53b3e7a06f4a905446c45a59367e30046846d4dc,1
e8c71fa8765f0412576bf0ac395bdac48c05f7cc84facd438aee4fe1cb080959,1
ed67db6c6c3fa244d62ce6a37db72dedda65461b580bd7f365c8fc65ff7acb19,1
43c5ceef4428714bc67aa386e9d6bdde7d3f3541e5b5772914888b02b32cff00,1
f80241ee5d4009d938c892b91b9d777ea821a6654f5bbd7e248eabbd03bbd4e6,1
ce1deb022160014d3d3d419ce36585f06d7a5cb2cbe9ee5286f59bac302c19e8,1
a5c042ff38425624595712fb47c6e645e44cd0b84ff80646cc1b7e4cb5802457,1
5f1a10e98b187a0f1d58bee93ea8c8444cb9d33d2c58e2acb687730d4964fd31,1
a1e0ee23ecea79bd5213113b28979502ab1d0640b8d6a82564f84bd4d6698485,1
7de6bd6fd9405dc0e660900362d19992470a229d93b41c473c9785aa7434d243,1
f5bc092445c3fd2da36566f9a256b605f8396c194395efd48d3bf1e42f5903ed,1
33dfeabbd8e50ab0f116f27808aefa0883cea7fcb1da356f311f4fe3f7cde18c,1
626ced93a897c08cc56258992b525e2d4dd77b65892b95a8031a21e7199068b3,1
9a9b2007138a58410b6ec36fd8a398c9183933467c73c7d95f802feeae8b3b06,1
27bee874b1c2ffd5466ebd290b7ec1f0a39eeb84c771593eb297a4aaa9401f71,1
4be97d000caf903168e1133b73a6dae2842429374c5f9cae1546460f659ec1a7,1
491f0498aeb652f378cd38d3d892646bfb7c16fdf97d7b8eeda218e89f2f89c3,1
a5072570d0e847caa5a7a815657ca638d44d686a3d2fcc2812707821d49a73fd,1
f0c89767bb73fd349b572e4044e165ccd6a8943ee83ce52cbe26503c92084340,1
324ba1ee28fb9b96aae686bb3a924cc036e35848d9555fc317ecb9ecbb7087be,1
43356a90ddbf3fd5d33d075c3c7f7ddf9340ed10cc53b90a9800cbf74bbbaa47,1
d1602ee884041a3c46a30cb6efc3b85930bd900e5bafaf60e49a8033e864b11d,1
9214a43ecc23724a0c9a73ecff05836a3fd385a678cc0308ab0b33a1a556fdc6,1
4c49210117f5a487cd25b2b87479c673c75ca13c11a5a2aaa472c7de47affab5,1
ea02ddc3a7cb4fc3725fa676318d6c03dec514c8e9bdf3c2f8a93ddae8ea3315,1
ed6a72703a8ad4949da67a09e7404ea8f8ad5c8abd45406cc82e2ebe7ff2d6e0,1
37c6eb95141011193b21129a818d59fb0aa7310160848241512325942fa78be0,1
7485a555d6a8871b81044670cef662513178ca4d17afa89d8245bbc2d6627667,1
2dcab0effe1c45ef3c873947e54eebbadd3f270d858567e2d24e65c26fa583e7,1
96cae940427a630a6f0c00a07e8c4490ec566767ed3f8efe29fce5ccb969e486,1
234c00c02439b68772429021b321d39bebe8cbb9ffd54f4ff744c5a5ab70e093,1
f9b4ef5e5470973828ebb6424359136c62b106b8b3344552ae9c9669706db144,1
931f311df4ebe89cb045acbab5ee11f541bde9d34c285af03159b123e4103df1,1
b12572522c83e96ff09beff92463800f973e84d847723ea8951bb5e895a9c9fe,1
48b9cd7648e820ce6434e07680e9adf1f84114f59c4af5e8438def2640ec7103,1
66e39e1e56da0d7535d2e0641e97aeb4443ecbc368b3cccaedcb57606cb1b453,1
5ec0fc67af785e8c3d419dc373f191169c91cf865c1a00311baaceeff5da0d4d,1
e2855c2763af432590331dc7c9f7042cd4c53502c291be4df7954452d4a0299e,1
e7f0859a7199f0bf9e75ea463888ad47532a8d5263b83037a2a4a2ce66fa5f90,1
cd7897fa7ed7ee5d5c1ccf6ee5271e5928283b8b80ff1fb11699e7dae1ff829d,1
31a419b07e0d82ccf5e6157643d40c558d8260344f236f33fc5e2669e3f6c579,1
6386fcabac57ed347fb1eb4594c53130230ff5e43ec4625c5e8627608858f529,1
6e6a91c87558dddc1d20961a680be360a51279c78d98cc33bf2cdc583ff9c635,1
bf2d5ad7f013b0f258eae7f2b1c463cb9b07c12d9477176b91c92f5d67d6937e,1
65b6c19eafe700b74d697bf5a062b1816e260440855893d91f5c7ad1aa0ec414,1
5f8337bc60bdec0f0a0abba523289d30becf78369d50541df83653736b62870b,1
6f5047a64b1b4fa32d3c087c29e7f1789a9fa02e7f2536ff0ed42f8d10bb0890,1
0d5c5c4f48a3ab8f331c327d890282e63bc43377abffe5474fa5517618fdbfc7,1
a339140c6d120a0e8d9d99dcaa2f64c9457fb26a96b34e75b918c21e7a2063b0,1
187967e0d19312b51d90af594dfc49f26637d98a0ddfd79f3dc16a4fd5b03a62,1
e827628d499275a610e87cf793a6f56935db7e298b9f1effbad4112b1325bb1d,1
9bbd72d71291225107b21ae640c8237743ac62dc1c2dd5d6f670ccc3e076b3e1,1
6229b3a6d44f8c8c0b91ddc4e5fa9ade439aa995e0fab708b9cbc31e4b177dbb,1
d7762cb7fe84f24c85f5247ab311bb759282bc24c5933df567b5ea1ea5667e59,1
c893344d82704395d9e3278b3737a0d64577dc583f7c69d2fa76f3b1aa6ac08a,1
2570acbd7a30d4bc109d436a0831a839a7442dcec1db8d551d0c0bea89d84406,1
aca7d1c656d0984caa1effb6d2d3df9826e4cf4ff3004d34647b756015906eb6,1
095ad2ac4d6f61f510cacabc9faa88964c170f090391a80cebf3be0e6f3498ad,1
f21699a94e0ea139475867b3dd36c87c10761991585f5e7a8342357130661ede,1
c621cdfdfc87b93ecc40205a4d32e269d7e74bfddf2ee87d58944fbfb5fcc7a0,1
b9d588ce369893df513e6332c5208484dc84f649543ebc91820acaff23204769,1
c156c3c36f2d33cafe77e99064cda085642007a566a11c8c196f1b88dee762ba,1
6541325f26547553ec24b872c45b4231b1345ec165ace8c5f0db8f492b1af257,1
f763668d1937ba20187c5c1b0ffba687ca0c8b73813d1eab8a330579ea6e809b,1
832dfa9c7071c2d0134cf4f5cb1e83318458b3e7af1a56a2a28165e1d08d662b,1
f729858a09e026fddc1e7edef6ced8ac603ebeb7dd0a1f23949c48f30129e375,1
be6cd45525d2a31600a5efc9fb9b5781d9d9f73913fa3c1109140d38e4257bb0,1
5419da0f9bf84a34b08d1f13aac7d1d6eb4784a26f5bad2966ee0b596f19162c,1
c4d09fda8b583a7a472a20c289c94349f79f4b648fa33e8b34f44c60e83d8966,1
480089ee6a89fbf4025adb6a9f12f570423fb42154772f7da2c0c64d7f6fd515,1
36db8ca736ec75954d8833442221dda99a3fda585574290e42fe3841fd7bc1dd,1
d0dc2b9e50c50f28e96737809809d502d1a293797b886743fa16a01784c27a22,1
60071f06eed95dae911f6838c17c413d1b571f508c154fc22f4490e7b43f1605,1
b77eff0f4c9f881f08896f068e853f843f5ee448b4af05c1658d241bfb147841,1
7e93b1f12d8912329bab0c44c9b8d626a946694224603845d814275a42f757d1,1
05d58876a2fb1f6d0b5488ca0ddceaa9dad40090a83e498ad0c1c9075ef0d5ef,1
8fadb92870d9e6add050082a4c7fa63909d1c95dcc0f51131f527a5fba5715b5,1
2aad44a3efa059cfe29f3501e80cb0f1f136971fd760f64b9d76a80a3432f34c,1
76d904d5655e027d455c49295f9610ea20eb5713cdbdeae8c63f715adba5aea3,1
763ef9f818106ab1d95f8837175117e8f3040f60b956b2877f6781d20c9f830b,1
9286cb788b52abd077db4935ae34b97d4144739478f4cea122a4aee2e59899a5,1
8c8f1f34decf70fdf73f657bd138aa6761c2a4fbf11697def671201ddd9b968d,1
7f0d1cf0a097a00b416a3a2d9289323bf3b4307e64eba50047b3697a4714bf5d,1
5eaeca300d0140a97930e8e94abbbebc9a072bb1a07e19a8d1b5a1e7803383b4,1
c4a07bf6523feeb8fc851885481288f33a9029dfa5845a24d2017e1a1e314d43,1
d4ae7ec1c4f5e0ceb4e3f8dd2edaf27d0bcb6a3d354be8f41b4dc23824cb1707,1
71cfdf3815136572be2fbe8735c4ad8d720c7589ca4fff76b0c37c43b6d5a967,1
6b040a1e4fc0432bc5a8d0672b766a0496dd18ae24a820d612a75d8a59fcd7bd,1
42a00378d77bcf71b788a6d9900d0fdda19ec35e86486556ae7d9ae69ad40f7a,1
29aaaf45a72c9c6d186ded903cdf0de1a508558dc660882a7113d158787fd5a1,1
8b2cb9a9aeddabe3d41c2c83ea528325cfe2fc4046f61ba6de051d1e76d23bff,1
8a2ae37799455b6605fde6cf0b30efb5a41bfaeb83e1b969ad25cfe0cf6cb09d,1
d62f798d55e4cd192956667684703f3cf4aa7a3f0dde51ea305508be74d24409,1
fbddd00f826b2db8eb3b84b3bfedf1df2dea141f549f1e2aab01b17e10db5aff,1
df8d0713c1116ada1a1aee9664f6961e8444dbb29c538c4f465d3c0b79732cab,1
fcc31efc638c6f8af43f3c404ae90ae094566a9c11f2ea908596000c37f733d3,1
4407b0ab833a1e7e7117f1d48ec471bcbc9f6bdef0cd937c6fbb6df5ad65bdf0,1
2288e045900dcf3ec9a84b98345f0d8a8508648fea16fded176dbb2227bd8d54,1
dc0546a43e5521f96a94304b0e8610e7ad04822bc39ec4580e86087647908e6b,1
5b2f48357f9f9e31ac63a50ddc31473515ca175f8dde4bfb7d3c82f58371865d,1
896819e411a9ebb603e85ea1e3715c2724b72a7095182f3e79eaadbd273cf57b,1
c91549c732783abebaf9ab54d85029612636b4b885574c2d7faf24b5fe1e3f2c,1
afdf33e93308e2fc19b777e9a480d50e1fcdc2c2c048dc61f0598c577c31e144,1
084d6eb29959abde3673b0a7007283a46866ccb8bb22e830df047ea1c4efcb69,1
c0613f904ffdb4a8ab37b691d554d4d4a41ad743aa2ff86950077547a9a6be14,1
bbdc5efcbc0b14e429a20ae9a7ecd023be984e1636744f30b63b4766c684de2d,1
c8ccec1f51d8900fc4f9adb5069f710b5b4e91411418f112ac77f3fb0a36d60b,1
03bfd6aa093ebc4a58515b3e85b0db1b9bb2634c9ebf7161f5073867023dab5b,1
de326c5995f07ff970afe9ef04523eda440ef29745631a1a7d017a68262b81ec,1
c447a230e96d22704e745ab358cc32c8ffb71e1ba573eff35aa4326d035168a1,1
4be6bad7924c2568cac2d99c6ff6dd7c0b7714921c1ee45a7e271e48fef76f3b,1
83e1c2c41b01467c9f8be543f32afee859aecd30949b068cb3d4bc475eff10f8,1
b97e2856df6cda9a671400b1c60615dd4e8b20d0e2467454f62d266199ac53fb,1
5d7dc24cc5131e686cb67a4d95c57fe9e21741f1f2fb53de9571f7a4d8ee005a,1
53f3c0f9b9e2f51ec9d7feae033889dff3f16048488e382e44d42b9e9019f1ee,1
bfd2b7751518d40efc76ac581aea6869847c78c6e1c83b0243ebd5fb6b77c20e,1
bbdae4869841a2bd846d2827122c3700a160041cbae2ed80e9e162e4a04e0f4f,1
b53987f012ee5ff5a478341d14f7a34f53ef6d65e04dfaebd47b8a362f54cdaf,1
5f9edfc0ecbc64c4e0e175d537029a324ba995d1f46887d6a029ce10daeeb175,1
9e87193b6663630b4416721fce0b6d4400340701953afe444ece5e0c40e418d0,1
ba5695c713498a0cb042dd6e8e930969d08bed026fe6a121419242248d54c09c,1
ecefb3d1987e44b76132b68672ef1f6ada664cb5ab3a22b66c5b175603b6514e,1
e4adb67cf4da166ee1a1e4d7feb885e1e40ec59bef741092c3225bf1b955d5b1,1
b0529029dafc5422001a1918005542243ee9a440dff2564088e71a924478b760,1
ef9a535bd09bde6576dfa844994add802dfc3c119062ff8dc7e0c996e0b1c365,1
2c6b6713a88bcb063e3610ba46084e9c299a5de13107d832b66d91547fa252a7,1
3d18005c7e5078dafb532cf4a5f463f7744fd969f05859d3172024d4045f2fe9,1
1601eab1d4482c386184cb744b29c8bd9522c63d305daba0d32668222cd967d9,1
64321b9510a235800582905b6d78c794ea1d2f91ba23e3c3572c58a6f80ce6b0,1
cd9f50c14d416af1e178c2879beafa1fca078c90c4f6caa07259b752bb3230d3,1
a3868e3453c3ff88610bf6d59a30ff1dba69aa0ed519fa39433a6a77f4525507,1
df8914432b4d0eed88c5746e5ce0b69c1da6f38808f810f42bedef5aa419ae61,1
1968b0a934968fef4989b1d6978b7765aca699c96d5cc2b386921c3d385d6c59,1
6692b73e2b2321c6bb800bbe4d76cadf08c3fa1f9bd47b9940967e892f6f2c30,1
73ed26d63bcaf4659666b72faf619c34eb5ba4bb143abcb5205278e1249c4f16,1
87aa6957542fdc87287390909c819b8e754b4a5fb1a5c695c0ab0a8430f80e28,1
ded0d3f6f35d8e2a8d5bd1abee53d85de1bac92ae04fcda4343cd2e243e13eaa,1
18501b728234913ccb7f8ba5176b800b30892cfd0d90555bbda51150bab6a02b,1
c9fa610b0b74a6dfc333b45ca80292803910af4e485d6daedfb447432c5868fe,1
79c96bd5f0fb61bac2bbf40bd374ed6d88f7227fa2a899f3f89026993bbf0d32,1
a2ae655871e021e7a8938623bfa78bcb4a9c8291207db22c4090526487391162,1
373f55aeef64476902152e264322981d81f90cd18841c9f0a059fc53ad6fd8ff,1
605d77e2d96307d4157979a120597f1ce1c862f15f8e55c544fbb11642807ced,1
32c74e55e11310cb4276fcb0511a92191c7ee4003bf256b18a16290285dd0394,1
0c8f89711c31f9d5b62bc295b7ced19ee88f95554a879d4a3372887435077a71,1
b3a43e2c91067658a46e8a7e01c1614f24085f70b42bd6304e57f49789cfe9c9,1
4a3823c380b0d88769b114c32bbc7d119aa48f3ff53c6fa31571a1f16e051b24,1
d2a2687b0fd566ebbd76940b1b9019f6c32b7906bcbfe5b3a95fec7ece5c8aa7,1
12535e394d813e1bf934cf9bb25602c63ddc9ba68eba0b485121665ce97562f0,1
6c1deb151f519eca84448bf302f492f2e98ce7f6a80ad6e1d401c87f59d4bf3e,1
a1769242a85e11857b1d4f9bfdf7bbcabcdde86536e7cb9a0b3261f39f395429,1
94c9376c0a6b346130d4538955c5d478142e89fd093d54de627d5c47fd541cfa,1
3158628d4a92e84e62dc91e3f7fbe30decfb4fc3f357f1c30c164fbe7b3b50d0,1
57f2af76b8990feb0cd0b271eee061985746d7e70c67565db49d017197e7039b,1
f1c34683478fd471170410676b6e46d0c028de1bf96d4be3a0395df383fe3d80,1
169bf5733dc5e72480df670790e42390bf058fba291d3393ec46dbc79bc37e9d,1
1af9254bcabc02f9f9583bf07280699d11bffaf354a1e5417790e1fc3958bfc9,1
232d890a6e5928e9c0b31af60c65d7ab04600575f08381cb1d53f0070aebfeb7,1
0ab67eeb565cec084894b97945d5a4c8979ce54160200c973a2c1c287e5cef33,1
a60e6c1307284f5436e17ff0262ca0546c4b1c259ccc6959d03e58478771ed00,1
0b8140a228d3e67e253a5eb0b5485f9441cf6d3773daf0fab2a9581fe0d9709a,1
89e45c32eefc0c64841cb3b32e51a0e3f17c4b0b1e4831b086a9b75dcb1dfed1,1
fe8829051af9b90784b56edca6acbecb8f6275f1a0ea9328c6d52ae4ad57af27,1
ac46e61bfb446bdf673e36267cee1d1d0809021f0743bb738f7601326aee1ad7,1
99ae9aa6813f8a41dc269f7970e951f7dcd9b8bb8a4add99e017497c30fab897,1
65ecc9db475307020bc756562c188a65ea3477a39f065cab678094ca87a8236f,1
d800075274394b6814bd6c9a286b68344761d3ac207f92d36f108633e66224b3,1
3c23a5c639a4760a05303a65449a87e4e5d6648bebd9cb2bf59b360668760696,1
f9e384dd04f2f870e7bc276598af088c80bc0ccbdd468c1fb418c618ed930e00,1
d5563b980e87ea8b6b3a4f33d5822ffcc0feb3c8e6ba4aeb5e5e1384d8e353fe,1
8057a0595858db3f6c7ca77d750c1035c3dda849d89a7d66cf71195dc6ca2355,1
420782554f20047ed4c637d45934c8d07afbf4ff21255e4af45e65412ec06ca5,1
6c2bb476a799f29d31a1ee594222400f762b3aa96ffee1845a04b22c6ec3dafb,1
131b00c351b867e19de3f3babe3ddfc6c77969ae68d7de21dc1f6e87050d1361,1
5145d6e6fc4bf6e9830a6a9f518454dfa659d0ad27155de15c911ee0d5b004fa,1
c631b40bfb483707be0d5eeed126f866c474ef7a85c151d0166d71a09f1ec603,1
c1e3c1596081201d237fea9fb0589ba5d17969b52eb898a6a9536f1dc43da99d,1
fe1c648471c4ee9553122e4c45a87b5d9c225e7d553ba05479dc2f6dcab44aab,1
ec7d5576d87a812b9e3b69ad468517560e7d24e80d69d3a0bc31d7554e681e72,1
d637394ee886c4a483d020b97a001b85be021219e9bffceec8330de208ba40c4,1
22dfd7bafebed35f219d0e0d622c7a7556cbb3c00374772979044997378567b6,1
373d9fa74d3f06ed2799add9cda7cea4b70562b7a086cd7de60a4ddf203154fd,1
9c4c81a576d8a6ace909f0f663a0ea9a5ded31d64a1b13637dd750bb5df7cbdd,1
58a17e731ccdf5f8cb3a3acbbc0ad7cd2ff6e74d8df78b0d8c1072c8fc47cde2,1
3b8bc11635718df2353db4da48c8f0902f90d57d1e8a7eebaf6b9684d4d012eb,1
c236ba22638b93b4d64a6da9d3792813ddece23f08b519bba3f09c3dada8640e,1
0f9ee1204888217cf1398fe098e994a7fa2fd80b01500c6f5011d39e0ab27803,1
f40088b09f76710ce4badc0eb0de08d83dd94935e8ce6dd8a8f63c08657b0dc9,1
8023aa2c54272565163f0e96442381ffae17cdb219d74cf494af6af079ca6847,1
c292becf8c590c2374da403751a757e8f08b93b4064c11b873028404fb3b6b02,1
4e4e19d948d15f76a325c62f4ddcd36c76dfa00b2861ad6cf12c3624033c4f1e,1
11ce5177c0b70c4a358ee7d90b3406b9076af3874b09d11a5026188f0e5ed6ad,1
c0101c79cfa3effccfa34de50532fd7627213b50e2d17586819966d98632e0ed,1
85c3028404f64a25c2794e133fe0e6849ed9a825d966c101c2abd5cff4f41b89,1
3bddd7dcbc51bf6eded423f19b44ab3fdea7dffaa45460ab8d8c33b9ad511576,1
252be741b64ca30b34e5cfd33a3f5cb9d6cd5b75e19e0117440b78888300e34b,1
38c5ed0f8bd911c58a150b990cbc28de0bc46112bc9479602300ceda8887ff14,1
673ddcbca7e5b898c9e1631c146eb0d22f710742e86d3d297590a82cde4081e8,1
b187e39910b2b4c8bf1b6a7dec4436ed0ad1e0850d5e12675cda9ab86420a4b3,1
327a7afeb29544c8d3716b3f92ad2faf88bbae0a0b630de038f0afad6f70794a,1
88493bcd9e4e62f33b1f4c8d97eb88d1488198c7222af5b103e767cb40db519e,1
54b61f4df362f198f205dbfc0629eab75d43e236388eca003fd9f3e9318c16b2,1
2d1ae4dc72f2946c40ac78882b98c2b72f4214b3a8d80b56995dba66f7a2dc16,1
803f209a77a6195b9249c2e660d16c3fd0ca1dc9b907b741e2e57e4616f61ebf,1
d4965ea09d82d222ab1cdbd9fa9d7de84afa0447167d539aec88fdf3189066a8,1
725d87a2ed970a0e3bf040b59add1f5b12d766d87513db358adf37749bebde6b,1
5e4548c871dbf82f8e6dd0960a23eb091a151293287b1d9afe6fb56b89efcaf5,1
e5343181cbde4779f0ff43eca3034580234a882a09aeffeacb7355de6a2c481d,1
44a6f89a8165c924780cc18248518458209b2aa7a701d0b846e1c94c3394f457,1
d29a28ec0cbdecc2e03c88f3d5c033b85c78daff7a00347e13f973c96c31a862,1
7981e5bff9349ca98bb8f23703ca938175413006e89e448efdf3779049a9c84b,1
7aa717e6f017e45292db95b63fb42d0cd8443aa1fc441a1ee9400cf335c0b220,1
29e0429c287059a50fa129540b5165078ac277c622f3b3567137c49f99353d1e,1
073e0a898b9f600ba926e2bd211772b9b6fd4929c0f9296aac9838f065c07829,1
ac0ee30513e7c3e089890b6617bef1bc345b4f1a316c42690676145043cddc7c,1
b0c79e50853e1b6b99d3d975d1a4f29aa0dccb7f92f1f04012b6eb9c1987165f,1
47936b1896fa9acec5960900db242387c989d26ee71644b4f956d7f556758710,1
bf787b7f206e6e90f90969f0fe05a2b0691e5468fa65aa1e45c3a77f86a584c9,1
e6e459a4ab6ad0a93d486d65023e0e3dff9d4348755c61d4e421a7251998bea1,1
6f46850ef63999dfa1ac04ab7cba1130ec73e8348b56eea5cb3d875126cd129d,1
dc0ccfa923f58293826e7be95aeb497f22cbc77e7f6c6098ebd255c92ac96a67,1
2aa067353d86c9deb4930419c1a2859e803fccf24f2e389238380cb048e7f5fb,1
7806622678745d4d5fdfe2c6780dd5033c480d09aeca823bcf310afb9932d814,1
4ca3e1ced5757bb86bac3250d3fa7b37847e106f40beaf61a1c1315f648cd745,1
9f62dcfb50ad3e1494d7a7bda40dd10f242cbd47e442357f562d9696c47aac7a,1
a7f3692134569da9ac2b00e1694eacce102b97c891b3ba4ec9dbed30b59a5a85,1
35e355fcca9b6317a53cc274bcecc85ba4559ab4c07584f30bcd95c3fe9dfdf9,1
dfb68593db3805ffcb602192bd661bd3cd7ba9f07e0ada1b3f804c1bfa83bf46,1
8c08accf92ab3db77258dc4d8bf0f56e36d49a17fb136b471c49cbe3b43b70be,1
48a24a3a0ccf43f367dcceab95d357ec50afc5d2e40c899f740631fe239b1667,1
5e46ee86646afc73553b6ee52425b7e341aaf04f7c3cfdbead9e490df07fbbf1,1
cd4ee6b3d40868702568b1e6f24fe18de75baba9bb2a8b43474252a7f2c47d17,1
322450904b83caec45bb62a63051f471f575d5ab6059638425562f84bab2c085,1
84b2e44e1558b0fdf35a05913d14b6cf88e1b1c51188176189644328b2ea9aae,1
93d79413cee9725f87e134f7f879570c23b054113e619ce9b8b65f912b6ea3e3,1
bfda6f62c4168c8bfb3b0aaeb48041378977b0e6ef9b41803a7c2cc63b26bade,1
109a9a877055ee3be4fe4913f7b574f08a6838a5c13df1f41d8eb47dc114ae4d,1
96ef997618702de8483db7137f20ff0de8943958e3e25a7467794421ce075dcc,1
72eb45221b7baca8bfd8088c2b9a5d2f514cd582ad1af8ab0bba35ed3168fe64,1
fb84ea4ee14d0b1f112b3e343ba2432f20ec0014ca8d86b555707ba0513dc18d,1
62786e0067501f716e924ab336dd642779a8a7845e3dc8a9c4c09238790e3d06,1
076e7e37551744ff32b121fc6d3e13f3467ae6471fca83ca162e3ecf09e6b003,1
faa618850cfbe1243c8a7e99c7b8a8d918ab75fcdce2b69fb49ee8a8ba723c6b,1
4ea5aec4a953ae29a0b775579b44cd32ee2776894765bf8e07523a46cb79a650,1
6601556bdf28027f0f644c467b7bcda2708edd3535fc03f42dc3fa446ba24b02,1
a3a88c1bf31d150ee50f24772b019eb0d7f60b245f4d4f7b87b98860f6e4ba0d,1
f41a7ac0b8224db0893e9148d4b5fbd67ccc81eed351eccf216793d4460a1614,1
805cdfa1b8844fd31f1b6901226b11918e3e0b5e997bfec2c80ff0be6b4d6455,1
a6d1735832dc2d5a92919c5d9ff6eda08552fb986e9e884a8dd5ef2f4341e44f,1
add0805c44eb4d737198dac79644e741de69c55fe467775af57ce1bb1dc1b3af,1
a22d3fcb08220b572a534653467956254389bba78300174a4e3eb93fed84865d,1
9c14406eaa359ac3da4159a264ec7191a66e473b2147c51f22667cbe337ad450,1
ceb40320254f6ad2993128579c0c37a3fe6289bd84ecc33c2220876c68aeee83,1
ed97e75ea047f3cb618637ebe086f0990ef85d6d6e203e2f69140bd63efc6b61,1
ba5e226bea30a4ff1e43040b2d13b95f14e406cf3f8406e2f02a70b4dde8e621,1
888c0cb16a2b7f62f53c6e831d7423694e658aa7946e2b765d789d5d6be1da64,1
2bf238907fd2d21d86970d7ea4f5a4239155e7767b748fe3eafcbfc404584caf,1
b21188b3f4b5af84cff00d39e8c59d4ad229d1c515f700c54928729c3268246f,1
d3cf619b6a8ba914b5ae8b42d0929aaba2917902c6692c933ccb5216da170a23,1
152cf89630afcbec9b989373c5aa5595ba494011e7053f0c800e368d8e41f36b,1
3a144e1acedb6094e96cc17b16bc8885a2575bfa9a5bd6ee3ee42e164746123e,1
d1e1a8a111dcbcaa39c8c07a15bf28f60697c241f6d6491826b2fb1d036f2abe,1
a8ee39056ccfb355c8cc177355aad239ec6ba7035a85a3dff579ca8a24672260,1
ce5eefc8c892e36e7d73560fa77422260d795bbaa4e6c70ef8148c7fc5239d91,1
6053a0bf5b3fbbdadd8882a6f9ed00abaffaa8044983ccb3807bfbd100b55694,1
25c518e200e0eb2e450aaf77b97423848dfda5af71d38464a2c965854ac5e3a1,1
a2b9a33046a67fb9b9390c2781639226b3603d85f29b46f7e5ad32d1768803cd,1
ebad5fa33bfa1904578b54ee504ba8ca70394ccefae2c9015d14609d6243e2f6,1
72b66e40e95d927173ea8e946284a723ef6478a51ad7b67fdda87f8e31c767e0,1
d8ce09116d3186e68c5d31170d965b83e644216f499ba6ba99daf66d3a25eb6d,1
74776b2349ab86de0ccac78626923a0f0ec1d306f81317043de796078b93a7c4,1
884f281c23a4c7a5b50e1395a71b2afa5061546c6bd2e310d307817fc1a8204f,1
c329d8c0bc03f106d513340082fec188cc735b05be196604fdee90e7cd4c1166,1
6c9c2a867ae646697a00e838946ddeaf4caeed469b6c6b1f29b320ce800720fe,1
de04d0d991d812dcff6196d6d08e3a046195dfe8d61bc55e80b5128701381308,1
d5742adc5ebfd59ba0f8739ed89e62c0c6d2d411b1dbd10ae56dc60263aaaecc,1
773bc98ef42b3654a6c97c5910710011da3d5fa4bdd6ca6b50b0aaa9a31febc9,1
5b44245fb743e81da76802942e2935953ee51abd61a32f3064bf3974a091167d,1
d7ca165dc636e09f75713318b3eb0558dbe3ef85f0d87dcd5c1109dedd324f02,1
6670c92426a4c835be7675bdb61619675bd7213d0cef450179cc421bad9ab1cd,1
d84636c6c4b702d9fa78e93a3aef9893ec04f1796a538258fda00da8f8e17870,1
27a591279c24ec3f6d104daa84a7c6876d464ee3a9e7a15b898530ceb13a0ed9,1
d4f7831a3e472ac8df8407da4952b94e32c2fbfdc1aca3c23187be5e3f5d8069,1
d62265b2072b60599439876da473aa79bc9f94f943df38f8c7885aa6fe17caea,1
1488f9427ae74115146bd9d49fabba990c3f57c7f63e813d63f734d6645d11e4,1
6e053f0805a44cec041493376c4657b007f29175b4b9fb8fad911ce37fa0f7e2,1
16ea966c1f3645754aefb38a313ec76c127fd6cb8803516ad54ade3029248745,1
cab4d3635b84317a0584fc520cdfead04e6d891c92439f36fc56370841642b84,1
6da1fffc6dbdfd48c22ded5bcdeec2dc61be38227c5c507529214b4f9568637a,1
6030a83ad673f8c7033f1b4d5bb106be48afdbeb9a39a4e179d1b0384a82f96e,1
0f0a540a82b4ae4e2a0589bcb56c0600961d75951dc2fe958d2bf20e78bf1bc3,1
62aa01b9182aa8145301822462d3647d71ea3caba3a46dfb752b4871f04ac8dc,1
288ec24657cb54b0c31abe28dd9235f52fddd09d986b06e9479da74ccac1671c,1
acb263e88fd5f12fb2ba38b66cde07e3caf45fb09b0a3cf0c400aad9533add9a,1
6e0fe4d00993dbc2ee005a59e51425555237a5a0e64b9f1ba55de87bfa265f14,1
fd4d3ae3b5de70c679ca951440b9df92472a5562e6898ba131e55833365ca2dc,1
0363d8906efee848d23a45d09f471eb9417412cbbd392e6ac85c8df01d31ecf4,1
2639042ad0eaa6c07c89f9a410d124c2e88d838adb1f915e70ae593830d10281,1
aed745227b0a50030a5ea33e85fd07fdf4ffa9ca70227ece3220ac3f30df296f,1
4a68f6154be3146da8212c4eb79308942145a2605a1ad49d34ae84c7439ceb6b,1
2a7c697c2c9b6ff3d59d7c794518acd7e0e2f1e3919c7b562d7bc9aef4b23e57,1
b2337b16a110cb9eb8c63617f4085ca2ed5f8339cc7ffe0a41f5b5b28cda7faa,1
8dfec1b0a48717860e98d977fc8c10436688050f53ccbc72e521dfb1535012f7,1
a9e8a9e365fe01f4de8b6f043ba6b95f07bfdc9cd0eb8d5e8f5b8038fd2e1887,1
73898416d5fd175e2a84aff41837e75c3c4c7a3d6e026b6d1ddc1b8e71798c91,1
2f1f3b602b4722d5872d0ea4bbd166b48aae3ba1c45df454eae485431ebe1001,1
38b34f63ab25992798ffb09b6837c973e813ed1a54dfdce05b2467b96eac49c5,1
a2b04a64c68f42be8a2cee8b92d5518e322366b3f8bec24620ce2d1b16220fde,1
4ec0d1fbaaf2fb8ed18e50f2d2e4eee0770fbf1e90afd522fe210cb2b469de1a,1
d12ce70ad2753117749ccb33ab5aecc144ca7f50a478d97f7ca15c2c7278afbd,1
330fda3bde04b72a38673b3407593b9945f4d5df8755adfeb5b69d23eacc6569,1
36221e0043a4ff8b6088d9e4c3b5d468ffd315fb4f57c174fd21202350fe8b4f,1
d4e41125554ab880384e234577cde3cba93034fcae317f3691cb155e5879a9f7,1
142a8a5b52c28484f2b10abd80c8ca9885c2ae3238462731607fd308ad343df6,1
7b47edbb8b13d364a6b44cba708dc25264dbff3df64674e3c089d21417018730,1
6baa889519fe51e52012e29a394c3079729dfef6bb1051ce67b48a968eaa5928,1
c03fa4c99373e68268b9e3709a5cf42108af510fa4fd767f94e0c5ad88cdfe72,1
2ab71d6c9b059c50d27a430beab13252237f4d5354a511877b3e2f782fd4ec5e,1
6bf03967b09c61d491ed590bfc65b32016aba720eea61a95f195eea24d244673,1
a0a9e8fe84b9657538c50ed0b344037d0ef04a44505a1d08affc7118e6dbd508,1
4e17e9b1a63533cea8b2a11be50eb7179d04de805f90ed56154018c6b81fd840,1
836515b3885f6355b324cdaab7889d9e208ac1ffbf92608dace5662961c6b61d,1
41b294bc9055e12da204ce89f86e938bb17fe479c14c1547b7a4c8bc014f79d5,1
038aa7f5744a19bf535ffd9a8a0a4d09d401e33931ad1a0304050d4f4755b412,1
0f6322be104ae85a47be89ef04d53e9e332e25d4f54174a4bc1cea23b095f093,1
5af0c23e7dcf198e6722a073d6b2e1e5d361147274689390d796a5c2776069d2,1
41adf622d76fc1eab9dfa8f3daed9aae085af4ede45c202533ec592c2449432b,1
444f125bc2cacab6d765cc0138a0eaf66fd829f4fd834be97b35ad8be648ffe5,1
114e442cd04177d98355782a87a8db5f0eeac24342c65eb33549974aeda6ae06,1
b9c0753195b244bd98c45b7072cdd22ed97243c200fa81a17640e4a5512d40a4,1
17b50e65c55bc5e2705b4579de72268e50b95dc197bf8e29fc2684e4b0fd2699,1
a6248b9de16f4a00dbc6221855ddb8198bbc4200e1ec0cecf261f39ef14104e2,1
07b3e17fac3953b024a89da35f7d57bc8b7f5860524d96bd5a9900a118033fa3,1
127ccf197e98ee0ad38ec902c8c7bf30d1b8598801bbb19798ce38045bdcb617,1
368c7c1d09900b27f76aa61363a1bd2e3a963e97d153a60a9379e3d5aa73bda0,1
f8c03cb2f2dc7bca82c07eb5527e24a6887203d135fc71f4316cdfdc6d6030f9,1
4f6c37c5b4612ef693bca42b29c7cbe7a42ac8dada8b095e0c3d8d7ca63bb4c5,1
79dc1515d17e7555f181fd880f9f2b4d939d8cc2072997a132a08265562e86fe,1
83db86c796507bb884fa175f44a82dc2aa19e328f5969a53b48227c24a1f544e,1
8e21e3dca65b9067b9694fadb90db64c3d3ed7d3bd3af4a0b45617825a06c97b,1
073c8d2ea931df5fc4f188f4495cf012d13faf9ee226d53460b5b3f61fbcb4e2,1
8948c08bbb3970249912ce9b73411c6788eaecd022434b131bc50aa6493854f9,1
c7fecca07b9aab955efa877fe4e42fb229d95b7634a4316b09336fcea10c9096,1
efb6109d91509be28b46ec45db398ba122e6a6e9b01912508075dbb5bca7acfc,1
56d942bf78abc2e2479d2c74491d1f93c42c62bbadb505a338a591633e55954d,1
b004119a488339d24f4e6816af5296ff318908ad8d63f2fc239774d66e311542,1
31154e5c7b9ab35bcec40c9ec3064c0e3247851c93ab78ee6626b7068d5b8b3a,1
eb0c6b71f2263b6f44279b25e2d8a7cffbcd7f26265c8538364441e71634d6a2,1
fd87d730e5a050b69afe373488af18accfef1a5ab39d347754e5804a097372b9,1
a46771180f19b834f98cb9405a9d99589fc206312d65eb0c51f286d3499a76a7,1
c3c25df4076f1bcbbd457fa8379a8bb880320c0c6e182b380e94ea5fdc80583a,1
a2e4883c9411c0bf48ca90c3c81957a9682582c79d9eedf3ab82c73f3aa61ae2,1
bd6d85d48ca24e881b68200ab9258d9c935ccd1ecbe4b68f0245f87242118d1d,1
7be39a1d0be25f0796df243b71e81a377d49cd5f9ce1d81a2001e6a3732471f7,1
dbb946f32dbcaf92c05d088549b43cb303bb4a69928a77b661fcaf3940e4fc82,1
0518c9c0cbcf773c1f3f53f62ac932c014a7e77f7252e8380ba95b065326e63c,1
ae45a21c7b3a1b7253de0c23749af689d252da47cedf65605ff0d2c9cb54fef8,1
412e448c2af19d6110d6a6acd19c7c5058c0798b074c4adb12eb7c52f13218ea,1
1d3dd0313939e8aab81715fbd7847ad1bc5bec8997e37f70f6aa6c080340d154,1
4b1d00bc678de402dcceba2b56624ccd706c07b2a77c5b209bf5eab403e1fcb1,1
4f603b9c41f1a7a704117665d9da9959ff3a0e5166ab7a17b1906ad28c5cc953,1
027a834caeab2606fb196a3c4d51b3d71418e1acde1b568a7383eb42b31dbd8d,1
10e5b84b25ac4d5a06878fffa1d41342d23a5fa3d3c90c026f8d8c428fd1e787,1
80c5b25a1763ff8849b60d99fe1b657eed82e826c3828b75aa6fb0d90b5d0255,1
4ecb067b4518589b139e7467e8740fe63dcc67ae0e34b22c00c474ca36911e5e,1
4d8d4dcfba94a3e138d7068f3584a858e18956e41664f53610c734d81481c637,1
f063a9afdffdde7ae76207f9d40f9166ab9ae0308feba7c532b7b12f9f69d7a1,1
216cb6fb69568470323ee6c7bc1589aaf455234ad80e8ef656d2170dd870cfd8,1
436fcfcaa03af908e68bff83860aede0cf36ed17ff5dcd31c3b588833a2f075b,1
c949efdcc4b3d9782a9e37ba0609e2ca8a7d49751e95c86cdd6b7b6568bc417f,1
e56965cfd2afd97ed0fdfae57aeb6b634589587a0735b964055b10010569bac9,1
3561901c2291a15e7e4f0737946fbcf1788820b13bf1fa2bef37e2f59e1524bf,1
611e635f3660896ab8daae49583226a305578b324e1cadc5dd3600789fcc04de,1
421991bf93ffd7d4d2b938d587309e2040439a437eb1637e6070a0beb1936759,1
a18d819f248ab7992a6d1c1cdd5edc91c6e211bda1a04b9659a3d33204df447d,1
ea4f6ed1d2ffc89f25498b0392a6550e7a60ac5750a5f58b8e11c13c16cfc677,1
2f881f55934542814cb49ffecc8c10ae6545ff4fde700375c50a593ab89aa508,1
a1141de2b687bc8b1adde716f0b51f4803bddbd449aa6866adb98c8400ee4da0,1
0b8b5ea2b9595fd287f48c83c0d5e02137244ad09c871e2c6b8bc1c91271c762,1
fec2034206dbe60fb53e376ca63b28d1e90a51dff19a32588a84d066e559a79d,1
9662b82b7c0d52bc329b1bd3114429197bafcbe5ff2cc71eac6299c3804c6245,1
cefb6aa82d9fba6ee00c51c95e5d99f473fc5867838e115583b3157659b6316d,1
0f0750f4ad61ebdd9f8a93803830e9dc49006ad45402bf5db8cf9f2e217c2953,1
26a576a964867365c631b3b83afde9cd92931f5cedff0a58d16b80b565244305,1
2b3b1bf0418819675d17f77d36e39a31ef476dc9d744710d73b8460a1b9d608b,1
6be91b14eed2d873e8a28fe596525e15e5e2a21e8c21d5b1d393252f9eaead2e,1
a124ae2e62f8a385deac0609eea9cbf759714564c3b9a9291a4fb732a9d3f412,1
a4df6a0b0f036751b0338cd741f7bc03323e1d027695e2aa7d332e81c56be5a4,1
81eb86f2b505bfb500f4102bc55e87fa1cb799df5c0b665497a09f16e09c20fb,1
9a1527a77eeb563abde1d9321a949626a024459b44bde961cd6befe72e713095,1
9c2377e711a615a5e00e9b50982b7d60c7c5b69a62f9582afe039b3dc83ed531,1
91b2781853ddc41204a33b88bc01c81134c42f151fcae67b73a6a42fab057852,1
1c434de50e73269690cc03be6022688d1d16819456fe95f6033342f7e0ada93e,1
3087e06ec31f7abe3a745f0f1e255ad61a08981ab9acbe72f47f79e7ed11cb2e,1
82c617d3f3ae48ba4f254690ad43f92959b82e5b92fa3c23ca774708128d7434,1
cdfe13cf5a12873993484fdd2c4dbfd1930d1058f986e9c0413507d680c93004,1
05fc8eb39df1fcb1169d92f1a710c2d57c0e6323644b6aafde7a97c9d618706f,1
ddd7765fb9dcedb74c0fe2691c442070a48e3fc4a509e745b130c3c256d787ff,1
871d6b6c31e8a078dc0d541564cbb07f65414f0e4638ac0f27824275a3e44fb8,1
50437f2f34638e3641b23b735e89b952a92bf874e25b49723f68bea6ea442dd3,1
416446ddc9fd07aafef6828e1f1f44057ddc94acd3405ad11448711249b46ec6,1
6c700018c632edde16818f6aae5796bc4a92e4c767e14dd20b32a0bbae4f5891,1
489fc7958b5eb5af5e098549f257cd9fab66846b737bb2f89cb58e9ddc292025,1
09bb4316a54eb8376def82232c15aca37955f685b7f8c44c3edc05f7495b3d3b,1
f34b60ea1a276fef06353429165506734725fd20c540e449f27a6bbee431fe53,1
28d0eccf242fb57ffbc956fe925b70328cab76fcf43d2a896e883f2c7b5ed586,1
f56f35b1be08e1f494c7f3ab605eec249eef0714438b18e3317458f8252d932b,1
7e533142b9d5b8f5f19479ecd9fe01ec0f95a3f65306eb8ec6c850d066d9dba5,1
18b8b715e94fe1455ed842ce776dd8b925b24056bbc5034795abb6d633f23e7a,1
8495b0007c2b66e412edbe614c1735316bce9a65a4c821200733c0ed8c53c12e,1
9efdc2966180b64013e23e5a4d7734853c3161b99e2fdd9fe82d001f0a6e0e02,1
eae06355fdd54d925a2927254435c62a8ad6d2b86be2d0e414ba59af918da4cd,1
b8ea118d8f11a3e136e280f84b36a82337df68395b99cd4469de6c6eaf7e64cc,1
afbac642e13680b3e7b2b45264a402373d18aa464a07c065149fe8f11de4dac3,1
9771dd664717cd158bfd07bbd31657f33d4a7583a85bb50b6c0df7482ab257e8,1
eaeaedfb007bf50785d348437549b2108024aa67b1cbe3163274e949115382cb,1
4bb6266bada3ca1928dc34637e61268f80ca4f168a2abbbf1872fc8b4af41fcc,1
bbc7db30d98bd96aaa967663c9821d029bf931bcfe8c2b529e900fbd82577ec4,1
78e0848251a80ebd11d7e99d0d0e8fcee2a9cd6f53185a02dae462b41d3ec0bc,1
139e3a334bd2e52dd088e4c8f7facfc613236e2ba27b51b85d82c0b7eeceadd5,1
036a901eca5e25df2d3b54a67612fecfca6df6f12688d828ab56453e03bfa4c8,1
598ec506911b2daa268cfda6f10670b5cf15db1337bc6d9745cacfdef44ec295,1
9ca81c325493be78712a330770f87efd90e575f5e73bcc95ac38e8363940e68a,1
9e99241aa69e0d6cbdebdb561857528b50c8010d37d86ff71f17a463c46a433b,1
72fae1eaee3be1097bfb3c6ff54c6b22d374631152ba39407ebbf0cf7bf2f1b0,1
9052304050ee2f12aff72a907e9d039e0b6231fc8e7770f9f513b10281cd2183,1
f4882efd47c3052ab0739882379b348ec7a51218f4d5b74736a6a78c59005003,1
11c82f3420d6bd7519afaa92ef60b3adcb8a1aef9ac62b4a5069a1f5f73407df,1
f03c04c5f08fe27a200250b3bdaa34ae3a3a9f6cae043001daa0efa39eccbee1,1
1273cd5afdc40979d17f28f387f8b5c7a885929952588536c6cef161cff28880,1
72e8c4280e21ffc30bcfecade1ec6968c68986c62cd8b0785918b3856f9440a7,1
38704341a2a5872f5661efd3e9bdba8dc0e890f11bd98a26ec1ca8b921d56133,1
405b8cb74f2f467f3a2469b364d7401191d4a5f33f6e763e9702440304938d36,1
3fceb94e06bcadffec39d41a2fdd11f4737c8275d290a51d7b387b5bf15a9e4c,1
896f4bbcbf75c454ca68986b2eacdec602a3df6c581fb2cd119eb6d38275eddf,1
8b6ad119defe7e7bee4933d32a5c0031b7abef98eec4ee5a961166b21818678c,1
24387806e9dfa228360163465875edc63b3d8ffee00a371743396640022f0865,1
9b6c45bbdfc0f93fd7f1e966e844dba5d983a8b60a2629efd728e2c66c7c1bfa,1
058f5efcc4b04b8dd219a73e8393e801854107fccc8f27bfad95dc7ec407ed1a,1
32f11e9a7ecae5a83debb691843b69c5150a2b996ab52f4551f41b00f1498428,1
43089a4cd4b450bf2e061a02681f925e4d7c4ae20c4a09d95050e4bdba527d21,1
8e6e99d6986f3c6257d99a9257dc9f9001018980dfae0637b4bb91df6694218a,1
0a56ec66a37b0327d97891b4ad6e0300d8d2f5c884a7610c65a5395b3250ad37,1
6094518bcd836945c966ab61f6f539f38293310de00cc714f1f7aabc4f06428e,1
333c03735e5ddd04f38f250a7ae7c6629a81d450b38076497fc926bc316f91ac,1
746be43198ba82befce63bcac3e66f18ce6f2a2bb3c50ffcd18a08890da08c8d,1
8e7e5d31a2d5737b55799912b22a4e99447c99eee34d9c42b13907707d0e8f7e,1
c1b8eb32ed029450cee1dc5a395af35cba5af668858eb2f81d1fbf0ece55c07b,1
b48f8da094f9e7912a64371841ab1c193e93ee63045d8e591315859d912b7157,1
e8994947a25e315ff44ef45e1fa855fee1d029c20e257285e2f9245ae17956fa,1
9da031d13312bbd6fa797ae75774b772c277c8d6fe2c3d85ebfd077520d39c0d,1
f09b911180c25f0cc52c50f78f2b5df342d92cf5d692fe6bc596363d8fec41e8,1
c9469b553884e86b7428eac45e5766c5d194111fcbf3f217cce9efe2962f0fec,1
ff8b8f9e590d864434260bd986bba49ab0f1747bdc05bc281124e14bf27cd642,1
03e00ddb72102c5e6e92e1102c8f73e1b9fe1cd5c330bd7db467bbd600b475e8,1
83a75edd74e567f013f6f27af2f654e154becf967f325fe44a3912585ab2ea06,1
ea0d9ae116e1e3bcf8596f5aac16e2b95c2fb2f02f19f82b892487811fb93be7,1
5ca8eef372c9ec605fabd46b2f9cc0e38aaa69864f4b62ae99e92ce85e9ed25c,1
1e7dbeb75fe10c277cf32f2a970b6097dd8bd103d5bf7d48892249cba0b76f03,1
7d7b30a2f1a3569dcb4848c86f16719c796dc5bbe5e6a33cb68f88b757929627,1
8ba9ccf6e9e6b720b3604ec0030fd82bc7bf3d487b24bf618dcd36fb7dc1328e,1
5748c81309963f64a947663cc154065b6ce5c8a474969b30de93ce540c1de63b,1
bcae839f01fded95c6fa5d3bf721898cd8e456593f08aeddb3b0e6d06e009864,1
8fd4177958abfe32b44bd456450c0bb6b9c37f1cfc977c2e76b66e80ea3319f0,1
a127919b9ba0b245916fee686454abcdb36ab0e763177ea692329d557e7c101e,1
a341c54bcd77454bd17888ca23ce85f9ab22bfbdb53c65358925ce46d4d1edd8,1
5f36cc648922c3adfa1096e5167a752cbb4124d3f25c10f0103c7bf7396c4973,1
b13d133cb8ef301f3b4b583861f1a67fc59675704f00a4a0d7eab3e110f561cc,1
ddc1659e190d1db10ad460544bd25b20d56fbc71cf564b556143a7a900840a07,1
f7904c5f5df68c811bf7c27df9182784a8341f9e956d9f19794959218af455a4,1
bedc3a3b61fdf234d76884c997fad1e7b62ffb06714478f03515162d27a405bb,1
a0efa9df96d34d65ec2b842098e59a37831696534acba6f0206bc43ea379f7b6,1
bfb29b0f16290021a6df535ac0ec42b15e7fb2d1b881773540df24b202e9a49f,1
f5335f71ad903e74a12084426f873b3dbd0b3b9a80f232f4eaed250316d8ffe4,1
2893faf5c8f1d9d92cce671d36e841c15b9b2f8c844d091ffeb2f6965e87065c,1
6856ce9302caae6852dc2359664c374ec0bdd6fd47747305be74a0b96fe7e484,1
69aefaa6276976b92ec0add6732aaeffc397a38fc3b802753c231f45d6dca4e2,1
d713be00720252b25b86e3d41bcd8af70d91b2b04de6fe9288a4d0ebb244e45f,1
4f3b1dde25841aa2aa34893d054242c895e39b2d98c88659cf00c5ee6864a6ae,1
66eb32efdfab2aa5662dafbad33c30df7732a28079230b4894c3de4cf836ba6e,1
1423020fdb36f926b1e10c7879c17882bf2977d66ff2427cd71482977cce3ad9,1
f869b02b8d29fb3d0696842ea569dd5edff47501a9bf83e97b04e0046e1122ac,1
dbecc71b0bb4c93c770414efd01d66c2d77872f0b17dd10cffa1c0e5301dc1fd,1
98f197039ab3ce39e4390abb36a4654f954b9b6cf9c2c985c20b8ee6d64f35c8,1
0def16f04d97de171ff5af3916788b45bf10fa44c192df09a0947bac332c33ce,1
70082a876600d539419697f3a1f5b169c9c055dec27a47fcdb9a348335e6583c,1
3ae12257ff1e0922a963f286011e7b3c5735f07e6a6056a7fc38b1bacfdc29a4,1
31f429a655f94d5b5b4aca9e400cfbd05f229fc909d0eaab3424996e74da6452,1
75df9d15a48fd879e14595c4d919a14e6884c6fdbcd818735cb85c02ccd5f7b6,1
ff151ee96509e6a7632459c4af5b788f5cf2dfc9335a2025d12c761c38baab99,1
33616c2c74726030e61fe7832f990b6e1887109a0b7b94e45f475e93fc59f0f0,1
6545a16c005389b97350936b82a3dcc841487f405c93b52a2f0aee881a332d3f,1
96d375711bda39996fa7efbdfd9a1404df7295aa7e0fa06103e9da0e77397c35,1
99857c5f0fdeaf119731daca70a63fe86a3c32120f8a46cfb5bbf3275272e624,1
3c5a8ef36ce987e2fe0ac594b873b7c2aa04ae4ed119c071bcdc330dec02bc79,1
1dcdf3109e6b64de4c403713212ef6f74f8faaa302530066640c5d33dbb5514f,1
bbb2fd0eb0d5e8623e4a5820676c824173b180a725beee977e77151ef3dfdead,1
450d8145a52c72e62e341f0140dd2160916af614aed33ebf702db5177b659ad2,1
3c7a315e237d01503d4a1a505e8c8be1a7b6d79d17cd1c5801353d206ed57808,1
1222ae0e21bee34664c9efe8f2c8d416a29ae2677a06b31c51cbf01ae804cfd5,1
020b46a605b6a67c778e2ece5b202203f38a8b3b325b9249d55d6fb95681283d,1
906aceda9928e1ff386f4d60afe14ec062482a40d0c9ee87f9049ca2833bf808,1
026bd207760a119c0506001a447b2c1e32cef56a1a46e0911a9fdd7a588feb08,1
40f9a63fec10ce15971fe955abbc9c181c7a83ac1491ee8ae222f3e9c7a5e893,1
c418a6b238ffb7b7a2b227e0ac6a08def5f55a22577bc5ecc03399b78d9d05f1,1
28d10194a0fb6019f456ecef1031bef8dd065ab58906d938ff308952c2d65a93,1
3f2887c09d8a158f13eaccbde32a9f14b51bf519a38433dc7c506c98cd94c4cb,1
f66bdcacae8ca595413ea5f783e81b33d5f94e6171883fe2a87bc9e4a27f39be,1
d372b7cbb188746b84a71e499e139ef40dd58e2c77e463c72f83bc7f4a548340,1
39152fe159f7fb92a408bc17b2e8b48c8aca7725be8816b82b56a01b514f0fd9,1
188fc78f7b5e25a2e85a1c7b41b7048880deb5845778e4c59718d518f6d33b7b,1
48a920d77a7a7368f678790d5bc305d2b1148aea49db22d04dae02f8972e8853,1
3227f79ca4835a305d662a41795dfb4535845f2aa2611d555fe151a86c2a2b29,1
f8cd1fec4f3b2dd9d6a5d017967aa7b8b8fde87cc448be6c599f66dbe143ce8d,1
48e958d19470c7a2b8c7b3f7c04e7faef4b6650056823832a4235bee8f16ffcf,1
a328f31bfdcd5be95b0ba1fc0b3d80494127515fe1989db2bdfb13916475b8ef,1
5f4d2f822a38d6da97604e9078ece8b8b5c85f768c6c60f36be6406504e5d7fc,1
fc27379287f05937821271ebcbc288f13ea6585ccc3a2046fbb5ba07a670e275,1
501e62264cac028cb5c710784e71f8f82a6327b40baa3fafcd2cab4fdc2c6a10,1
977fd753562645cfc8f71b5be9483ac696fffb90db5c25c36519e31e401c520c,1
08780329074fe47eaeb647788ad49ab57fd25faf86e0b7dd56e3561a3aff4deb,1
bd6273212b867a87a1479015ab5ab434bf6f3fbce8f07ab7563e084b25f48339,1
0ab1ba06a14b8fdfaf21fda3a5146b9c2eeffa1dbc1ad0e6ab6be5df1aa9fbab,1
db650d2989b2915bd7638870c0f3272a035ad81f9e622c74109df6e61a534d6b,1
b787086afd6a59f4d6954bf22921bdc3869e2242a081ec8f0f3fd8c7a92ce530,1
f681bcc79cd326cbcc2debac15299653acc95fcebe48da3bdd5e09771de6598f,1
cbfce1161520c8ab0cc7b2c3b810717aff86970f95f3d251567a4908e2e035a0,1
cf0782147cce9b1ac92cb9350bca5d0500384896f629f8fc9ea7c17fd37cfb57,1
a57f210ecd44e3da1d574b8ecacfa5f5f74c3984b048844964c08465bafb6f3c,1
9ce19145aebc57f83a37f76ae0243b5ed9bc287ca064a6ffa643e96ef67c1d1a,1
bf185154323091385b318075c52c5ad0c56e0ad7af6fda48ee9f0e6d00beb8b5,1
94001c7540ed22d112e634a7f6f12f18a39d82615ab80822c424cad6a5e372bf,1
ef0be83b070c69c92109684efc60d4c00292fc8b0a9852324905c92abbb1fd6a,1
c9889554c88772b72c8c3a06f9e415512fcb92681171036377df8b9085df181f,1
14b33ae9752b70554203290677f47e4a77c64235f05ed6f5aaa2b6134b8c4356,1
0cfdd3973d9317f705d2cfd8467d0bb38d144eae804f7183ab415ca2f3e96c87,1
4b17572ab3493cd43a7311283cf177f19b412d078baf4bd943094f3710b1cd02,1
4a98a498ca0c6e38c576a8308100785cfce17c70f9a0d5cf644602d7e10a6e3d,1
3c08067b3d7b37314278548fe61c567afd7285debf6ae05132ac13edaa38cb1d,1
5dabc0d4a4edbd57ae24a9f8c74548483047ed4b84649d26623bbfb5501ebdaf,1
c2c10f18e5a88fb4051075ae58f97164bcf261fa8162d40603fc76dfbc9685a7,1
bb237175591bf2503fa456029df8ffe0d8d7ddf5480c7b6dddcd6f3e196e9f69,1
9e09dd6155137e3e3463c46781c93523d9d1ce81a381449209f757afbce33e74,1
8f918c301ed5391174a2f88ac5130be1e0552785565ea26f1f025f5f4af794f3,1
1501631d74aaa81601f3e8bb58bcb73edd35fa9ce4a97d31df0ce94ddc027107,1
6287bf4f855151da7a17d874ae8bd94e2e3c83751491d443cb8fdefef71aa287,1
f53ecb44c8f028fe56fb4d8363c284facd48354228b7f57e9cac527e99e93429,1
197598bad26dc9b122820702fb54fff5e1d52922d491da48421a6ce3a93b2fdd,1
519fc4e7ea0262b9552225b97eed009ff33f58fdc71f8afdd8bfe03a97c97f01,1
a0d9edbdec1c1beb5941b513723a6de3b02f8732a955ba7a215b28dfffc83779,1
7a643b10d20350a58ebad6fece847a1f6861c118165a696e4bce9888a950d50c,1
7a622ca07b41979a24946a35b61c70d8cee93f15481b81b1ccfeb9db375ec215,1
37c3b06004d1acf3640bd6fe2412c40027333b828bb24a42c3ce95c9de105d8b,1
7131263837fe9dea1d817fe4f8b52be72e64f3b70110fff01c8545810ee99ad9,1
f1c4f4c0b7dd7f580e4bd5da41ca29b8af4017ea2f293add0e0fb7f8087ff024,1
69fe04d99b4bc46cb7e037a6fb3dc909be98537f9300ce3f6c5f51c28a5c4348,1
51c820762c83a5cf74ee47f53f8e7f53487406d68c5ff848cb5c8bb879915a94,1
31e7c900e49066cf1064a546b6b53f1a50a8bc106d632a3d731a872d868683c1,1
046f8b7a6028b1fb0712e0ea29626281ca34f3e8ad89136e92294494c50681f1,1
693059e62fdd30a46b03435b8517c4274db055460bd54c49b9f9331bfea83439,1
3a5dc3dfb4268feba3a1de5286a9d3dbfff5b6851e2b1d099136c93230dd03f1,1
e574337f6a1d8db4f969d7474974094cb0fda964f82752260ee620fa0fe7067f,1
f2e5385c505b9185a09797a01cedc5eb18ae2274b128a400d6ca79de323b2879,1
343c7e5a662ab5a95b703f187ac18146941a5842def07a223972a9474352627d,1
08a422ecbb8d27cf8fc6ad619262f95323a02d3ab37f04b30e9b15b59d5a7678,1
ea945fe083006760ae51c1695d9740a8052302eb3f493df7446a96a9b27245df,1
f0fb1fd08be1160140b001099dafe83adb28d7daff91459eea2e0cddcf33597a,1
f5802bdd97e40874ceb493e93df22a015e9c08ecf2588adf5a131362e68d934b,1
d1e6543b1b3f8107e58f3d8e37d52f6096f573fde04a279219f5c2cfa493f6dc,1
ae7af8ba4a3bf3230cc6beea2e655be2602045a8359f9e8a7687c8d0948c9f29,1
07ff86c8b8139efe4622bef6141f76a4f2b791941f617c149cc88ae18103f162,1
d8e7a8f023bfda2d88e19891ed62098ad0a42430013666d0e339e8e6f340ab0f,1
851a49296972de0eabb3a3f5d26f2d6e3d32091fc6459fb84d996796fab2688a,1
b97a8f96e163f0d235b21bf796a2c7906b3aaf3cf7285452a9def8d1db77d4fc,1
7d55c7e5ac293fa94783c9325a58996806b12728d9b62614d95b837e5c3d456c,1
77e129a58ea7d8870dbf1bdaf196e6682ebdd6678eaa00adbe5fce7f2287dda2,1
ffc0203805dbc467c71a8125c86bb47c8665d65ac5786ca08836412b0d60bbe9,1
35ef6be2e5be1f89c280d4888f9b08b47d5a2b2f5fc7a84fd64710a11f50730e,1
968aafb8e7b533d55ecb1d95164458ce219692dde80716aa8b78635c26e31219,1
068105caf3978d4314e6a44ee0fe6d6482051b97d2ffbaa18efaeca30641ad1d,1
1f65fa33d20972d01164ef989236141b73be2546127ce910b5d6ec60b71b3de7,1
dd91a1fc551627996954ec64277ede8344934222612d9a508e55da0922b1b0ec,1
a7c2994da8219e592f22c3d5496f8e880f664887cb1293b5b2c9b5fcb4148ec9,1
7766578dacc9bad3240d73e6a8ec5673068f941612e0688c9b7c6b585a99c7c1,1
353af7fa3ed2cdfb8ec55ce9a2bfa02c1340adf99dfd3aa8d7a0def0ee4beb61,1
da325610530120f950d3f4a72e7ed3699039b21a2630b2a62942d1e7477b9dc3,1
90186879ebbcabc7b428c4d74931a5b96f8495b681faad3c04d887f83fff38d2,1
07b899d139fdcf4ad34d0baa13563a4c3b9c0022d1846886d3a00ada476e9c05,1
1e9b624a3a6b9f64b2981aab0e273f9d263cf5ceb2be0483102609b0d4e32c3b,1
e05d5100910337bf6c4b8c99e2eeeeea33e4fb16f8d45a214d09952c8b2aaceb,1
2e85f0b5415c66c4ec95cf431d4f6840af546e8e1b60c2cbfc9249a4d7e445de,1
cba989c384cc3f4e5a33b73e6b86c44b729add2d1a36aabf5e77547179034845,1
92de89e4938e946e0c9f2c9f3cd85df65c1cf9a6628a2e91fcab0bc6f5fb429a,1
2148a7d87f094fac8c73424e44c783db9096d285dad978621ede9869f42671b6,1
1dd9ecbe95a568819e55b7d946d1fd3ce6a042b94bab19da668cbfddb1ea3705,1
ad7ea3509f9717ce99956b5ee1467ca7807d753c2826e1bcb41769a93af1e4ff,1
a66848edf04924fb1647c5ba0fedbd66666bd1f0448bc9bd008fca7fb80fd28d,1
5c52385bca278424288247bc2967fc83db730e7ad4495a5d3108f6ab61302135,1
f777bb11c5ea046a967825096ee026e5cdf3a2b3178e2f70aadaf94954138a11,1
29427e6fe78f50d94e4c7e8c0af91b3f757cd15d58ed7f7d7a687b142ed960a5,1
74a1d1ea0a4dfecb1130bec28bfa52387e0a7344c8a03e4a1b8807486fd4c1e0,1
b4ced9b35dbfdbe7d82d2de374840f67c2658af0a46f23b3669aadd66bef8477,1
97783f474246e2269548c32af76d8f4764fbe5f83614c54bcb9f19d57eb902a5,1
e04c0c00de5576c770adb9fd9f322a31d0e5fc632b7aeb0d5c666bc2045d0abc,1
6b4442aafbcb2e17d06d3fef26218840095b8f2ca055a8207f027fe27fc5fa9b,1
02529f4d9d63afd7d4616410fe86e16a78f73d46d2b07859514b997250f82a0a,1
487c4ab8dd36697bec0df0029eef1429349f788865fab45217292997f35f376e,1
3ac9df8abe12bf7b184f72a19529e94952ea928a13736aea295e0ab07518f173,1
cc2b9ccb0cac3bfc8b741641c2ab9a188f5c457248287e3cd44c65338cf74475,1
a8905014324aad00cce44e7c3a1d18724c4592d7ccf4efc7a8fd042232716d44,1
aedcacec955d9322d421d8c7454de2f377be6ab3079487bcdbdf25fa9c6c4174,1
35b5b54d398f5d172b67c9bdd9de535a84c59e41971c61d21d071568c44ceba4,1
744d84515d59a85a6c8a80948844e3a2430eeacfa12ac980bcf8331888062bf7,1
ac792fb4551e563a48e687702e1540afb6eab75c8a0899f43880d1fc21d007ab,1
8507f4a4aa9f98a0a3b3e0efb3e1ffc7e0fff35bf539cdbccd562d79bd3f7197,1
8cf44dca92be598f7ad14b286ce0b88f456ea42ae23caef5d32af7d5efb9242b,1
cba539731b5b82d05567998fc70a7e426074a34ed125ce4f530dd831d43eab47,1
a0053c946b43a79fed1b7d6d966606055aea027bfb4320f9c428cd55659e5c56,1
5d861f6d0481e5df3ddf2cb0166c5f0777a803f25babb7897fa5ebc42841f742,1
65cccc8f56dd955da9caba446c79df14694ec4dce95854738b99ea8ab6776201,1
9e5882b03b2308c1d1e413e07438a727cd68f75ba8837b2d43b29365703ba1e2,1
537eef0d93f80ff1c8a9953c8392e9c90e998d0b0d4bcbb09023633b95378326,1
479e24dff9ce42ed21a7fd1d08e319c9a8085f4f1903c00c8295e4f2c22ca8ac,1
40f76d6824399161f3f0e3805598e227840225dd869c6fdeb10a5ebcb5531ce5,1
fd571202aa5d58a1d4911551ae92cf5043fdfabefa26394992f86409eaac3fac,1
d6597a5969d97684cc165fbd48117597188f9f93698ab4cfbdb0476ae1732d3a,1
7f5c6ec8c933fa94290e6f99d26ab81fc4cc7a6db87e73568a297d862cfaddc1,1
ec9c3b35ef08616fb12581abad3e0425c106e7264d8e861b995180bb93d7aad4,1
cab817dc0678042b1aee707639e3c3e6261b4a93d3336b90cdac9dce17757c08,1
4849e9b155ade531ecfabe0da725d3ca676c01acd36fa87b0b09e5ba25534a8f,1
6d7d32436337ff53f8684564918c4ef9b82a341b220bcd72305d735ce4ccc828,1
6aef610d09041212b7750dd41e298a3060fa8f3e27d1a67a197a430aa84e268e,1
3d46dc35df85fdab7c7840aaa8b939d655fa3cb023bb48485a05547fa7b20554,1
92608d802f1328351d66050a2849e021fb6e469d23d685ffe38fef75d13f1a73,1
d64542787c7bdbc5ecd40fd2207e489cce4847888c1d4497a8a01e665ccb782e,1
ce5d0ca989b35c05f3a590567827012abffb7a62f1a5f2a395a8358658993474,1
33e2ca68f7ad878d44259352d1d90d968c2b5c5535cbbf127d49e3803f93c188,1
a7e559736a13cf5304b57aeb6c7a1ae64a5cf680ebbac74cb0df2b89de89008c,1
b74da5e2d4821590f3f792c83392b237e708a34bfd6dcdcd205ce5b8fca97a87,1
2813608866549c3b3e6ef9bde2a375a2869988b014e8e3624588d8d0cd3a2fc6,1
584347748349d4f5439868c39eee6acd22f8fd404e831a81427bc9a1f08f8e06,1
549c97d0fef8b7fd26f17dd309cf289ffc08ef95ce70738812915960c0e30508,1
517e864a9147fadbfa68507cda60952475c68c815a91c18894dab7744121a411,1
498c0dc68cb6194251bbac8b2970afc480c49b9831dd0d9cee9adb907fa2068c,1
d0c967a93cc81e1de3cd31005fa73d6a0629dba148dd0e3ba63be52ee72bd901,1
9aaee2601d7ade245715e8e86a4dbf3c0c7e9d0059aaf6645f9d3df007c26832,1
8b61152585d2794e2e6293fa0b87ad8c8ad7d28d39683361505f31eae6e6a12e,1
fcc977173f94d55a0e31adb3981c1ffdf5b59e7801b3ce99d8b5d1e3e7a85632,1
d0241a232da920cec97e9b3f04115a9a9835d7cc10e85029e9b8cfe20b287050,1
43489e159b920dd9eacf5e969ea84b37a68d53df9e3b75a3af7a169342b085d3,1
07dc1c89075826f56f1ede1a5a3e8b150858fac945ae3206e3c77cb3cc9ba609,1
c5076a9d4eaecf65d6faac6c3dd8a0a303189bacd16d7febaceb0d69cad15aad,1
4a5675e7872abae6901ebb9b0f7650c76ccf8de46dbf7cef40581399e9718e7c,1
cd9f2cdb7bba3e10c99434e0b7b63dad09ab86c2b78ca319494e59f0fbfc59d4,1
a54a8fccbfeab68d9039a74dc9551313a351b66a1c811df557f67472a3e31185,1
1af2197901136de9f6147a8a9a139d3919cf3e01da294140dab3137e223d9fda,1
7e0ac8d718d1ecfd03281c39fc92120a2fe4210bfca61257ba9d6223a302a1a7,1
43961986e24757de9cfe57fbb0cd17eff8ab60604ba5ab4e8243d923e0e88e80,1
38dc65c84a6409099c3580f8ca59de15284506d8cedc26ce9126c2d30d4ed204,1
d9d53bcf62b560065e1a50186d65c97ec5f23242d7f65373b95ade28778989c5,1
710e2a8c6852c0a2cfb4609469bc0b24b148f6b448ad91f7b94f87735142a5ec,1
8fd9ea887a92d1f983cf406f6ed6f6bd7c08cf45e39b4e4800827063021d5775,1
d3eb0deb62ba3b6f9b7e41a48693a750218e699d7a79880ebe60d9d06a3a8f3f,1
b861550fb0e7b48a6cb3641f15e1b41a250ca18f0ce56a2c0234afab379c6c44,1
4b07a5e148e8fc75dfbecd504e12ed0511966159afa14d6e3c22e99b90d68072,1
778104468fc85f46e463eb8c35654a16381f083f4e0a451988d39b75a30a5900,1
948c0fe002fa048101c722603e94d586b272aa98430743b14280c492668bb890,1
718a1bcfd8428acd99f800fa79e78d7e98ee81e09ebc1e653f7b7e66b0c04f00,1
08aec8e3dd3da4718add70ae33de58b705ebbde2ad8ad7028a2526beb529c15c,1
eeabd1bc7ffd39623f1d2141e14dba449241aea71b9cbfeb92d9704f78df0ecb,1
0490dc703e9bc9cfeaf44a8743f51bfbdf2bb6951bb5b884e25370307bff220c,1
e9b39297fa891161a65466749b2b3da90f0f45410cb3d57c0dabe57ce24ba0be,1
4d6989c7d0b127c386ada02c48bcfe93f1f6bf8900b302b76f9b2ca99438da89,1
332e45f94226335ea382a9cb4ebf0f5f5d509870a1688ffeee025f0ac4ada378,1
949b60480329af76734b45fce02081959a53d72740903ce5cc318a809e05b824,1
8d9bc81d89920d129d5fa66dcd525d615c972b65fce6efe773cd145a463272d3,1
8fdaf6e50d08b53e06941a9435b9de9b2ca966a46f23ee131252ec12a902e9cf,1
d787290ddab6fbc480caf0e7164af7810a86e58c24520e0b689e38bca095133b,1
b4fb8239ad6785b9c9ed71d23e8e06829b1ba36604ad6b22eb037615e886a2c6,1
f84ec01d80070a12fe9a4dfb898088e56f94191b097949bf36510760ddb22ee2,1
a0247eba0681f5a36d214a097ededa61bda01f7ebf71aec6362ecc8601ebcf58,1
b3a499e47073fec01d02918abccf93aa92c7ffacbd616291c24f89ad641d42d3,1
b73fde825caf47cd3a481cb5b29b1ab6ae4f9dae18f95af6589062fb1688fae3,1
6569c00ae127cf4ad91c762de505de1cb45c63f12f4b3022b090961913e94eef,1
e3abc72f205584979e1ebd1c5a97f4a68343e9a350cefefcea567925ea47f119,1
eec910000fd38680946bae0a4829757dd6f07261ffa831344ce21ccd08fd0d2f,1
dce9bc837d073008f67b6a0b3af98deaf95c1062d473cb99b4f044f573a2aeb9,1
c248c3d06fbbc3a9b31b9aec47053da2cc6759f9cfa790580839920831f72471,1
f676b4a8c484744d6ae1cde493db3c52033782003f9a29a7c08d816f128af76c,1
a97ac91d616eac00da1be87e43f3d566860a4cada6de9860a6c7455024101b3f,1
a35feb218aa8af60f630a798504f106ca469888df15b98e9de044c2d2005d8c3,1
b80698c62fde9811b3d45c9f7d9eb60ede87e06aa5b52a1d7d04440580fb920e,1
4c7b507b4436595e813b4dc4c667218a466fbbbad40a4005121b355e9145e2e7,1
ec0a56bbd82e931d998750bd10f0b7fe10fe34301d4df301167b00e4f71f4ed6,1
c75b8bf36398b5619e8e417a53865fdfa443c6df8d2e160210b19804a17a74e7,1
316fe51ec18130d998f0251060ba78e330127cbd4cf1dbf16ef307d35393d06b,1
a8c56216a713d20b7e8c2f51a695191022442cb96e569d9cb5142adcd8c06d59,1
c95cbd923e8289d7c5ad35523a6cc3801fa0fa723627d075fb733873450cdcba,1
85a2858af06358d60ec8ed63df5a1e7f5b989bf01b72964afa49d84d297362a4,1
3ad43051d3555670a604c55c7e76d407c94871f356de166d521d85d99f47407f,1
507004db8120f5a3403bceae17431d3c48fce87ca84f4d7b6d2f16cd211a7021,1
02bb60f1236054ce7d9731b6611f809147748096d72b9c5da7a53b57d4960884,1
8e914e08fdbeb501adba6bfb7e4fe3e6246d7cd9fc339fe69b2cc5b5c0499c07,1
9e078106351325bc514f0d3f12aaca27244fd3cf747bc866aefdc708ec86b96d,1
b31c03a9407a668e21778d188e94c5126b872f835a4b32ee51044ec8f7cea2f6,1
8e6f780437c5b832fa89b4d48f71c59ad07b268bbf01bb69f3e917fc4d42ec0a,1
1f992b9a66aff02d3f2c4de5137dc4896f6a6bf438ec8d6400e4351f6bbadd3a,1
6441fd5fbce7f71f19f58684acf1987a19e7df7a512803e7e77e0fd6e662d76e,1
39ca99f0b69e1bd28632e220e2ca340a353a5b2e2ef20527f7f0780ff05830ab,1
2e82f8e96c5970a29372e2524fd8443963d067db86f753f68070bc6ba170e49e,1
6100d79146fc1a355d6cc6a11011099d95835bc511be23beeeafbd4a00871141,1
48840448f5974147acaa736468ef257d91e587301dc3836bd572bda10d8ff24b,1
06c468b77a73273ea6d1c46b1eb6abfe0b86dcf7f5300fa1771b0268513c71a2,1
f9194ce0487aace4c872c4f2df0137c6b77a89444a165e9eff53e5cd5ddce7b0,1
24c231f78c91ea2df5d7bc2e4045fd5c9c718fb6a23d2c09dc60bdcfc14c7ed3,1
3d9271cb5eb8738013de816ece4f0f57ac68be6069024edaba6941bd6e803f22,1
404ca1accbe6facc99e69d79d2e641688a7b4de055b6d1f6a9017a87d4ed82e2,1
f96dc1c55eb7f91f43362797d9bbea84643e8b2ea64606bd58affa7d0a7175c6,1
272c18480ff015d0d5ff670b887058c54a8b5952053ce7a7f072ccc4f2ada752,1
eeada86725085e11a692e3126c64bbc427a4cc3111d6189e8bbb374a943f0378,1
1af380e46190d9115ecb4b0bfbe5fa1fccba6956a9232a5a7cf84ec89eb338d1,1
88b9e5777e800e6b475e6fb16fe4ff0a9f214b3566e7b2df7f1d5575f975a6ea,1
40ac37fa1f0849078ca1ba5260772ee36c022933bb27e64297a6178fb7b78450,1
44b98b6348186bbb5b89c9f7a407551dcaf6e0252f78157d9b23b0eb82ce3434,1
a57c30d41e78fd20837f7949f51824edd0a2cd4c8130a2525525dd5f918d42ed,1
2215ece6bcf13b2886cff5d3e3e5868613f7c4541153f1141eebfd714b203ddc,1
132df8f9cc27df8a3c1a37097b8ad440596b938c3b202579b6248522c37d22a6,1
b169b7e1241fcf3739bb1aa97f254563c05b404238adbc8d80b63a2613b3ea6b,1
36eb5385c29ef5b0024707a44d566d5aa16b90eb2d38470b280d8e200076ba40,1
a628c7bcbb57bfbd64cc6ed17f5c82db1c108a09da0da85fa2a08b05ae08a30c,1
a918fae5297e7380d5fcb6846a808013a96c05d1fb5dbee568024b496970e2fb,1
935097a91759b233e4e9654908c0b15ebc587fc5e3ea86e1762f66c8ec861b16,1
b00d3ec046b8571e9825dc7c8147d940ee110691bd2e7ed42098671dcf3002f5,1
dcd4fd2d519e6daf6fefe8adda29cb4c19872488ab6e6484c40ea17e2f8b2ef5,1
8cad48c5c07a421805e888402d9e47ac589d85c6b2d5b0831d25d1152fac0082,1
1faa5b1f17044b265e0aaab6da6bb6f3545b52f215de3f9931696bf8ac1073a7,1
f81e06d16c1a07daf06690d10f3702b3624d7d8197d75615d32195b92974b975,1
4bb1ef72c3ad87562c721e8c4542c43ccaffb419f14fe8183fd6614f5f152c34,1
bebc0f089cb05fcb0d0ba4d588284f107c9c59494f5b1ac9c8da674974307ece,1
05658838254b8f4f5ecaf43a2b5f63d1e83008649e6f12b312f69ff595b0afe2,1
e182b6c28bad036c490ea692d773b7b495dea8a84562e732ba823d22c16a9257,1
a2310de962c0518f57852f4517f088d35b46c49da72f60764946ac6c0530f502,1
e07216f2df85951d58161fd597388db93f14c45916eff752380cbd1f7673c356,1
fa955775325f8f8688625a07788ccdd3a0faf290b608e624e69b4c04bb109f26,1
61f588e0cef31f356754b026003ff8b971bcb6d77458cfc1c77d450a6867764e,1
386db7e6d70b8db4f61bd79e51631b203fdf174e5ccac8832b5ec3ead3fd0f99,1
7de0a93251a5bfcc19de101632874e3fed42fe2900083936f4d94216836a25c5,1
0bc5b54402a2e853b6b8342cdb4679fb8357f2681188a33d551035a10146a97f,1
6974b2dedb7371b9292c26e849fd32a3c34757695c07044b662f257f7cd727c3,1
135d53148479fe7e7d08d7dabda59ee47780702d7136c748f7ab0f4a4caf5502,1
7e36624888e29ca2b4bc3302c008213277fa14cb58e60460156eefe8b72b3db2,1
6c01da2a3be450f8efb84dc226eb5b285c8cd11dc20a4f50245910b309b18d3e,1
5985a9b8024500477a1c7cdaff1ced9def85b5f5affd4bdd6e090b333105ca86,1
a453dc2ce67c8f7babad7a695815df99f62b63d565ba669188089464ae968952,1
f98037521985f949dfb2f1193599f6f65a71ba86c4d14cc80289a802f42b1ad6,1
4090eda38b1ced70aa90f9d0b7b3a44191d2a8419465a75d95b8b86a6b747a4d,1
de1cc0034900dda5aed0b9377013edd3fa02aa9e3a602011d30b59cf87bb4ee9,1
90bd465189961e9e4ffa5f4778c300eb3b19fc44ce5b00c7aa3af8375217737b,1
257f042304293447a9c9df8bc3dcabf983e0d2be525706a9fee2e03dfef36dac,1
1121d1895f9ecec1328a79451bc51ee0c6f288797c70b63107bc00641fcc730c,1
4709e5dd4c337c45ad96fa57a5558779c20d8247806610cb6955445c1e1c0f42,1
ffb980bdd5987523da8404b521e78abc6c8819e95b2ed1b953d533d585b1cd7d,1
cad1b2d5e6c7b559fc8b31045820ba9498d689a7f46db224ef5efc55e4601612,1
97d11eeda736a5cc1ebc9f028d1749e2163df5a2244f2974e4a564d099a8398a,1
1325eec967ae53099cc4084c72c58200aaf8f1f41be26fea61b58f146790236d,1
8ae0891d78090f2e6232466118aa41b9f49dab495089d1f232f0538dba929f6b,1
a30b6bdbdf8eecaac6836549a3a96b0b551338fd1d692c853776d981dddc20e3,1
32228eefe6de71afae7a6ef260c8bee878b82e8144d9ceb3b27cd47c7d2c74e9,1
6c5498b09da6cd778d7d5b6cea96b3adb13de718260cfac432cb650a99960a8d,1
bab167d29c9569ae20adb051442cf523cb8b0914fd3a918ca4eac63a3428fc17,1
07b212a76de25a009ecf27637b6e28f84481c0ab473e7ffb01374d40783bf598,1
5ce4c84352ed15af64f40769807fe51c7f636e4d1ac21f7338e3a60d1c033bbe,1
32decd228c7f5b43a06cbfb1564ddd64eddcf76d2f0f3e412a0a3c1c69cef471,1
e5f1af5ba9e5dd8e644b69ad7ff7f3f8ebd25e0d9442886756599cee3536fe61,1
fc06fd4766a3eb7ca6f46a7b406e357688e85dc187f8121f835d22d7d6e61597,1
a080a1fdbf65e832792ccf878512972103709157713d1df1f833b0e2cd0cb78f,1
05c5e5d8ae7249c442921e0f1dbc7bd51cd1817019cb3a0aa635ed5e7d6ef23d,1
40fe7383c2f18bfa3b272e8603574748fe784a94796ce02de3686b90e5dd0d74,1
2d3a455c335256ca6032c21999c1e098c6dd5b1602d492a4b770c17e1bb99aec,1
ca274cd4b8aefd3432da6425e67a5f0c5afdcb222ff2b8069c7b451f3dd4f45c,1
80d8419c6fbef68affe5b328906361c8f287df8765fd6109b05de2bfc68a1eb1,1
b9a251a4995e4132b0eb41f695c644e21a81d93ecc72d0cb6c38e39c8a2bb0c1,1
0760645e7716868339c0a26b59d3b85ffb8754d8803344f945c5cc9e41500ba6,1
5d0c26ee67e61d9c195b7ed20e293c3627f2d7da96879af636f3a1d6ffbf1fd1,1
04d7cba4a51ad3c53478787b843adba0f9e1979b28ecabda844eafc5ed5ad914,1
c0a5a3aaf91ad087f1afd340e12d3495c7993b9229aa6a9e84c75de91e2a7915,1
0af0725e564ca53e8bc309f64ddf1de6f28abc39eaba0f4a2da6f26f8d60a945,1
d47f37be0591de009af2fd66c57c6a8b3b91c7a51c2cbec9e71d79ae62bd5563,1
c906962d7b7d0dc842396b3d8d4c40cf33ac460b1252dea117e06657a5289ca2,1
ba759f1708f16ff60d84134a340b94d85d0909a465e2cda9022f22fbb1f45838,1
a38144b9a69a8f78be7a511779b202234a5ddd97aac1b5caeda1c41f38dfcc2e,1
f4e298027de8dac9852372993cc64a4c645ec5152c51396854581b288ca49f82,1
f17f65f383b613bfd3bd778727fe31c83624dbdefdd38970a1aa46fc55669a77,1
02233177a838ed102d1b6b2a698e23eebabad3140ee59e279525a63948e94650,1
ac031d26886d398e2dc39ff8831edd759cc707a05d179b4cc0b978090b4ddd42,1
a92879c08c9e174129101df03d7e863e25f20200dff369676013e5dfcf4d3fc3,1
d6ae6633560259d1ed8f3d355bb1703d88ee776ba7eb940dfd3ad70929a5d46f,1
6311940256c41c6137cf0bfa324d27b1da050180ad95b88f775c1364c1ea1710,1
35207df0ab6a29f2c6bb8113d3dbd38992999f8902d8b391045db070c9b61649,1
78c31f103c65e11f0af22fcbe72b6df3811c32eb71074c0d010040ea14c32d8d,1
66ae2b572166fdbe45e60b6dcfc0bc1dc9c1fa70333ebca4dd9d5122aa228f2a,1
347006056e8c4f323bdf561ee93c7a8a8a0c3b3e8ce28a7535d190bbf446972f,1
2b5d3d68d7e5e002ee6a6f26cf6240b2d3f18a1925b970e1850a45fc2542c2aa,1
9bbcd213d72ebeab192d5e690ad221b1030e236b2768c7885bdde95f2fa5fb9a,1
b7b066ad0f6b35f6acee21a6692f0ebcd7c0bd03bcccf732049c0b29d2fa18fc,1
98e990e7d688d35ad745457062e13871da9054ce7ea8e3f500d8b33e05131339,1
8adbc628ccca30be7a7783d5e842a5c13f1f7a1f2f944d3cb3cce93ed26239a7,1
71674bff53dde5d1f527e089bb652eb41bc1596c7ea6dc74cc5f0caa9b8102a2,1
dafde426ef27ce7279e17693281df4dc83416dcd2ac18a30e10a6817785d98dc,1
007017ac94350a0c073d4f2912d8e88040ab9fbea108476d8223fed31aa17272,1
2c6aa26bbe6a45da606412a2b9f1b25046d1d06fd6f182cb85fb44b7755ea08a,1
6cacb137572cd8a84ccd2873c957dc19c49a8ef544d455e455fdb3f0d6ac8504,1
66f2b1487164aab2d970e397c04a4fb2f9432073966dbec2717b80a155542aea,1
2a79c04d5f9b4c01ad4522484336423024f79fd4fc3c8c7d95b22051ad8e654c,1
be489666ad91781afff27d1cf165069dd2e3a5a9a4ce9d4e10ea929dcc9500d9,1
7ffadbc6f9e3dc9cdeb49a3b45a1a0005d4c78c2492a1b3aa240f66d5c3146db,1
d1396068de361fc323909d3d6632809c37af058857e482f1ddcfc195866f66f3,1
ccf0c40892ddf083f34f89faebc50a2f335aca1c9caa5a986ca452336a0a06a1,1
2c04d1a6f80a7dbfb25099185c03e3074a1a8e09885e8764e5e49c69f5d468c8,1
d8008cd59d221b680c587ebcdc07182d4eafe665f030ba834f5b287a9fd630a6,1
0aabf49e8c2ef42f73ee59ef201c0ca696a2f817d1906a8bf19ef11bf029721d,1
1bb209f620d1e112cb4be17679f65ecc23ff48cd22b00dae5b9c20f17a845457,1
1ba4ae13260d3241426e4bee795b9a58762f972c07f5871d08edfaffac8ce6eb,1
f08749623bba522e6a2e620ceb48d9e52ed572d843d4643d1408fef22a227c69,1
88b69a74f0f7dbf0583f2fab7664779fe1eb481b5d07df041ace7cd1a8a561aa,1
5871b40156dfe03c198d8729b767a3afa4eef1d40170b2fce9c508f51738fc65,1
c613ddbd312eae90c2e1ea363017ace88a0c700fdace6e8b3fdbdd860057f623,1
66b438a0f2fb23ad9443b3292d0ec3802e8e3b30cbe323db363c3cbd54b657ad,1
91ce73b0cea7adb1b328e8ed4332dfdc97219f186701af0f8e5c9487f30ca691,1
c09621ad5013c58608d3f4fc73c4a3513270273fa122cd581c38b0554eef4748,1
b96b8d7ccbaaf44fe3e474c09b7219dac87db78977b72a5e3ff569ace92edd86,1
958e6f74f488acb341d3e88f1005685741848eea6df1eea4053bbde52a2c5aa6,1
76a62f03792a413af3967db404408af5cc65e6214274e0e0eac1fde48050cfa8,1
589ad5dbb5ada258cdf2b147f001320d3dbf2e54ebb4fb0ba2c46727992a1686,1
4c1ab98d73f9df936717cb6e1ebac9f7971e914dc202a53a07144851a9ec78c4,1
504eb933aa06b4ae7a7d500568ff81bae0193e5f4c64c28acd53ebbdbdf25b75,1
08550995eaff347ac80c35cce0659eb59bef07287df6ed614ca3092978be2619,1
6a21ab4a1d53e81693511e0548b8fc36ef7c1f8a2b04e339995fd9d89d94ca3d,1
52a113a6238d3d35a2ecfa622549e5a7e9f351c7c7de515edb0e42ec692ad68b,1
c75a2618e5f8b3f33b09d9fbcd98dd073db78fe49f45275d0fc77a17bd673351,1
cb27de0008dce9e674a3d5c66a138e33061d65bd5443b93707ccf79b06c591dd,1
ffd5ac162c2cb8ccd82d35567fb701248ecab84b64a751e746c41fb48a132af3,1
c882099e2dc8af8fe6a9ca543624a8fb7b5ca60f441c6e74486b285c6ff90d16,1
a0ab6fcc815bd20399e23e5362b38f23c37ce3ea7b0ee6d8c01665a0a220e368,1
ec83d1609f31123c9f516dfd605fdeb246ad69a618c9ca3e5c4ddb36f9973050,1
a3d4b988facca43b1c4de41994863d76692165abdb383956ce370254280e575d,1
4ac1dba268140dc1f10c86ea189324f1c932ae7e23dcc9236e8d97f3379e413e,1
4b7c6418056cbe764d9edf846d1cee86fa674bf410341aa1c1bb8fa6e7ea9f87,1
079b9ef645a936bf88e3a39523be410bd02cc030934b471e0f590e4e99a6b71e,1
55475fca6a1e0826670dca5cc16b1c9a4cea206b6d9f20c77348ef306b58d07c,1
d68bbc1b496d622bc38b5111a018f9391bf2a89553eea686ad2f10d4408869d0,1
f58d355e3aabc8e0d095dbd80546ffa9793586e35e876cbf6316503bc4fb07ea,1
1acef25540ab34c6ebc15f1f9af5f34cdadba6f207370248879641964b107a27,1
ca098d123caf12b665d0b09b007a2efa6aa3e09542f7b6d91c578265377209b8,1
a35d805a8e8c06b6bddde4bf3cde4846d6a183e925886ab3abb1ad13e7b6d302,1
32448798340e00e678e892957e2353fe4428125d15d164c1bcebebf09f10c409,1
982477c3e619785ec1f3450f20523bb9fc5b0e9b799969e95aab945d2b8c7953,1
73ca89521257305b75282a917d370351d351f076b88a5804665e7b8945f900a1,1
36ce464536338949c93d72380a09f3f2b2c7d140d2516daac9c314e882f02f79,1
04fb9833da492a0d2129a1c83901108a6bcdc5a21ae3ee07579bfa66be4f6ee4,1
d351168551f5de993f026c57fc5583c507217bbf913a5a0f38aa993d277bf7e8,1
10a06669bafe9ac478f42499a5b21902f9521334d9c1adff7c75a6d647c51067,1
e20aa4b51c9d2ac502492cb9c347696c4f046df1929cd4292505cc1c24a89299,1
5deb757968589302a6d486eb4bf72652d50174aa46608b6fdfbc004750aaeed9,1
582bae6233527340bf5175155a93841d2e8dc1a7b136b9a686144efd11f3607c,1
a8241f55920be865d1864c1f7982dfc3fe824dfcee4db154d3af4b7e587d2135,1
9742322435fe0874adb8902e2ed490e941101f9f0c0f08ce089c401975dff501,1
7051717538bb213300d2c2974aa629b2caef6a363001e5bdc99cfacc9ce81f52,1
0db423380b6814de466e4f8c7078449c2427b96addac3c847b9e53de27be801b,1
b76cfa86494341112b39edda05038dae81a6e694625c7dbdaa55965b6cdc1e59,1
01895ae662cfa5deb95a9946abf9f95d107847c41119d9a29b2d5619288f2bcf,1
0dc6c4e3972dd1309d6aa2cabf0e2e85d1caa176ea0a0a93bf8729200f4ec069,1
492aa224cb53b7e3272d4ef91fd89aa387732ed83eec9bf1086bf9f419f8cca3,1
4e7fbb2ef8dd57078613d5bce6ab6dacff72f2d9c36b3db24ddb6d5089f7850b,1
8c855a39e42fe1edad8a96cb6084740f34c869b2f81c3db92e89a1d0738f471a,1
ee61d2c786cf963624c9741c5c131ad189a06ad4df73596628659c894b20435e,1
ecc7d1df9ebdbd8ef0645a8340a37cf15fc43368c4e0e7a572d81c523836dfc1,1
590e21d78f33c1bebfe4f6683bfb36894a944664440b7afa9b023c5c77f8e2a5,1
9937afb694e37ba04d627de6dde63265ec13c55413f7cb2560b191c29ea2f71e,1
bbd7b5c1ee8ab25ffc6e2378b9b3785f257bd8513646fb346a85de9e83af29af,1
3448dd532350611ccd42fcfa0cf728945bd793206fa57b2e35b63e25f478699f,1
ecf8723451623a8e0311c4f4887a69153397a85e379b0e692549e6b6c4d9714e,1
079cb378ee978440f979bdb29dbef9f180b607c4cbbe745ef8520bd51526b7c6,1
0f1a1abe41832af38523c98e9d44e97486c091df5c6ba96dc44069a5e574e435,1
1f831230bd6e84af799477b8051443cd59a08740c637003843060ab01248d027,1
4afa126a5b705e29dfc2f917f813666006659d2882033c65e816625d0145a49d,1
df0ca20574c2f24d87aa16e97a6f55b32a19f40c23186eb79dc4ee3572ca2663,1
d4f09a84481c4a2d7acc25a38d7f9caf1e4f02d3589cf067e0026725b36c450c,1
70c8b5c028ce801dba5755b53629b9761a4a74d083aa689f68fa2fd8e9d42f8e,1
65b56b029626b21cbcace3a992a4893424fd427ea80c5480a7e2966eb4b9c57c,1
a477bf5c9e186c4efbff43126daef20572f81658ed2ed8d5c1479f4b53cee125,1
95344482e36e8c11bb2c046ee00af8b299aab7b7dc987d351163ab686567f338,1
30fd10193a5c11d87b639fece24370fff76d69753d8a38b9d92fe8d17a8078f3,1
3dcabad46230f420886bba003c42520c4188c8612f3894b4059c6beaccd442ab,1
1731365d5b74a9627763865b797740ca8b85f9c9ec4bf4b5324c92b3b7c3977e,1
58ae2b1fbea9d4bf915868d6336dbaacd4cb71c0171583dc490db17853914f3f,1
424637a01bb8e337800589d1183363edd1bdf6eca3d2c900a19817857398f812,1
268b49face3864a4b89492cd67b1a894a7065763493b1f8a708ae23e09bca054,1
a8c949747503f01cb5752e7e16f5cae6b3643ed9616f0143c9bef6661316054e,1
29a8eaab0827a552443614649a24e8b54af53f2f5e1f798d8370a3f96690551d,1
d9406a60a28006bfbcb51542df2ec677f6b57e0393f685ae1a925295f8aa58f4,1
4337eba194707b0c340cb400094230af61dfebc4e109427e4c6485c87bf0d6cd,1
9f2f32f9c91fff0300244407dea89a47ba51cab786e16f7589d2a82d07c58e3c,1
6a2d8d3690efffe8c3b5f764529635f0b52dc5af0138ebad51bdfd795e3aaa41,1
2e523de03c1dfd25cd31aa9e8f41f8b72ed804108dd00ef29142858fba46e81b,1
6fb15334c1791a5bf12cede79b005e135afb48c2041a5b8caa07b5b2b9edf785,1
db7649ddb3c0041b2ef66f8c7a540e267451e6e8f28c432576db7d2b308b4586,1
8018dad3992aa56ae04ffc5a78a5f6cd88050ee8e3af73ce622ef1011a98537e,1
104a3bd48887b330366c061ea79778f958c17b4afae238b95a09502144a00a35,1
1ab606b0bdeb494df9460b8c43238cde4049b1790f434d9a0d40ff134befc1ba,1
d6e8b286174c32dd62d3c28b56277a0ebb2f1fd5b63d679285fea23a200836ba,1
69a71b39e3efbe873b3c919b303af778a3a8236b23f74e0b66f08c3143000439,1
70e6bdd3e560f005b3498124aeefa10e820a8dc1f1bcab3c5d835a034f489692,1
9aee465cf5720f302174410981b53cd5d5aedbc114746c42beec6cdc100ae52b,1
ff83d6c8f4b522a1c548f0d480a9366b196bab42bfd7765a5e3837e8f3ae4e48,1
b265ba42c2952ccb468a1fdb45bc58621fc59d525e2ebbe39389bb8b07b0f8fe,1
86678655e5a387fac9beb172663b7f0e926c0be2168754f01a82f49bf3702d77,1
cb40fa40e73984c0e88dbedc0ba68f06997b2254cc86159bb9dd1078881c087b,1
da17a2d723837be45b2e8d57c233c94311ee85c28aa84eff7ae21e6c99ab055c,1
e74b24311155c46fbbcde74345a109860390a907801af3a2153e220c30ad2604,1
ce7bfd46620ef235fd2a47d413fa9d3f2d92188b34f12b8706970be7730d5daf,1
0c98d7ce6a84c304adf686d5b26ae88e82830e0e4aded91922cc0e191a63f65a,1
406bf01dd6eb5b18cb995d286a4cf66687e2c4bf0698d4c0b1c034fc4f758932,1
c88f84cd3beb15f7a1ff12c4950ff717a4e5c81e93e7f9e924906c74003afac1,1
82f187f00a54cbd1dacc9d2b9a7a775da780ace696d34d966a69e281fac7e2b2,1
2fb1750c1b3015a03f230334d14d88cd58705e7360f971800c8b95e0cf5e37fe,1
227fb537aa532cd53176beb668363ab28117430ed793cd0d3ea42df114a543c6,1
9dc79337d8167b951a1a660ba665ce874ad4d4fdd3f98e372bd0609e2b4f729f,1
b50a31cca53cb5ca803dccdc07c56ae2166b05f5707c6f6207dbb3dca470fec4,1
4c036d16a084f57018930690634b6c3ccb63475e2b0a05beb3b5512e10f27f00,1
397f0970d36774fe8403b3d12e1b2732700650b16f975969ed6e78ddcce64f6e,1
6617abd49522d13e7b0794286d13afdd238de43b116f5570fc7ca05257b2f447,1
5e22f034b58470779efb450317c79781efd8b1ae24ad8843f4d9d575249aeba5,1
2e054c93642ed8b5a1c22bfa302768011bb5e7415f699ad73cef0b324f43b6c9,1
5f3cc39e19517bd7e3c4d60fe9d1d50b2f573f14a03b2ed9f2a90e553fff66e0,1
66d49c4ac4d35386e65ecd3c53fee0b9b760badcb9a350737f01c9c07da15352,1
33c3eed260b8aff6e4530e0ea28acb8fe47813d333bb7dd695aafab8c9453c6b,1
81e6eefeec06ae1ace6ea0d4900a2a2398c10e3dfc662769547538c92bf54815,1
c1442383b38ffa12977eb504f2838701067bfbca69180cd7419452e2f22dbbbc,1
6d38d2807135e7f9a34436d6062f2052a9e4e33a3686a869082fc5afabc15ea8,1
3c94424f1a2105916dbee072df00fa7dcf12eb95c1014b8e4feecd7a42b1d685,1
4252a4a0714da39f7cc7b8bd4055826062997f0f918e01eaa5aac1fb089b7b3a,1
5ac3a61d11529272f700660c6edef023da39be571bc025cd9f5ddb949bc1a535,1
53642739c9f7787aca48c52180686b215dd5e7a878bda633b804a5b17e003434,1
5fad3290b33f03b0956b53c6419d7d0be5b1e21dadce6b7ef1e245f4bcf8bc34,1
8a9a1b93ccd6580d1b1af7082cd008681eacfcd29e9ee668ba03e79c14291571,1
5127cd249eec4693c3fb18bb2f46e5505e1cd81a29226c0688767d3b51a09a15,1
27d64bb211857cbd43af2712b22ac2f3a0bd81e52ae442f348c2e03ea590b980,1
82d74747a948b1687f99f97d17011288f4ba8a287f35ea32ce491c0eae85534c,1
cb325d13fb1268ca0b4fca18b8f6fa5fa3e28a581e7a00540e380929751969cd,1
471862aa54822687eb3bb4bb51ee99aa4712a823051cab80d5fbb903423e4ac8,1
420a7e721f372ed6f9400756a01a6a70b9ae03fae2b87b40f49168b0ad861c49,1
b12a0518df942525fd7f1de9a5f2e02f26bd5e2efb638ed95276a9e2456b0ffa,1
bd53f8ada558f7e1806a20a265a94d15d1851b78cf949c2b50d55c9adf49b3c7,1
352f808b378cdd1af41bbafd1cf923f691d9b6b9b6685c240eb5e37fcf57cc8d,1
8b295df188e21e6ba9885c182cc75751cc0a79c6ac3d337a773c0853a30dd103,1
90bcf6ed4db22c6862114ffef12ae8232e4798c3aa4b68676b891f915ce48c05,1
c56142ca84aac2ca500aae661c0c6fbaac2ea34f3d40f954566aa15ce79dcc71,1
97648a5ba3cda1230a30ef51fa3e9b5de4022d2adbcda55fc3b9cad18b1cf4de,1
ca94e32e340fc8906542de02844085531e697abc9a1b612349d2ab5c022db41c,1
00ae450e4a8a56226a21ed4ba22b71f29ccd21d00451d8eaaab88650ffe5a6ba,1
3d01169917d4af887ce25f7f730083e76136bbc543697bc8136a55ed5f312452,1
7de51d9a1a80e2e4f023e026931924d42c3eebddae9e814b6ad833c19091b8df,1
fa08694a0d1620b7d44a90e7695a581c3ca7d15dfc3457a71001986a5c682902,1
f4a04417dca319700588dc4e1faba1bee736da6c4e4959e1230464bb4f932c22,1
3590f216dba2ed3697e9b97c3bad13bbf1b4222a96e96fc31d773e218ad06e54,1
ae4615903ecf954ec8f6dd165adeed102b39e47400279f3fb3e24d0211ce2b57,1
49bcdbf45403f347899dab448d018ae87536b5d6899356cbcd48f873c20c74be,1
e9390ceafc2319f4c281cc035ffa8fc631e38b52aa621f8782cf683e850f52e9,1
5b99b578c35302bbac77d320b0999abc6496d11aa7ffc5a38884996c6e9be018,1
d05421cbed2e53d4738ee58f9bc81db7d37c144ee5405454d8edb32f359a9a28,1
e9b3678b7ecbf795283e271041505660bed5fb0f26ca82bd610e62564c65150b,1
ca182fd7df23ed9bb9a4597eb9ec652da2a289e6afaeb21d3bd100c4f15164b4,1
796582bec646675c21b2f7207199f3f244d764df59b1eed194cb2293da1641bf,1
712ce9524dd3e9a945c1eb525d845576687e451727fdd2b9875042e626fd1b10,1
731a9f47a0b2b27ce7fba171417d3abef9472f91d55a0e8a7fecd7ed51d43c57,1
1997fae52e9e313e17a13006e1dadbd2148d09320890dca856cfd530152e0c6f,1
aa4d8ad53747eb87b2e13b82eeb630d45b09202fed5550458cfb8e89b5c52c69,1
741031c1658c052dd905ac31f23fe007e232dd686f10a83a47641ae74b2f2e71,1
78d7fd1792ced793e00468beaf0bca350c83a12de7ffa54044b676ac62034ec8,1
d248b64fa51a1b2410d087669bc832935b80d528fe2280585f679a4e03093bbe,1
f441cb6b78a33441b20bb2aca48deeb750a47469c8a919fda9ef389ee66b2390,1
d0a0e497d6941ffe45f1d5e26df487657859fe2306b039294138bff2bc177811,1
a012be10f5c7e46ed9edd5aa4262138953b6d71acfe4561cdb86582a481f4e03,1
47b46c84254bf3eee51337a05a5b1896c4e2a83290e58a2c7b970394708d5f0b,1
128fd76fda785805a31b01e4851f18727d2adbdc0b0da8d675f3d60a1cdd37cd,1
77a4e05ab149f4a23eb79f5630a7c5db0da75edcc7ac09036771fc24052b523e,1
75baa84d77573bb82eb1fea0a191b03ee8b6fd1c0e574c925f890b5bc5a25f5c,1
ba6f0beb769b8dc557e93f1171d47cd0175c143dcd2e67edb3dacad89a67b0f0,1
edbe5a9e0c40d449725b442143ff3efe56aa04003502581b3d02b73fa3b0698f,1
74fe247f2cabf4118cf75b7a57f7059ab6655cb628dcecf3656c3e2e1c695a8f,1
4fd1ad7622548685a1f6213db169dab3077af52a023b7c3f4f5e06e7f7ce687b,1
5fc776aef7153ed599ddd9f590a8385789eef445b422533e8797fd9ddb338109,1
3bde7db8412285ecb61cff018fb8c0752a3f77ea57ff0fd65a80c95d4374bb61,1
ba263b353838f75dceeb1761e8fa30fe8e6a14822ecd5d14a12fdfade424a015,1
c28f3b8e2802df8f88ae27329f902ea987e161c0e70600274176c3f51d3795fa,1
6c342a8edcd51ee95fb17bf578659a91e0452117385b4ca03cc3dc883b712512,1
80a5e91d86f164b2b94910d978da019aeebfd438a50c7091d288f42119b5935e,1
20adde46c7b6f73ac31b17f5282500503bbfee4af9ef9c0453edfa84217f709e,1
41392dece3bdda634145e422d1e991ba6dd7874976f891d27993c8d020d5a03c,1
01e46716d50932aa78f9d32f7a1c861b970c51159819425433b51f81cbd300dc,1
96bf22ea02a180a33d17b6d27380a2ebcda7ff32ccf600c9e0c388e9e6ecae9d,1
f34a508c0d67ef5c7b91e76103d035c695949ac9a2d6d7914a4bb40acf05e274,1
42623ecca053408068307b9ecbebeb10790b3ac2df70af9390d29f1dd24e9071,1
714aa0cdc7343a68c2ef898256b0723f17c523d3c54c7ada456577bc9b4c3c28,1
ffb52ec5d00582abbaec3639b699197cc80a713259902b8a8c9b38a3664af000,1
e47122ce28c334f8bd2a726f45137b3b27c45b584db0ffa60f89113bafd4a6dd,1
91caf19d5c36eeb7cb93fe1c5cd87b785414a48a241e2cf2baccdc4ee937dbc6,1
9ab85a2fbd92cd141dc61be75e261ae412d9a36906f7812d3447d7d7a44d7500,1
1585e5fd2c88d6e77df5a5331a548f75e72396f8da4bcbdb0b7cd40cb0aea770,1
c4c689d74b1d03d8798dc55c2378b10610e4f57f97a606859febc1b9091ca451,1
67bd5163b0d0e03d23b329929eca58c74e3b1e054f5a5ac724c03abb2bc1cb9b,1
9b27c68d209a04a11add144b2e44354e1d61e315ae390e5e027b82d0376ef392,1
e2c783d100a224f272c4fabd7c75263e060350b6b61504b88f484f12286b5de8,1
66235b43414207091a916a9b0f98d6afe6b99763743433cda166583e55b2e7b0,1
34f3afe32a332fb0724a531f2e4191c0fd795ec4306b43c86264cf5b58b73613,1
78186f6294aa7a6b8c25448b23a5bf5966942946081e6eeacca13a693163510f,1
13aa14b96a606ebb2cf5e0efcade960e9fcad3cb90c0bef4a45dfd9d563a4a9c,1
53d0dc032ceffe14366ccb394ee7ac8563c150f67fe550e1f520972f1b478689,1
7bfc89dbf9b006dc16dac925919bdf0dc84328fd6a0ae135d5ffb3249864b30b,1
9bc6e47936ce9bcae989c030e3a2cd88bfef53e69f55dc322d7517ee298d50d5,1
521e34c696b17c729c914179116b8dc8caf2fa751d18a80babc1a0040676ff6c,1
23adfd0af1610c1f42783860b4624a840590f8e05d20aae652ad2cb73f6ff591,1
d308939a021af8b2e1d2645927884ca4cc225b2e80c678582374e90c1d2f6d16,1
37d91a28807e7b7a9df6a5ce0e816630adc1aedb37a22d25431513b390d9aba7,1
344769272bc16fa937f746936858a2467c9969b7e80324689480c8bb05906fdc,1
531cc2fe55c049dacf67b343e43dcb75d6d8dd41f51dd27e949b26b03c49dbce,1
42a936e21498bbf75d4f787f92fa30ac69c3fc286213c53ad38956754768e17c,1
cf52a8e68166338c3244862266c049c2ba641f7f2558c048a60ee258e3d17574,1
c65fdfb29988c9b2edd15a671f703974777afe60187c007398262a73a2b46306,1
40bd54d96340ab2111c38d35f8618d192102c53e5b4c4ff6b890bb761db78932,1
41f4f5fc6db29b5b41f806933d41c2243a2ee13d16f5b4430ee009e0f53adf33,1
439da3d94abc9c59ec5306d418a3913806c909deb8bd55d0f97d8098d60e6f44,1
9174b38d99b9f23b0c9f3c15c0e61f8a77041529fd8aacf0c7477315722ba9a8,1
b21e9577ce0e70d65dc75added51af849b859dc8f159f93b74f3935dccd28fc6,1
0a362b6923e23687185676fcd6b5f2bcfbf9c9a5c9567fdec208f68258927939,1
5793638c825ee4c203f2ae3f617de57b030bcd97b772b09756cd0f26493b0aa8,1
fa13f23c18bc47bd88145942d5ff54dc0782c8dc6198d258076881a3d0c6d624,1
3bb3931d0eb012ea7fa34c866f32e452690ee358eb259d4c6379b046f3e3d19b,1
25a19385a0cbf4bbe661778f949022141769fb59727e1f13201720af76bcef33,1
9337846314117a14202c7a91cab40ef33d97ceb879c4e772e9a34c719211bf5e,1
27d37193e9ef199915f1f3749dedc5cb8b2b76262f1758322856d79e8885e0d5,1
a11686f4504a1215552d2e0a0012f60bf07caa2affbc8833f9a12bae4229f7e3,1
1781708235d5676c337c7154563ff8f597c73e55349eaecb28e2c49782cbecd3,1
d0ca1aa9b9951eb32970401ce1c97a930ca4ab4f4a9c2096c33c5553bf9365c8,1
bf61c4535ba619169fb0ee680bafd998c05c22781534205bddb9c3665cac83de,1
209607f022536465f38ebb0e3e6d2aa688f9033bc49443f3e050b112c9c5a013,1
5716b54598cb721f7ca0c2d9b99953a5974c729a955077af878da42663f5c02e,1
eb66ebf78c6bb6207dff0288fac85f41591f073be280199578242a6c93e0c259,1
cdbfd1a97f2baea74a2acea0e81ec0faeab30a2ddc7d187f5f5a4003a048ccf7,1
37d4d6a79526e07c8102f81e222fb6a32916fc62c09b5dfd4a44c6cc84eda335,1
88038d713aa750c25fe4a2bead6512fbcfde5d62ba25a503990f435c8b3178bb,1
4fff2e1da1f0bcd013f25dc18b4bf6de6e76295c97942b6f7f45b15579378ed1,1
be0abcf97846f04ddc6c371b579efd824a556d90ca10e4fac55ba28c3fd4f860,1
28da7faf8578795f6e6189dce8110a0aa6bf20107ed01e951819d3802b3700e9,1
a0143aa540294830722cf1c1f242ac6b115ed1f27d676ac29f4972f8ff88bf37,1
c884a2c6dbdc2fc633536b233790cb7700cbcbe95fcdbd2675cec87163694168,1
c144fae8e58246b8320613d94966f46b7ebcd7a31b52617916855f870f04ff28,1
6a9af0e4cc1caeea2d4ff79e2a2d5a1f37cae9784a1858efe6502bc05f589d0b,1
f0eb5f22fca88ca93c7c401184be97f67bbee0125c3cb897b6807d80d606b61e,1
35ef7d3e1a9a3e6204e812307c4c9c6ef0cda1755eb49fcb97ee86e29ec233b2,1
47331d3fc1c731a8144e4d683c64e153f551cb51eb34520546fe894c7ae46f7e,1
a716e1208e17d6877a39b045e9028f8164abc16bd2cf923ce7ca59bbe9e2b742,1
d3be932eb1637340ce82c037405ee2475805885382947980975b50a916515514,1
0b62a13a909279e9d40c39416178d2fbdf2c058f79bbf88c0c6e40d3e4c8d1b4,1
c10af08a2bda5f2c0942ba05c07bf9d09fd0ccfffd9e0af561fdeb44d7b3bdab,1
66f12ef87c002b0c0b0b465c67de1472aebf4aaa61bae5a75b511601491f161f,1
c38d040196613315547ff6a2b2e9ce50cd6a4e0bc0abfa56582a7192bdc4877e,1
83c1a85b111576dbdcb10190a6e4ac79d99caa3363d49b3e6e2d69eae9f2a8ca,1
4afeda71770616cb6ef0b19c603ed93c004edbdc15be4fcd0f13a17aed9ceca6,1
a6d6210fe2a161a8b8cbecb8f8dfb522d9e9ce35cc5f625f50654111e9a7745b,1
878c19b0ec1ec881a9bcc0587486bdac2bfb61b6dafc5140404fdaefd1b989e3,1
179f094c7cfd5e3ce7e848292330c540bfdc4cb0a046b7a74af91e6e329b05dd,1
d5730869fcd984a088e3f344cdaa04ffcda0756ed02ee59ff5d9a840f11f8fd6,1
1d08090ec26f21b26612b6003b49fd48df2d4d325ef770d388f753c5df38dbda,1
2ad62d7b2978fb88c41b8bd7b096816bb903f631549ba474f8c5606aa501015c,1
91bc3d4722d73c88e8d0986bf8421ec5fb33d6b7a8116a5e9c84965832e4e0c8,1
c00f20392978e08daac6739dbe3d9f0496aae003a7c48b9fbe4836f8f54fc942,1
78abb8c7b85499f3d1b57512acb8787ffacb7318865980315f6d9d323693677b,1
c192b6c7a9470809b6d01faaec637c9a37c459df3ab9e2b41c43cad47c027179,1
0a3dbc9041495a248dd793103340dc0c5c3593ae3802696f104f721bd2e0d13d,1
7c713d50d5aab1de0d3fe44dbadc60237f32bc7e3695679fb2182be17fd2cad7,1
a766fbcd3d4d9a52101872478205d392244de5db7b7996228463a13a01d254aa,1
06e26d73923be47d016ec38075a6ea60b9af109c1ca9805c46fac0ca151495e1,1
88bc88cd6b5167047b9f01e3f2b96dfce11ab16df9e7c12063f39a9a8a7e81a1,1
6495badabb1c0528c637254e62b7a0ff35bc6758982ac28da01bc074b6d3e2da,1
bbdaf3875801312840afb72e1ba5bb60631b1d89741144a97fdfb689bac6abb6,1
9311cea0f1370a679c8faac9a43ef43ab9fca99c398fe034d88ae3123329e4ef,1
bdf84288ccacc18d282b4651232ed7488bb02797cfc92ee2a6551a3a5b81730e,1
55da9a626c2a533c99608423eb33198d4b82d5d9eec795e3c54406c8bf663e7c,1
82595b63c76c8352d9c561361c43b044babba7c22e29e21a07a843f921279ef2,1
3f3fecc795404304d5209786a542a56a520602d431891a31e60bc2c1ed3a2f56,1
1cc2a0b10df1c24f11b15a690cfd2b97c0faadfa73b314973706e6a63c772f04,1
dcdd96aac0df2d6ab1fb6cacba086641135a0c5468d1a8f20d088613de8a4190,1
bee9a01c36b3a4ec09bd7f603a09ccaa641c9888125efd27b48f17bda4b3b531,1
a9eae9ea501c6034ae322dc693905338ef055166be67e6cdf54368cca5550ed7,1
1b2bbe979ac0b14298f242b487011fccb5a21695825a5852a7799290c66a4ea2,1
3cb02326e07c5c3ac8abd6faee7a5061cf406793f53761dd70978a76b5db8a38,1
1ba161cab9f917a29c7b1b543e87432489b623a4a58e892002de17f66db7f98d,1
38896cb94e4c74501be24fc8d8c5618ed64de79cb04a04cc7ca55a9cfa1d761b,1
4398b34c190203b2f5c27630e0dea9efb182d8fa32927fe8ba33057ecef07177,1
2bbfc45c42c4ddb45fee0d34ae2740520e1b12002822069b1715e06d9d063013,1
9c2270f9695314ffa463f8ee99fe80bf592fc25a88eeb76ddc1879c34d12945a,1
066949e5dac5d965099816e4f8b72835d89ba64e519fcb1bc89ad33b608605a4,1
e5d7da5a26bb7ac4d08c39bc9b0e27f922b91c6a628b199b69d04b8a162abdfc,1
2654c15d303e6fa99eb0a054cd4ee8a273390e0f89a54cb2ae32acd54cacd74d,1
fc68dc0ccef2672b2cac591fd159f8eaddfe5dbc4a0d7a6738a0aa20c60ba18c,1
c71b7c71d18dca6e3aea4eaa003969d6fd728054f610ca01ea432ca43f7b1146,1
5e6b9c538b5b496150c33059eefff4f4a94f1c4ac4adf05c4719f211f6c8c9af,1
71334d509dfac4e90d22fa23e33b60dc9104c7132f07e5af0d4db09e9e412ade,1
fe9d88d625e3651b7d6a66fd0a3d069f1cf904cd69ee28550aa5422e3abe16aa,1
f855be9fa2e80cf0374cdf55dc9fda106e67eb2f62fe7638bb7b059938739450,1
d4819f4c1b15c74166e2e070f7e3d4b016e3f09d3d8e6b71a1f75e27e6f2c56a,1
42fc1328254eaff46d2acea8070b058c3ef762c7284955feffd61b82fbca83ce,1
72e0b9d6b7559d5532995a9365eae6028cab53c9a7e5b81363d3e76d018666f3,1
7ee677e8d8bec8f82500535bc054210234da2d1baa6ab42fa6fb9d2512f0f0d8,1
f1947adc992bcacd6057a2cf0a20b209f88a5fc6dadd6376ff44fc67c1d2b5e9,1
a982f0e591c353ae0268dbb20b944126909cd5afef69f28740288147422ac77c,1
6b53079010931e679b133d8673e04b96929fa862e2bbdd109560ccda727007d3,1
73d7ef690c29f3cb2d173af86946f83e66ae6811620619e6144d9975bf77d25d,1
b1d5bfc65181d6e4eea0e0e7eaf29da6e0bb33bbc0f83770d9fb934ece9276de,1
6238bb2f15c898196917f46421336680efea682b8ebbf926887b760aaff3687d,1
3d50c25802ed2a2a2b20d44096ca93de0caa97a4436452639069598cda853035,1
ab52eba59af4e4da008e650955170a982c7eab01339f3d3cdf9039b893e11b18,1
9aba1c7c037f6327bee13b03eea379e3a917d99ac5ed9ddd0c074bd39d997f4b,1
2cbe1cce3f81c4ba66d5311235963b08af1d3384a197975faaa4b280f4fc6557,1
0a262e4164e9e3a922af06db415fffa4529d6cdb0ac0311e01bf71b154ccd949,1
2b193b832857ea44e6189dc75e15e4515fe48f87f173498b4c5f6e1367fcd295,1
b87542d8883a688db4998526a80d791cf452e7c18928f518b654f2f9e0c5c1b5,1
064d3065d501ffa407f627bd9fe9e824813e003827ef25b770eec37990dc7906,1
f51f3a84400db51b44598484bab3fdcc9292adf269174a7634baf980672fbc45,1
6fcb0c46e209b8ae2052c2f99aa2fb62d68c903ca335de6651c28553912b0e79,1
7c9871ce8428f05137e4f6ffd3bff811064c7be2f4a0d66a3a396e5d026f73c0,1
dd20ae90ead9cc3183bac32ef76a4ff811338a316b7ac550c7d0b2cd65f43d98,1
c3e72d8de01a807d92de5ec17567036a88b7a77aa503b9c77121ff69159a9d5a,1
fe3511cc6ebaa0cfbc0ecfe0162e92cfda83e90da66c944bfff43b0b72e377af,1
10f85dd4ee01761ab876e95030de5ea0b9df5cb29e17108edbc6ed20a37895e9,1
e9f28b1ec81e412e47ba68df7346f07bcecd24abe534f8cecd241dc1a8054ce9,1
95fa7c308a5354c93f87418f5327e20ecd2dd78c652c692eb5ad8cfae8c0a8b5,1
14439342e146eeaa95fc1fd098625c0172c6207a185cb7a43fd720c452d3ed67,1
a6162007c3e3384ac0414d6b3c4d66aa2dc875a9b1b204fae6eb5531543812ee,1
470530a4ec96abd435d86fe7c4a5cff45997e2943dc5dcec8c88698d569ccdd9,1
763f9476cedb083b0c3a99c184833cc9cd4a1783f1a2913177703ea80e522681,1
051774dd3f164f02a6538d586d8f9eaaee0e9ebc3c90fd74ec97abbee3be6d61,1
66543cbe926ab7126cfa3524ec902f390e44257e7effa1e5d404656f457951f3,1
25eb95892d0bda71e61d2dbc96c7a69111afe6985685e3654805c7fca8c6694a,1
607726e009c11169ba47578e3a538e08c9cc2d1df2cffeb411883c712eaace0f,1
cbb00c6dbbeb06abcb0745b51564b5fe1846b17692aa49b748e89c71556275b3,1
85965387d7f5beccfa0078eb491ae6b23a8708370ceb018191c8d3d3d198df9f,1
251d8e59fbf57fdb178c01372b1b6fd8affc5e557390b548461d6606408c99ae,1
d6a71a9eca28687ccb5996e05402059e13adc2bdff345e6e1cb335a644734854,1
5f74555bfa242917c1c9e31d0e17786c6ea632e10966be864209ef21c2f137ca,1
2c89b496db4f689643390dd06825e39c39754c6508cf529b78122dfe9a6af012,1
3df3a16e854d6f1f5b38840e726ec1495747a9be41f76dbd8aa6905004b1baca,1
f931898969e61f12d279f90b862dfd8c3eae11ac1c846f9003071cc9ec4ce209,1
c29717227d8dcd121a5c6423fbbfc99f9e3e22c5626521669ffb15c81944b841,1
220fa174d90e510c1f6dacbf0cade5e0409f030d8fb05f001e9e3766b9cf3d4a,1
d6a0031f3fb3840c2a4d29064932006e4dfdf1ba8fef26e91ef45c45878a1b39,1
2513c043bd865ff3bb1891f43aa5dfb0125be7530543998e2d0a7ee9dcd6643a,1
273bab124428ba7c2ce6d0f47797f8836bbfa6228220ea343bc89cdd90137294,1
2dcc9f68b308366073f32c8d228e251dab589db9e27678fdf889775a5b4c7cab,1
e32b806e725491c0aa11d7eceed1846d97252c4d9e8e0b3d5414094f0aa5872f,1
9bfd0d1a5537cb7221f92d3f84edb0fe7e66482495401070431c9234b0af0452,1
bd701003d42f9da493555f6870da073735dfa2bd62a06ef8d6af7efd4bab8e0e,1
80298f3502094996405170a5f3611a8643dbf0472ee428b93ff35936ce51fc3d,1
30b61b834a01a555e46dadd4907015d0fcc02e18f22f25e4ca899a57f86187ca,1
318dda4695187f9b95402af9559bd38d5c2d1ea0f79ea7371c94af68d156ead8,1
780f0f4fafadcfd92bf98593fb6d0f0ee898d2fb2ea4bc64ec01a6a3bad95215,1
0815545b8a3592777bafa226068eb06086cc0e388a266c636d3a4de2fb24f4ab,1
bd88932e18df4b3c754666e5fbf280d45152c4b4df894504e6ad458d87dfe2aa,1
3faf0a306d10e07c9e460922d8aa92990a97ccae8418ede5c827508a7d325bb1,1
c2860c11c6547fc05f11e51b76701096fae9600259b6d7686ef0773bfa4da129,1
3fcf131e97ad71165f3c186ed63c08abd28b79ca23081a1591e72914524709d1,1
517d2914412325d36db5dade1277573cc681b777975d7521dc8f6a9e01071beb,1
47f951184d5101541c88046526dd9ea54704957f843780ee30148c88473692b3,1
f16c8a8c654a49e93ad586fdccf004318dcedc4e717f981a1c0c01afd13a1ca3,1
316961bbe395110452078dbda8cd3daeec413b6e13240845b9c394ae03b18640,1
7a514c4d7e9f61764e3f3f52a5a3e21f2e87d671699d6727b04b8242dae0a212,1
e4505b20ea44cd3231ac0778b6f329400c9073e3f4031a2833b98051742e93a6,1
d7b07aaf8f299a36110deb8f18140ead886d92c3d005d804aa9a30c45033c8e0,1
246673a9cf33c48fd2b5ba1a766aeb97c1577c0570dbf9fae8ba4a5b2a851cbe,1
47532005b03bb3a60b0e4b1733ebf7b7cf1f0b61feb24f835f0ae0adef3e896d,1
a6926b550d0b57400678ab59de44d3236655bfcc6528c85ecdeb4ce5a975c019,1
7ab73610bbc6f29e296e4c48fba1cc88e349b7392ba8e9faa9a98078b34cc4cc,1
2e5eec86ed527bbb5f61bd23cc9ef32d8a6aa1f284108d84bdb5232d923787e3,1
110b46463d170843025c4a813807dd71d900fbf404c9a923ec517441bffa4a89,1
3c50801f5946da3d76a4cd2a747df37ed7639ce9687e52cf7d732d5ef6f9e1c6,1
c4f8e04108f4247b2188d7da2d30e0f95368540fbef386b69536a3cf884fce6d,1
29eb311d88289a9ded9302af5284a4a4e9099bf3314f537b407ad9f0a31b6bf5,1
3acbe517fc7374b7899875bfc0f1e40633c78a087e6e8bbf946e3e573c80a254,1
3054dc69f7fa5c847486cce19f2d32c883ea16baa19b93cf607087100532c066,1
60495772f91729ba592b84b836193454d9d62831139f5c5ed0e9f76d851ed9d7,1
0ea80eba7d475d1b18814f741b3c4b6c6b44b72b33628b5a41ff42242c63e305,1
ef4f255c06ff1d094a8c8622acdadcdad79c5cb4b7d64a40d692b63b8b96fe18,1
9083d23f74b566113d8f2f8cdeee22aa0e8b05da4613e0bb9c820ac84efbb92d,1
bb4c081a805a9665d3be54eb17087c6fa36b49ac3310d3e9cdb0c405b860a88d,1
982eb264181b608092234073394164f147a034b0808fe1b95bdb9213dcf151f5,1
4a8ac8281d033e68bd077539f21f085a1a3972cadbe38a8b8ff4ff9c786655b4,1
97b3d754f5a91a637e4d815e172657ca341077669fce2c0a20601fe436bf4a9e,1
ec244a1fb01400532e4a2d6afb7ad47c4f1f9c8c8e38b1100e4be47c38cd299a,1
1fa455f6c1014ee6e29ed7173c2069a00fb12b85628a0794820f859afd2c76d6,1
faa8df9b345360b2cd69c3c0ffb807cee63429f9aa43e6ba83180f49879b0f55,1
9cbc2c605aa4bffabcb6212b6d35f2f7e731376a6023672803ba4cf271ee4a8a,1
15b8049f1cd6c19f092d2314a4bdd8673761e7f042e3864c73e67b3d58315fd8,1
a248c5e694cb8127aba420fd38869800812e292c825e03c8f05baae463c080a0,1
b7f2ed35b4816be040710b7ef30b7743dc23a4949774c22152489f383089fbd1,1
9208432835834d6c70f52635f252b71fc058332622223f3f8d8ff383fce9c304,1
0587fa6b91c6767558a97c39c51720ca3c810457be1e79b8ee9db03b4c3bff81,1
88f8428745a99a2e2c7265cb60abbb67ec6c665d8f9074d397fa310ec799a8d3,1
ab2aed021777e0c5dd0672a66c6a52b0853f5efdd34bd1b5bb28ae940df706fd,1
fe3bdc2e3863943ed9710270cef4b316772fb570f190d84d17171986c0fd8ecf,1
867abe4f1ba2ff66cfa8df301c273b04316d22d8c89f2615241efc07469d6cea,1
3b8e48329abcd4f22ebb447369a4ef230407f0e31c755b9eb8d366d0ea803230,1
7022fbdf0eb187151dedb00013cf25a248e36a34c7f370b2b530e6bc2ced91bb,1
492704c5b5e03535fb6192cf9855a031f590ced4217a6c7508c69a54e5ca4b0c,1
df73cbd4173134a685ba4630cf59151a1bdf5eab4efd1daeb9fb4172f1d03327,1
f4d9063fea3e50b6147e1b14e3b83a24b40927827e100949e275fc5377854b50,1
bb276d12732444d87150b7a6c6a4880718996c06038373ca34e1f5afe44179f1,1
71ae7d0ac8b934e1ad6d20a71e48d97e467dd4b582b2c7d294be741e5a13499f,1
7c7ddfa9e479b6b8f01e05bd9cbad500d9ba830360ec64fbb020598dcb6a3ed6,1
0bd5310685e2e98b90b2cc4e8cb0b39ddf81a36ac74421b8dd8f824b14d5281a,1
59b053117177e5ab61182e79ac6aacc2a9e0fd170d266e3ba085aaf4d6c1d887,1
f6db1abdcac110108c1c5c4c97345a3f8b81686e402b2076812ea4403ef813a2,1
26e09bb54cd9d37c6d5e56b197acf5157b87eef75ab92004282737a7ecb4c04f,1
4bd69dc5092adece343fba303350ecee82bf98f18c93b6fc8657d52e7bf029b0,1
7f6a3201aa8e166c57171f4c64d36420c3d726461d8cfbafab3bd1661ec7118f,1
59d22fac2946db961459cfb9602ff46b14b51682d02ddd911e722da4a70a9ea1,1
a64ad5879ac33caaa2cda5ecd8f29174555c128738d1cb6b19adce8c3da0ae29,1
345f1319a05fe095a851dd85f3b42f477e0b648a9b749eee3734f36558c1f508,1
0d0cec62d8c2e14f5ded9a8f02d893ac4f3f214625549f4f6a7db69f59faa1e7,1
6a043df678fd2eed8b0b971cb0e7377df81ad94fd49ae50caff6fe7eb4eae8f9,1
74a43f67548176579ac3c0795e341458601f1e5755cb7cbedcfa3e0fac3a4f4d,1
4b01b984cff9d35cd894fe99e7a0074a705218941c286321fbf8a24f76d77273,1
165316c5fd4da21efcd24467860b5af714c5855f550414361083b8f4613bf349,1
bf25c834cd4edb155f65eeb4000f16847821c5ea818db2ab6da924a2f444c93b,1
d60f6651354b3f7c93103f187a93e5182627bde9a60880566ff5730981be56d2,1
3e2b91b105d5a128465e414b1415eb469531684d506f1ad787daf46d3fe06a98,1
c16a2a4ce0733cd229022bfac236ae073519806d4cef8659ee2be02ce8453ff3,1
09b521b0993b6fafb47289ebaad38b0d519553362ca4c9c692cdd060f92984e4,1
0e9320b38206b88865c0bfe47aadf5741d0c4aff91f7bf30a8fa7a545ab54a41,1
5b942420957425c094577c3e0ead7fa683d3faf9daaca07fae85ddddfadbed64,1
c886d9d4310d92c9cc6ef8eed561aadca855633674ae6db5d1d3b502449d17ef,1
29daadcd4d0ae0efc80fb05a58ab6f410b80f327fb9863434c680f60b41527a3,1
fcd533c43182777b67527f764a0d5bf5dcb84c283d76c6a084b94c8aedd0f6a3,1
50f7e6963b68a0ac599ef497cd32e8d50813101d8ea8d0243cce0ac380aa6853,1
659a437c3d11927665757876da3694c6c2a314b04adaf34d7dfaf2f849df24ec,1
e83181ab474a9f4811e29a6ed7b592ded661916305b85af1ca1f12413ecfb9b8,1
304c1045b3f92c2e98cfb22144b17e48b8bad633a457caaaae80e475a4876f3d,1
010594c1e4f8c0ac958ffec39e8312f5120f8b778e2d739911a72f380e735166,1
34abd7a0c75c8429097e964ad4cc63eaaba7cf85c20073923365c6893f60e40c,1
c4b7e69c741acf48f31646ac8eb6ecd048914ee2caec6047b3e99bca0ee60148,1
b2dd941582a5ee4e4b409a1faf4934c63597fb8dff37c1a85c9edc3f6b49bd58,1
6241162e65b5c84ff5ed78c05d59e265b96c604acd15eca0bad764da021e2b72,1
734ab13b65f14ace159921beadd6f9faa74cadfca9e84465c1b45f3aa3fd4612,1
9f9b93e041376fcaea197031fe88a0e7758015a55fb08e99b344e465a1239482,1
8c027c973dd0f660e9a948c13404756755a0107dff9809c29248c2999731f2da,1
cb03fe32808521256b7a907ae64328462f24c945330d871be4efba626f5b4a1b,1
4f110aa063727fc1ba3e9d2d4e0a1625bdfda7e9d9170203ae7bff3459c1dd07,1
74b686285168d72e1eaef3c7f534e3a2b297d23a4d9c43981b38762694536bdb,1
971b8e35c0645d7f9f82545d789a078e61f6176734e73741a3b62395caa60b97,1
c1ee0d2669a3c3c99eb6819771b0fb00ab737a7d7adf82e197b43f0ffabf107c,1
b685acbc884ee6efb3f6983c9aa91063929c52261131be4cc45571dafb3a7721,1
e468548f4cef2029bc663bda5a3e4c4afaaf71c2c813922ae5e8e53ca61e4a9d,1
e593a87e8a27aa1b56b6d22eae8b3dd277684afcb4655948aff09bc9d9fde253,1
25aa244851897ae9e51a24cfcd66838eacd5e1418739a9cc2d80c57580d33aa2,1
dc5d3ee052f8cf1a4093663c30d3e2db1f327ff049c170a515885ccef913fdae,1
da485c92f33b499fa5d575ab8944bb3b9a846e9998c9ad339491177c1157c4fc,1
26594644d5bbe16eba5a020fdd74e5e021948f91222fe05e10969d0d32fea720,1
a032dd8f86b16f42c5fc04319b827805587279f57cff39a6459657f0105cadf7,1
83ae210b13639f579ed033971b234a66b59a3f9192641de3011c2b819f9e7117,1
5bf316db47ebcf1b64e7a3b5c718bb10aeca806613a4638076e14ce7b02ac2c5,1
da58a4f55349f403716818d36731dbae3f1f7ef2db9f77eef80a8b7075fad77e,1
f662d7aefcd0548663f2a9b63f1976cb8c794b1eda508a3b7b1336c64275a808,1
3eecf89bfd3e8c9cfa666c65019a8b26b695b9c84891408638ea9b358edcdb58,1
f18ac35827917f60e1d00bb244a496c12e60053fc7dbd7272bd3e4f2a070d194,1
fdf422718206c60f3eb77693c7ef3f85d8d3574271cd776d261226c03fa7fc9d,1
53ff9c2d0bc699204b60dae04240fa3ead2dfc947f9020adb700bef7a18ebb57,1
bdc789d349f33f297786e100ea9c018d2ed609ed347a030b24a1923534e3d18c,1
9258d7a43ddb55cd7819281dd6f994a110824833ab4f09e606aa9a62ea1e62e8,1
a8fb1ee982b710465478e5d27e8718dfdd7a733544dea31bced374d0365cdf30,1
50c2a1a33a48ad52a75a7959661a06187054322c697094a1e4e5322c8a5730f3,1
e38d6b0349f0df4b85fac00a9388db13fe8768bcb1f2f12db915354de22b9fc9,1
dfcc48ae355b15441598f2c0ce97bd20819d46db4e18f03f55132210b8b430c5,1
0310dc8ea0d738ec582448e5c85c854e20920c67d60fcdb91599153410886d43,1
409e929b133f59444f2359b2de30ac8ad6fbe2edcadaaaa364080635f7dfa6dc,1
0d5f4c0228ba95b0b19b8a01d7306a4b6f925b6a3f54f9bee4c469fcb56983ae,1
d87748deced21aec97d47b1680a8e17aa770c19b4e59d90ce329b45a76797065,1
cdcc0359e082dc886cf03b6886aa9c767b4a1c0f74ffcaefa75d8f11679cdafb,1
d5ff334a9ca4b7482f352282ff13d201f4287178cb4d6750f355410bd7a71c40,1
b7142ae6c5b349ab1c2039e2b4b6a9e4a0d84f28e53009fc5081e0bc9208b7a6,1
bb78527c09ba3fd01d1a722c42e14b1fed3bfdc324f60cdce2d6826fe7af0f81,1
a8b1162ed16e9b533f83543726c63298bf45cd91c8df5ed209352cc3a939e80b,1
67ba5221952a74c4a8ad26c9e1b45758fde6ea729758ab5f6dc1de5002a81aa3,1
e9cf75251063114f635ad70621fe7b993973e5b858a9cfea07a3849cc39033b2,1
4e8197094b1907406ac0e4593740aaf7be99949ffba137cf29d0bad556431863,1
27801692d50af5681d3b26483e8b039a111db5431dd53dbb9dd1e0413f99e920,1
cc150a35167cae80e83b547154c71849b06cf081fd85302359731f3fc1f8fccc,1
10b996236381c40fac0a6f262a7a1feb9eee2652c858da58f8e3301c447be5c2,1
5459177fd6ca27371580671b7f2b4e4ee107b5781932856c807412200572ca02,1
38eb499dbd3433b1858180b064336bb0e84bb872ef782b057a6697f70eb682e6,1
640cb76994d8b7242479f0af95e6001dcf5808e5b5c4e1ad4c81a9117b14d10a,1
cc8afd2e0bf5ec9d6a0b04a14e494e2b840b6f1eaac32f4023c9f9afd9793a1a,1
ec24a677f3707495910963cefb801e6e053555314135706285450e367f174222,1
f907f8aff37aa5e68ce207e37e5f9b661a93bb0c907fb39db0fb6da06d55311f,1
11e82a55d0074d3c3e14c5c8a1c3c76dbcb32cf80f549d306c074c3ab97fc272,1
d9f08014ea5a0b8eab68507c67b62659b0df2e68bb5f0d5c384a35639a4061a4,1
65b2420d39abc69a67b87ba60b786b3abb6f5110e29bde7a40002d8650e96146,1
e689d205313b8ec07d0959e7fe87010adfa76b3c2df9913dd2719ab379a1c8b5,1
c571184c77c952544841bcb9556ae1fcb41b7fb0be3dd78325660837e83e2ea4,1
46d777219b51997ab13b95d639d0c2779ca532e34fd775a4cc4aca36cd68d20f,1
a027d0e1a5c1a2e6d356c3556dfd0a4b0ff1d5a292ef185cdb4ea47d064b7577,1
848f2f223eacf800190560c958c6fc31dd68eef14c707dba311aacf3b8b237e1,1
a6043f543fca59ff595fd889a31bac3673f4dab93012b71df06998e598f273c8,1
52f3f0289a88629c3c1c2b4efeef1afecc4e8736c3006422c7642572338e24c6,1
59c5773f8a2b1a3f08f6ebd4f9a52630d462c2e0a37b5478a96b7f82d48454eb,1
987958f0e5c245022b15dd4bf5019ffec3f079e97fbc7c3ceef165ca3eef4707,1
c1d0193c977caae66bb8ef51b810678657e60401dcb4141021225ce2b419795b,1
4e71124fdcb5c9cde9141162bffeb62260434be48e0e225286b85b4c301ee85d,1
890ba3829df642792b27c233964bbd151bae961b46418b1fd31f76ebb061b955,1
061e711998a079472d22786c2b13021fdf0a34920896842fb4547eaf32b9642b,1
bbcda3f6379ca84c9979a4c30b7dc8eceea839807fa17d97f35f9689693075b5,1
24ca720afd4efeb6c2f3b690300bb18026eac5b28b3dc85297fb4376cf653d28,1
5249a8cdd8fc107d375ae11896dccd6f87f5f961e3647f44ee0ad43569926faf,1
f68cd8e9b7608d6b68572ea6729fa413324b6b31801b642a4aa89f39f3923e90,1
358f4ac618b978ca331a9ac4371f82aa0f7e40f0dd2e69d74e27d5a2d4a43e3e,1
e8f8e029cb770f26d1f07dce87bccd4bfaf02e4f49982764ef70da54e72a0844,1
ec8e8631268c0b424b6a20a30e9a6c9d0809d6a2a346a7f448b86b8aefc39929,1
456e5955b5414f954867b3e31c0eb34f88ecbe042cf4e8b120d797260d5ca710,1
c4a5ce69d4558897a41cc4bd084cd886ce674cec892dcb089c48b8bf75208d00,1
2474548139701de7387d4cce42b868757d51276dd5952796cacb034e30cf2dcb,1
20162c264755dc55d90dc32378c3a78ee1458eb8c5676815abeacf29fa7af4f9,1
707393e0e4953210c47edfebd75c0d67f380f97d12ce8df54483a71d7a5ab144,1
98fa09ec0478f3a34bca85429972d997fea480ea46d9a7dc665d016ab365ed02,1
f63213b4629b7ed2b71d01a391c27e563458ea5999ec7ccd9388e9f570325ada,1
b1e8097cf81d72908d059910dd84454cb2e20c40141070af2a7ffc76eb6ed97f,1
795f098cc8badba0388de3af74f55463e591f99d2d30165c3a464697b225cdeb,1
ac071723c14448c5b4bf20fa91dda9b64c7349502a92af39c257c4657730ab86,1
15d05715f9870985e1b4191be04bf06ba34aa9810d278e69926d4d51ce425ddb,1
ec3d490fb3abf4af1394e7380f683123263cbb5b6d3cd453bee986aa433d4cbe,1
9ed98403b587d10f93fc4d4c3a953f85a38e793edca433bf402b7ef4f420de87,1
b063c94d6464d58169a225e812b22a658347c005bc45b1df65faf3feba7f3015,1
8b12aef90a870b3f9b25ad1b7431f64f99ebcca0f55ad6bf282273ba24dd692a,1
cc43c9bba2f7d68776dee84b6aa30db6521c75452fdddbd3fa609e1f147b92ff,1
3f100ebde30a11d7efc64afcc13f62e407d88364b946d8dfdec4f1b136843acf,1
242206c2c466a9f3bd9d015ccfede74461849b1b47438af726ca0bd60fcffce6,1
d7f220f65c5d513ada140a0e854c2997a652712529904af7e3253ddc81e7859d,1
753b2d5523274bc338f213f6e014bf387e0794f25d6f44957db23546a71490f5,1
df410a765a15d0bec61e4b1ef991b68a7049ee6d1aaf1e3e0ebebdd4435e367a,1
1cd8dc0d726765342b4313dafd5a3677df6e1677cee2f06eaa941317fa519536,1
c37f4e6fa28cde66770a76c177028f8c9db680170ff8679a169c0ffad9a52063,1
e2362ad1318a0c957ac00e925071511545022b70dc9b3d5b425a46ed701281e2,1
738994d5a2c9451d539443a992ed7150dae3fad00c455f3b59f44d9fca000672,1
eb654a641de71f8e0ecd5fe1bcaf7c1f27dde1dc8c955eb584697e9075e087bf,1
402884027a720af5749662271c56e6554f08fea4be4a8a35bfe940cce3f9d98e,1
f9e768f653e9a95c69a00a16772827cb660aa9aef1badb78fae2ca4e21bbf2b9,1
7040e9891f49a8a715dc40db9ab40c9febe41b14dad879e6370a490b482e3272,1
00d7c3b26a2b24f63fdce5d68981691cd4f9d848dce754f876a36f5096a05b82,1
7daf89186b48001e5496ffe976bccb4cc3c931cff8adf1aa624853c82c154da6,1
8d35ccf7e877c62f773379e58b56e0f48ab1b5ee540cdd454a0d029d5034dad7,1
b4fc4ea3b4fdc7007fdb41a69f107893954279a4b6f633596f14bd70f3117d50,1
e95f764e0fe1780b2731051fc16dd8144e338ace0191b72e32747ddd64ad743d,1
c875aa7810fe8afbf15fca98d06d09978402c8ddcd077462fe063a01ecb11f87,1
4782b48a702ea01d08f8eae629d18acb55606b982a142ee0587ac2bd6e331f68,1
138b064d6dc9a9743af0a0507a61881b309e7a0f7d207861b5bb32f20ce87ee7,1
0fca51bab1d851e6605154a9348097e77bc82da82b7996bd945fe7341b3142d7,1
0f5d55b7066b41e287ee9a6ead0979ccd5ae4771a242cd5f081c0b3d1ae9a30a,1
d9a47603472bbbc039541de6b322a7b8ae3d3f27ec2b88bb2312c5c9cf1f61d2,1
b3ddc961471efec36d4d4c3db510ab4f5498e6779ce7f0b2588e1deaa84e54a9,1
389f24b4b7764d7e9a6a9256f049c3cad5b04d46bd775f13c61bea4c5efddb0a,1
3aa36b86f524a099ccdfa1117cd5a604056b84dc08979d3231b8574d1a1501cc,1
6fd62000eeb12baff765306644a25529af301690ae4c71b4e3918e3efa7df77f,1
b2d7fd9668d9174d81c1683dd00e6c3a99b67ab70e8330461b92078fff68da60,1
706648816190296000d352e49eb6dc148ac5955f90eef75d2f9f6bf42b2f76e1,1
da6084d98484191c7cc975e9df14bf6cdc2ec006cdf9da1b69c3bff682d94081,1
a0d88cef93e3e08b7a558cf4baf0abd948869386943ea622825451288a74a863,1
a72c01924b6851ef22de0f508f725d059b1f4617b0cd0ec620b416f9efcb72bb,1
79e16a222daa34cbba485e16ee498018d5306aac8fff58a7886181f9106e3933,1
89a60efc4e718899e62bacc1e3587f9f8a1bd622e392c7289bd4353b41405337,1
44e2cf7c9490c432b75bcbf6fee457a41cb2ffb9842aed0fb6d9af6c8b8d281b,1
c0d1e5365511b43a8c9dea1fd06781f93481195fde9a2409aba8f12a33e8f1db,1
38ac2e466a5261ebe535c60e81a8e6bbd2597c32c9310180eaf0164a15cc5798,1
28c288b4233fb87b8b49eb238291687e6df1bda49794dd80c51ec6623d805ea5,1
9c3c9b30deb6326f31db56113e18c4cf8d86f16f573ce8860aeea84e70900a75,1
847327b43b4450ca4e0bc6b41473af959c5572dc726f1069bb1a584a3f5f9c67,1
9422c74edebb836a435db0627f8ccc2f8c0915f0769b6ed9a59734d0402634aa,1
1f30e2b0e8f107d5ad5267c1ea389ad86857f8fec77d02d5549d274e40fbf4ff,1
ac8727bf80b248a87c05a31ee7a04cff5d26cb8acf627f9f51c2c81d59da9445,1
bffad7f594553675b9bb5d7553bdc7b2df05324382750b83bbaa0afb5f4408e1,1
c7fd85df79f20715818c2e573f5071ad8a620ad64bb5e5cd4df124878ccd1986,1
967ca77301bc33ad873237cf17fa4b02de2ee6fdd88fe59951fc242013dae2e6,1
aa5f4ecf913addc6ae5d9fde91c2d630b467d18d163d0b76bbb9bd14796ab70f,1
3343c459a9a167bd4f3acbecd40b115c480a236cdd807974802a206ee86beed8,1
54ecff89be31adbb0c09e9e3a120842e2a4bc74db25de8cc3804f979bb99b691,1
fff4db1d6868a1e5730f3dc57561a8b5bbd4ed72dd33fe8ec953186fb3ba5073,1
dc6f39a608a61415bddba12a484716ca4e54d3e80496fe9d65542029f3d8e355,1
8eece5d4249d20877ff0e4f1a2d4768cc3c12d2640fce04534a38f3a15b4e635,1
30eba6dc94bb89234fbf0452d217e80e8a12a86f373ddddac72aefa4a0646469,1
289180bd747c07bfa8d93e0418c11db29c5f337460e9260c30d64ec327b1baf1,1
a7a91341cea5d2151f455153386860a8536a5c0bb5f987d212adc6e201f276a6,1
57111e747f8adc7dd9d1b6b92a47c68b181e2eb91246063b9bfb3f263670b16f,1
908e5a5e335ab51d7ba5f4919f51c9462eb8769f1923a4ead9bee478c1683ec1,1
d21a9a03e9b8fe3714d28570cf869332e08508e14a546c88f16e740b1634e479,1
e6a53634962a5739246f5107373e78b1d890a31621e62c5ff4dce39fa970d9f7,1
8e24293697106cf84045eb989f2b76a762e669f61b3df6ca674ef6c119869edf,1
cd7028a898c102fdfa5158d47a4abff0ee5c9a176daedde1b3f6716dc6b079b5,1
0e3bba044b90713db99594fbc2eff15b1ba999b5177dcba3b27e514dadb65597,1
171966aa63fb184bf62bba73390741398c65bd368306c90bdab51411500ac185,1
1042be619a32b73ce46ed59f094761d1f9e6398be5a62944ace8c644b8955d8e,1
746af020cd547a1f2e9840c42307cd62e347c1cca8e2e2a71bd113588261cbd4,1
fd10294640c916ba8013c24eab9201c9b8b40f269500fd763c3fc690dd11e004,1
30c08b626ab888cc23e877bea5172e8a74113db90b12bf5f5ac750dd5348061f,1
75315825082f301731fffaab257bcb80c79cabbd7876fcb2ec1a7628f20bb76e,1
be273e4ca3816e015ee9f454cf84df5d67005dea792d2f61b33cd1001720654e,1
5429ce34401d34f1e16e5fc39228fb721ae820d6417bade580e05a579166f0e3,1
ffff4b56579f729cc1a715fdea773d292d4428eeae701dcf590329d8fe9be386,1
8733114af5978346394c3036dd6c36901f3f11d1afaf11e5945934b4e34947f9,1
6218c99a1f3437071258fd149fef9cd6ee5ad2e2cdf5c2cb86f955ddc498ef65,1
f263348b61ac071cb03d670c6687ed22d5f01f2682b6fe2febcd62071be6b4b8,1
7897d689a038a8d62f4494398c43e4ed763f0ee9ac38758b0d6cf9d7910feb59,1
e9cbf118893194833d9c6b602fe43270c73388c7725b69716b7049d3175fe834,1
e95b7267f6a6c9d107ed408f431c498b58b900350147efa4cb8a84d9d8b2e5ce,1
cd36b31ef704b7ac0f83983518468f9ad08450a5aef75424ac3dd0b71a48ae42,1
9dd27b6251d4b93a749ccd32737f9520963975e46b76671a75dffee31049267c,1
e1b5b67cef0e9ae2b65f61ee779f71256fa6fb761fb8e346e433e0439cb3dfaa,1
f005ad6af45f0bca762915f828c0db07a8d776252b3d07a480a2822ea69a51d1,1
f9fa5c3900b9e04f6b6ffd333cc0bd414b023c91590c8e0049eec0117a6c9f27,1
47ec033c3ecb749d39523ac1a2c4bcb01938dee3e19e3f728bf058c94b531753,1
d590592b073064bc86475036e6cff17c57b4d20e6971de4a1ddeb3757cff28da,1
0276b5b08c3aa8d2ec4c5ed41da1bb14c11b8560217149f834105dc30084e77c,1
5e1777c8ae47fb3337a0bdfa325f8b337d099add99ed9023828aaf6dff699e41,1
8a75dea01a5d765a84d8443ead9a7dff83811f1eff66d12d70c64852723e9361,1
d177c64c561f72bd2a9b9d1f918f11ae7a4722ca026c5fba4fc0a3bed893584a,1
b56bd147dd74a0938013d22f662191ed033f96680b1aa54d8d5346174b7643d1,1
ecd00bfd07d8c8c60033d930cbb5476485d3725561857da5765737086efd105b,1
d43e2b0f09ec4ab6b5db73d9efe540a0eda4d19a06ec345c2179863e9fa590d7,1
e790accf6dd7a370d84fa2de461e3d9b3d7bbe788afb65898426ee168402b56e,1
5975dfa47d325a6f5581818f83eca721a7c1c0cf19e0291c092f1fca6386f411,1
8b0df18442eeab0fd828ef66c4b4cf95e79a02cb85dc7f6e041216f2c7393b33,1
7f03d9a6927279fc7b9a3e5ff28aec6db73d61b260be7d0147209d808182cf81,1
ae8614dd2330afcfc065f7ea4ef8b3a8a32d3ff0f9409b089f4bf5f65347e501,1
7318c9d92ba9ce0bb436ae720132fc7480690b1f74952bcbaf69f88037fbacbf,1
1a7159f33983cfcec12915069a8cb43fb82bf0ba7b4ccf0ceddfc91d7afad373,1
3c00a53bf46d3457440248be5002865559a5824003e27b65252cc0030366cd29,1
d9106d0b81a58d698d9750784bb61c721e3665b090e637553e2ef783f49fc624,1
cb516345d02a55dbed11ea770350f79753381f4daae988fe036363c3120733e4,1
95f6dcc1d3ba947987bad2e2b575b141b01e9daa604ecf5eb902b2a9642da1ed,1
73e336895be9f920a4ede21d43c09b1c7415ed9f7a6f76f86e952463fdb0012c,1
3a061bdcb508fb4ccc09b7081620f21856d4c89c4cf888981fc6c2b27652bd49,1
54d022059a8ab0eb10dba83fe13707cd1659eb60bae89467104429fa465f1486,1
a4e1486a9d5abcd7a2df3dd176aff515824b5b6374c3eea5acc276685d4de5b6,1
109b4f4699e7a8a13bd9241c0849215ca43236dab49f389f5fb36176580d954e,1
12bbd834b4897725816bd6fbb1af7295abe65ce32cd00e110201618b1a040c0d,1
319c32e034e23da8fb8f84d37fe4166e69712f37076d2b2b067a47a35e4cc865,1
97e039be4f3deaf0f8e7318673967568b78b0a393c35a7e97a5d716dd274f9e6,1
be029cb56c98ce25aed005e4fca89d4358f950b38b8f14eca995192421b0e4a5,1
6662188d6fb4f88500054dadcfb4976ea4d8b2249b590d4660b6ad2623f8a502,1
ae9c43d9f6077eee1b88811a71057724aa6364199bd544bd082780cbe25a1a09,1
dd80567ac51ff121101036f2174d2fa4cd09e8e540af0c6caf600997b5f98249,1
31452777b9ece4913689bb670b580ab90668a586e5f2de9b91c6dbda76ff7ac2,1
3f9296f0263ecb01adbbb5f4e759663a3a10385149cd73e62577d573c9f833d1,1
4f288b8bbdb659f2653b6d2fa3d1c23d7b4107a05f726de5980980ae13937e53,1
332823b45c39e566f8541599de271f343007b144967f972586f21b471e184da6,1
f35d1312ab816197b168bc02ae87aa7d9e82a3d73d929400852a8ec3e1db8be3,1
0868dabf2806962ef3765b6ea716c4dfc04128c123be00b3f900b3c755ff7f7c,1
83ea0e37498371302a108ebce123d467d3fc072a0751cf824b8b9bb07de4c680,1
8c9082217f93cbe8e8a7424da6cf8721c4df455e330bf3737e9a17733b39c7f6,1
bef80ff32c7917b0119a2901ab470a4320653d5278ebf622e71c8476bd6c5933,1
d7d825164d88224d6c6d82a65f869f434f438a4e3e675ba696d635f680581a99,1
49996ec16c0abf3f8416de6802b78add8199e28d808df4ee10e2310fd0a1d774,1
0541f4ccd591f848cf9197e0cc787054285bb050559fb5bd688701d8503c19da,1
4c9c175f5274ffbdbe5e41cc9b1956a6b178c1755e2a7bb068dbbc0ff845876e,1
4476990ee330ee92aba3bf92329cc8c3ae6779401ee8e7905f92ba7294b427b1,1
f764448d90eb57822b17e2b45960fc7eaf3095786205754de5c107f0769827cb,1
bb6e1c71275852b3f2b21017e7f157b71aa4ac0e2a8354023296a0498337a1f2,1
da23accc83adac15b58a03cae62a890458a31af00eaaec0dbfc56c6d90e4b151,1
26aeb7d512fc7d63cc440c454bf682c144da79ae1dd7a2a58a3465c26dcb84f3,1
85e3e82592b6d1dbc4e69b4dde505fc4db48dd2c1c42d2cb39ef7205b8d79a20,1
42c062a8908dc4392f7556ae900457929d7645fbcdbcf40d17e440c9025765ea,1
ea3972fa61ba0d22a1b74aea11e396a6aceaaed3995e7c21868b29111c70b170,1
4b38ce3e07cf080793928bcb80d12c87fb27c2172312207f8db92271eeca0211,1
50de69255dd04a77974a5e3e32f5cb4db2c961164d5c6a4cec1659c0a9ea3c09,1
33ba97858ffa2a4127ddfa965d2ee656d97d689603c81f5311aaadd1479d9b47,1
cbdd806505d432ccf66d34156797313d3540c36bd8fd980f304adea42d8eeb98,1
ab2f63dcd005f86931ab9509987858529b1045fc88df451e0f6c9bc7785e8462,1
04672886b29e106f50053e426e3f54fc546637618bad334916e9a0a8ee52f22d,1
5f98ff077b47b04ffd28c1949ef43a4ecb0332b7c3e260bfd3876a2d58a98074,1
74413776f1a0425fa2e39917687e281ad10b265f246dd4477067049395c9dcdb,1
3f303e5080940d52298ed2a41836bdc929f56a94fdeb09d78123fc18296a4a30,1
da9f0e413a1120eddb88acfb483aed17486d2b3a7faace7398e39a648169bd07,1
8eeeda36ea977471d278456dedc80a26937241dd75a0f57ae7da12e0e425cfdf,1
9e34897a4341615645ad8510f2e8ce11be188f604c0b5d15b90f8e783a063f7f,1
0a1044785bdfe5f877a68e4bb7afc97b1b296c68d3bda3bcf7c201075b80f50d,1
18a3beb45135387d506a8e1ddf335ccd515df2a039578c8b95298da5cf1737d6,1
554b349259d1172ab5fb7e3024e72236a6ab4eb479d89e5bd27667ff9c991a43,1
718afdec553cc19d67ff39c833a710ea1278a08afebdba627fe488dfe78a2eba,1
f88a6aa37e8ca18eb43ecd1efeb6c2b9a7a286a08069be57f810e211f724679b,1
14e45c9e6c4f32fa7167000cf87f529acd89ec841c02b2dfb6e5f29032213bb7,1
b939f42a48512ef4691677069d5e4b7ca04383e3376d54b68f2ac4edf92b5b09,1
ffd173b36dde547911a701cc03e4f17831746a43463c3876003b01a67d62b474,1
7c129f6819902dc4fed62789d7acaedbbacf4752a08c7eb4f821184cd5ad9908,1
fc85615393763bf0caba64198931a9c5aef6d1fac506b05a5718f1513ffefa47,1
616bb99ca830e41dbf721cf6190db450cfe8f800ac9aa0ff2c3f4fb51eeac965,1
cb80d3d1bfd191bcd5394a1e9d3257dbc21331e75246d50e1d4136f96af98613,1
1563fc94b4d18fe517615f2f72b3357e1c457595e2d037403d816292de0b0d06,1
928f3ab95621386eda0707dec28c15891ff0f6b3fee997869ad4d56d20859ee2,1
3a51d346f7740176acdea33270ab33602247734554e48dc76ef8874a0f9a1fa7,1
d75efd8469cd3e2b6fbcc5732d474288d43178997b72e8437bc5332b2ed17797,1
4f955d9b05e16ee2e4508e08f5d312b462afb6ff0dc1ef3c9ffb3bdf12f94c53,1
de4ee126e442146347a1580462086513cfcb4c8a510ea190a36ea6c70791555e,1
e761b4452964dc883286cbde95a5877cd41763edc916419d521d7dded2fb8e35,1
eefa80b98e8bf1045015e020e21e2be0f56bbc93fcda08dc7eba18d8c3d4dd22,1
b0df13a688e65a5b220ce509ade311dac9936e9928c785544428838da6b1cdf6,1
383e92af16cfff048f96d344b4830d8641cea8deb877863f2e5d126a30818b51,1
0b9e72ea51b5bfba7f42249fb5afc5a82aca899feac108931b210d899deeb008,1
51a7dd78c543fb8d1156833e2c465af3a1b5126ccb69610fab40e0934927c060,1
6b20a30284375dd5d45eb13ec1f6afb0f164264f28833874cd49318a6b4a25aa,1
fb126c619948fec047236852baa2173b1dc09174239f860d2b787945e0fa5a9f,1
89fa9ac9f40abc44ece0f123d210f58a260a3aa112d24a5ba6a4f8a0a5a120c3,1
d4b0a46c8e5151a5fe3afecea0104d6b92d3b956499851949b2015b78c4faf45,1
5acdf198254c8bb4ede3e24b19d260a324c9a06cef035bee536da374419712e0,1
f56ce571649e83d729bdd7161aa7c8fe5d946087498a39a730c077826f59f43e,1
d69a9cebb08e6a1f6e3481c8c7363ed68b43a7dd5d1be6e644d1d4acba2ff85d,1
5dcaba90c58fc1efc38bbefac09bb5017cfc137794ccf76372643e73149dd71c,1
315c6c96d5a80b09d4406af4f74df3c6f91c64514982209e63946c1ea3d6bb81,1
d72396e51c6b1d17086b437213891c2dfe09aaf534b36d570a85c02bec5c6590,1
a31cb7847df096bde819902c9ba12f50c5c7cb1d57448e188773da8820c05420,1
ed432fa437020350cb656a4ff4a90c242d9dc130166d7179b892b1b68722cf5f,1
4a24e422e62b7bab8f5f28a167c247a9a54d71c8bea9bd1e4a96369d887c3781,1
1229f7411103750358215fa31397a8ce1ec2836b534a8c7ea30150e1ee198e94,1
83b66d0e7a8444074f47f8f43620b5d8df206e7abdb1804e7f906190860d4b3a,1
b7bebee4994fc724b282b1ebd97d5610eae5b8c83315b133101ef6d3c5f3f541,1
d7bfc3a2c3f8d56714eecb7fde520aec9436c93555327e0313602764749a47c2,1
a4ec5b0a7574756bb0442fa5f01088337370c1d4292dcf744e3b5e7da1d207e3,1
87ac223eea2440527412aa6c4531fd15cf6d7848b5883f7fc36e1f305a4459b6,1
a2c64fd2a5b9d357c9e5e6d327b4950f8388c542049bbc2652bdb90ddff1cb52,1
3eea008cb342b86aeb77e8911d91473cdbff0e8a0434b254061dd0a4e696dfbe,1
22a55befb0196317b70169a7029912da930b07f651d602df515110700d0bd97a,1
c47c56d6b3f7ca78210b1fcbaafe0541a1c12580ed3be54eac08b05cfbf13b25,1
d38328d328dd79766f205a56852f9fbbe3bc6c2406b803192841c63f6a18702d,1
727afaa633479932ea0f07abcc0474528763e855e86801f77852651308dc2e64,1
0e2bca02a6821734aa9beef3e066fca9e709b00becfa7a8f9f6e8b53b2c52469,1
1b5bd273d386b46b193ec3b706e84fd44009fd277253ef276f899da4fb46bb73,1
64d0fda09bc45d8a78d66f7a6bc814d216ded643ee10bf918ce1e23f2673a74f,1
52c8172d82c0ae74c9183269ebd78770354faf87267e58139c1f2a566cc69769,1
e4a2ec17d795fcd513fc98085d856e6e1eff31d34ad3785047d6972da51b4376,1
3a83760ad7b0b51ed5956e49c365bd32b00c89ba07e887339569d297f2379746,1
31b8c02b3a55f1a576c8d668835a546df1a8da722c412f23a8e7e8a000beb614,1
38e92e8534988a3ffb7ceebb326664204fa81b309ff18aa669043cdf4cbc8cdd,1
0cb051dc78641571354bb286bcb5555d2db579dab925bdd5ed9f01f350a07799,1
9096cc717fb17a86f50138324bc4a60527f6af85d715c2d46dff2d5abf146268,1
adeea578529f86bf6d92935cab25612fb35092523625c00ef7d191d3673e67e9,1
619c418fdaed06c2d1fafd944d85dac8ececdc01d0fd9d401431570ba78a45e8,1
0f92b715806bbcab037644a4eaf9a4b3ff09850a5af7888a6fb7fa27e0d624cb,1
d05dd2dd3dd2d4582de552d1cc305bcab493dc1500c57ebf74051f2fb3d04cc3,1
1b0287bdf41a1a0e62201c48813ba0099d4ed3b9882b62c3627fe4452f77e861,1
cc3ff2b3979eed8c5710fae208ebe20ba9140ffaf0bd5ba668fdccaadade88ec,1
2b76fb40a963b2c536254df97d1b803f381a31ceb3164afebd3708d029ac364e,1
5ccd5ac03e23dd93e227fde6bd98bf2f65d4a035acaf09ad5a7a0709528c281c,1
eb94f0682690c094d749e38c3c9e687e4915363e8c9e37ca7e32a17a1d207187,1
dd1d0bbb95cd2bd1fc30d2d86461d6e5d5a2a7cae4f4fa1e26d73234db909586,1
ebde5aa735f569f7aab7ac019373a6760fb7b2b6509f3f38ced0a3ecaf66579b,1
f8818c67f219e21bb816156376bae0b1ed83d7a40e0ee8a6c9e170d5eb80c3f4,1
60690c1c569e495739bd17380d2119a97e0b3568937e5183cb92e3472fbd1d28,1
4e0cf9a916b724d98ca2c619d6294a94ba94877e607cc6fc0ab43148fdcb9c76,1
26d850cf4cfef576a098c0808ff743cbb92cf6871abe96ed9ccf3949b12b8425,1
daaa7f93113148cfffd51b385da4739d42896d48830e30f820fcaa6acfa0bd9d,1
44559c2e7c9fed1bfcc9fdc469b68672926dd35600512a27f9ff656fbd00043c,1
bf64dc53d31a230677c3e2866ff604b24487b7e1634f7be8d400eacc96f6a73b,1
2d865e216b166439b7ea50a5bfa04393e9587152f8a7a6b7027b2e034327d537,1
a7138e53217baaca49d4b74f40b306200b71d72d5416fd879418bafbef616776,1
caa80ae1617d3e34ea993538d0f85007dbab04a53a060b804b6688e05784c884,1
6f6383b1ce1965d8797d4a99443d7477919c0e50ee0a39ac4ea40ec002db4c4f,1
24e42e57f514aa844fcf8379bd0b1b02d631108e444c078b75534afa438de9ef,1
c8f88524ce3766e992a23b82897c6f20b6ae5faf185e72898c4e419db45733fb,1
3a1f86da97a13a5629e4547d17ad35d0880faf64d8c5dbbe4597455b8f71fadb,1
837605f7c7218513225582f36b5ec1c34f9620f55a8cad23e4366547d80f17b4,1
39a569c5bcfbd543e184ac40cd6c31d2459d6e203159afb65531908880dacabd,1
6ed47f7daffa5b66bd2a1da89aacb0970c3e9be8bd632e51ef3da6f67d7260b4,1
a39144356ff427fb746c0c13b8cc043a8d34632e67161e712a440f50da24c7a2,1
ddd919c3f534e66568890395f47fac48fc1675d8f101fc058448bc8116ed8b45,1
55fc278d9939930911f60d7f0777070002c7235fb424c4e8dc795249efef7a90,1
510eab1e6c53fc32ea4afb8d365a815df8ddc1f21e6ff69a6a5aa7a4c0b19e2d,1
679d788e48f61f9086947fcb7ae488e679067a75cd27d9dd53947d5a0b8a48c3,1
6da58795b8cb3e8ad1631f68579f25815572980eb76c429a7f14ec66e5b63580,1
1e64ad7a007ab38b9946571ab3f15f2d0b68e5668b2ac6a197ad69c310356d1c,1
380ac8586bff33165f7984bc083b2b04059abcd3a5d5065ed697fe485889d881,1
fa9cb0d574a8dfd3b1e2aff8fd51f1de2a8fd4a47c56e202aa2c222e09d996e8,1
eff3a1989cf2fcbb0fafa8c134c092d75a3281096b718c35005c7483efa89425,1
e80efc6f61a2891827dcfb0901843f72f320096a3f36f76e25ee06478c53f923,1
e441c5a59bc15e737e6f57d00e9f2d5bc99e287e8909a2a86ecff819ffe0682b,1
dff78e405481aab2a5350064bd416a9c090c19acb4950fed0ee887113c036298,1
aefa1b98266993e8240d5ec1f1cde2e366b4153ea4f4eab7a1ed3a4d31b25db0,1
236ebb64c51d65726f0e5c9820470e6f1fca75c3db2555348dfeae9eb54185f8,1
fdd8e618aaea6d2c527a144d19acd71405a47bc3080da351766a7137df0ffc44,1
4d7842772406c514bdb1b1f9114fc2dea548dce2794f477cf8c713df7b1c7e5e,1
5b6c717733fdd81d64316c8c211a6589487e0609e2fa19364f03658b5b6b8673,1
11fa2ff5ac53feaecd7bb0c59e420ad04e2db0bfc32fb4b3cf60700f17d8c588,1
a560bb3a0228ae4dfa6a795f258346c828b5a4cbac9d066f7433ab8180d4eb6c,1
4d517475afe3dee51e8d5b2480844b6e9d92d2ab4cce764860912a6044b3606a,1
dd45f187902d066836da0f560675ef210f5bb5f74e77e419e61a0746e86d4c79,1
ee2eb4b020c2301daf7fd59117c79d475e5d263bdcdb6f2f95855b6e78a6afed,1
aba4df33a3c4ad239a3d43c46468255e920d8f3a0bd4d997c8bfe9e9d26b947f,1
65c15a07f9c6d7cfe0fc1c862c3f732f43522dffa167f38511c6229a68d73cb9,1
1fdb4f2841ac5a45a9d19da5af85af6776a54cd8e056104909d269f941712100,1
9fe62b9f07a55954c83fbf874f0e2facb3df129b1270ef5cafa10987035eab56,1
d0c1ce3ff4e9d00ede51691a3faca8347c791bcad84e21d3467bf84660c617f6,1
d644742cf8a19eea25c3d84868ca0c893a769f8c12c89de921c739838e2bb2a2,1
fcdbbcbb26b373be326c6e138b26c4942af0a80cc051546cba60a39c6c30d26c,1
6f078c8ccb0dfe832699af2ed2f26460bbcb376bc332b57ed8916a96bf0289cc,1
ab88c44a899e1218a6382bf5822e6d952619ec25248b22c039f845e1e1d8babb,1
62da0ed6614d0101693046c6fd2b89bdafffc779eec60624a4f088380f61c576,1
64d6f2455997949b19b8da96bd6e66fff80dc459bba4c1777ffbc33437ad0ad1,1
ccc6368ece985bf7b029634f7be4be5b4111a99b9056621aeb39e3331539d23b,1
b33bad6da36bea016f0b796d628a63b097630f6586a64ffbaaee4f6fc82f975f,1
4d8799df4206e31ca81bc14d2ec377c90d97aa04ed385b63c5607ef9aa00de22,1
2b19390d4936524676047212540c3bfb8d9240f8cbbc2c321361dfeb82a060aa,1
b750f147f62bd9c224af9644ea27357d4e891454d1f372ffb4e59ac3b0183791,1
6957dda9ae2e260c3b5594b88c0d7db37fba168b405ff4aa77cd4e4b96c476e4,1
f5714eae9cb83a0e6fce20c8d3c32e8cc9dbb28d4a64bbe9da79ae7a62c487c8,1
9007f338f2fddbe408d217d65af83a8dd48477e68439a1170f7e4e9e8d8a8f51,1
7ffe0016fe8f5f07b28008f119a2be952cf7c7d8e2ae4f23fdb65ccbca5a2056,1
e312bab4e0ea0b679741456b297dd3c2f5b1aa379ffb51374873e0ec244447f3,1
8928edd56dcc4b86a5c78a5be221c0c331bf4bf439fb2a1b82a36db9be082bda,1
e42554a724e7beccec1634a91090d1dfe1e63f7c156eb78da17eb7dd8db283d0,1
994481eb12dac347a0a5e9eba8569151d4cc6e18516000f150a9febd7a6f3803,1
2383727012dfec436a34e9d58b0ea3aeef4a55641a4221840e75898d5beef347,1
40d1515c78ad96c9ea8032817cc0e27ee3842376eea34663e0fc2439510734a9,1
383a060f11c1f9aba5c9d991a98729a476c1327fcd1943959ae4b1545c385e95,1
69a6e558e4394c0d22a9a43856e9a0fd1f3ede587fb08b5c578dc3349d1429fe,1
9b60120770401e7bde78986e8077303f03e450e7546ce7fd97141be8b84dfcb9,1
89336f08eaf4111c7f79c552e74f363d3f161080d6624be2dd9525e2640023df,1
c53be0cf257829595d061c74b0d4d99519ace55fd9ed8d0f9bc034d4d8eb9085,1
fd3a4a28ce3ef661921eaadbae0dda8bc0c1be920872c00e1290f179cc9e46e7,1
247a3c08d6c86f5acc8522176842a0d81ca0c3833190434164374d806c48464a,1
5b92e88a2dc604536f8bf3c433d104b358850f8c694c57fcf22e135ca47ac8ae,1
6dfadbf7b0de8a02e2ab7e56677c2e969190dfcca89ae8a13a6ca0a5a09d108c,1
9ead585e9ac1e0c9b8298c4d08bdc2c124b645bfe315b9429c95ef9f4e8a40f8,1
47ea16b32ebae663298151f6559898da8d2a7ad09decf8e797778f588ca912f4,1
677372529db2af220b2ffda21fa034081b642f5f03c8a24cd6a87b8766402eeb,1
9f7720a1e95268b4e4cffc15ac83419b4f82f62504c6df26c7fc65f42bb771e5,1
d496e3440f7400759d12fb8a66371bb087a9d1fc066f30a2fe535ce697956be2,1
86c63306c773c09d96092a8e8abfb1b9baccdd9b5835e2f760002c9f78b43aff,1
22ce222268b83940de43c9addd7cc3237b5cf8780886dd94cfd086d757545790,1
2f08b99fe771582792c44d453f49b922302b401a383e826a1e0a473cd629d278,1
fd2892539a1d074711d0a7ec3b61e6a7170fe7497cbe9b9ba98f6b78084e779c,1
4bedcdb382d7ea1cfeda30c5853c2c97f00640a99692455edc3c710aae0a5e4c,1
3db98173b275e37f0bcbd347c671a4717f67a239d240b23251419200f62550a2,1
b6342ec9c90bf6a5b6033e5682cc5d1dcb788360cf5c3f167425c11707087847,1
0ce3e148d14ccbb331525e6d8f7a1775509a4d9460ea906f732473e1c70ebdce,1
dfffb60bb24b5e925d677f42bd1b59778603eee874844d1961fdfbd40d5b79d3,1
4cf4a2a50172479cdbb68badf9f21381da8e7519707f551bbe7c81bb440b29d0,1
7fa060c8ca11ca44fe5af9c6a4035db6c44c40b36ac525eecdbcaf093bb16834,1
f47d18a6c275686c4cd8fd09c930b329f86f77eeeb88388f05f7b61cd897c735,1
3c2ccf1cd313a0131b67d4562e161714793ba0c1dfb33cd2e87cd62a25e71f22,1
743909f93ac78c097e7a0c5bc8850924a30e1c6758909b731cd4a1c3b5d1819e,1
f2c9d3346656546d88a111d01abfeb3a940aa719be32cc09e50c7dff4cb4997f,1
2586006c868ef15f923d5c7fd6ebac71141691f419cdac6ed405268364474cde,1
22411d21203e372c5bd2a82a94933b6eb47e39a90b3568413409e45aecc627a6,1
c2f2531ec415b5f74d59c0854f6555ad3aa8f159d58448825332bea02d53f54d,1
ad8d64938cb25af24b213d2af47f7194455244986cdc318d7d238e9730e1315b,1
0b2ef2cd5647c021b4f6caee5809c7df47ad482260815418b15a956fd13338d1,1
1e406d4a4804827b6de31b62ab98f011febdf46438dce0077c246436805b8e27,1
ef8505e48e73400c7a6168874ad93a01af6c7c2ec360bc0f35230d253e5abef6,1
1a321a3bd57a825c21de6c7034834bbf90d689ed9d63c58a540f9d6ebf753413,1
03158bd2bcef70615a815d51834d787723201406b0a376cb465e19bbdab219e3,1
e1b1d2818bf4e128f3e521fd306c2312a5c04a412b34e69dfa02cae5bdb8d3f8,1
54056fc82423e5506bcc1cd80075df7d336ebd727d6b0e28b7c6f5c3668fead6,1
88487d13824ad0c3c00bf5912ec6dc70cf132da36a87bc61cab7e13b2866c925,1
46f51e66620622e2bece414a8c401a53071fcbe269f0f7d1068972a3980e503a,1
788a0a4b3bd02a50118113adb090ba09158d9a11d64de2c6812049c9ce5649db,1
1191cdfc74612b0c2bb9a2fdb0f01a82874d8255a4f2ce920f531897367a9820,1
09b7aae744555b025e8734088a82527eca209868c450e94f2d5b7fccef2ef43c,1
1e4663261eb88ca72b79a4f529992d55205f1ea3b34454436c489fed7fcfb48e,1
4deecb58c3dd6db16414b93abf8da656373f1ae230427cf06355db06b6848f1e,1
35ccd5c382e5c688ed8e455dd6aba3752ea577aa320581dbafd842c352812766,1
219568f1f9ef608cb0d2394f60693e5c35ad4a924c95f51b8835d5d74f59c1cd,1
a10f587cdfdef19424f98467ec310924e0345b98584cb50753b943756a30e069,1
77652a85848810883769e7a0ef1a899b1aa7014281af4267eafadb46681ca8d8,1
79ff7936e0d9e0b2dffe808b2b305b9477844a3938f973197e27ce375303c1fc,1
0df7f6a5d4232b18847b87df1bd44e76619917b66a7c3e83b8224704e1652d86,1
3ad1710faf91ded9a3a66b5ee6d95e238b62927ffff1e1e539293fdf9bdd72a4,1
0e32552c6b74efda29a47d77b0e02aea8bc70c7d2ef7094ae972efeb84a3b5c1,1
c4fde3b70a7669aa5fe95d29306bbecc403f7b6cd319863b186b40a1d68b6b09,1
6fff20c8aed470bb22a39938c6e9fd1b5d95ce351c56417f414603810334c665,1
2294ffe91892dac5a07540b85aaf957284955ca16077747b2c5c82073e2e94a0,1
445d48ec8b6366672d3dd8ede4957c9a03a4ba79617c2c48be14859cbeb87188,1
716032a9951c82e68aaa4adfeff28c5b47a6853180b2f2a235d6b611ef620f64,1
4937b2a6925ec47e47ddaf2b99a6af0af9854e804e80ac1aeb8a6705598d6abd,1
734f9b5b8da948392c08e1ad7241162eef867ae59109976919265b9960663051,1
ec757b3a9a025aa9296ee0c5ca141efa793f7e070fcd8a653ef5add1c940c12e,1
243772d3bfd8b022c6b72772956ca7c010c9e4d97640c96a0b71f62a34f5d966,1
285bda3ece88491af81d8c9717354b26d3572c454a13aa7925b82725d3ed45c8,1
13802f02222277de2f6694942e797bf08cafb79af7de86115fdfedafe805d467,1
8cc5abada8e89bd940464dee7f84abc1b62189be867b26ff63e9d504c0493aa2,1
65ece55b8ba48f8fa840ca6c14f07204437f8c717dc461348d78c73c4c25fe32,1
896e81e543fbaa0edb441f53bf522d725fb897fb78c9f2feef6c72b5a99761d0,1
39e9521eb3111193fd6f72bcc6782df958a49856715164948509923728f6aa52,1
2cc724737dae5bfdf732b5dbc0282ba952ecb86773b041d1752d3c487a540c95,1
00b00168393b7be8c457d560cd8b1677003a577d5d0d8a2faec6fbd69fdfc514,1
8c81ff615edf3f3c6f9fa19f178d609ec99da9f13b7f6f48cf2607fba5adeff8,1
47e3c110ddcd06a95d98c89aa73d75c6ec500ebf5ac1c768de0d59ddb70e66a5,1
885a45f5e4455c9a4eebc409c0f1544e518059eb4f8ec286108bf22527ba9cdc,1
87eab678944ea414cba05a2d909c009f23500e14f1f2bd4f3eb1e528b3e02cfc,1
1a0d4312467213249ade1410d266955a5f9ee506292f906d1a38bb50158bc864,1
bac469d1e975d1d96dc2d1b6ea64734ae4222595f6a5f66d1086e6947112022c,1
eb2947cee73e8c88fc3aea785772816aa1745862ab9c1acc3a8def71e1c1abb0,1
ff38aeca6fc708da71f14d3901ecd46636dbd370836ea4e788bf020f666733ac,1
1bc30ae3a075c130754ef1fb47dc4bf7b9504e08c3d7b69ce8deedc5d83a9f57,1
17cbe2edef99fb72de2eec00a460ec657a79f6ee89cbc22d305c017dededaf2e,1
7575403c37061484667f4a0ac4ec7118b3ae512b9d964f2113d169c47a51fd60,1
b6c794e961f48b1ac68196c148559f309ed04cd6b42fcb51c117856882f1ee8b,1
4898bc66af3dd70caf2d8c5508795131d991250a5e3df6e9c4dfb81498057a87,1
918ff4facd1b01a2318767866345da5bebe4364233b12c5b68fa1ac041091132,1
48f87b8ff2a80cb9734b8a2954976f2b737c195b4e8c1ab4f8db9284e8e58fd8,1
8592edee8ed81f1bb2c2dbc4829581fdabec892caf235eca9f5b9008b5576275,1
2c893719ba5ed214feaf9702c8ac37febc653c8aeea84227262c0890c2798ea9,1
4624e7b98ab9014a29a2d06e91cc810f6f6b474ef899ac4b1bf8833ed41586d4,1
9bb6fea9923abf38b81fc1cae73cdc7217892a51db859190f6de518fadf5a326,1
894723bda57a309125386335b31752b5c0487da37965b7dc8321362e8ca50a1f,1
166b7a218687224de7957d2e4c6af4bfcfcad0601021a5aa076bff40a1c66593,1
8959b0a80a57faa63a09b0796128f3b3bc4223e8ba9d2ea32f9a29d044f116cf,1
68ebeb780370dc32e69e6615af879c34345dd9294b4a48e6c15c09503ca86f45,1
d7e1b88495b9b8eeacb123d0f0b68042391455a57253feb0d58f5e7d04f86789,1
8fb43cc27654bba73c4ff2342202e5010351bc349dfed5cf50f815ca405e8ba2,1
0253f3bf6649c7b236b062368bef05c3aebed5bc66684de7de2ea9de791e7e9c,1
34d3509d35231dd1618aba710743129c4b7d7e8941b8687c8385285d2fded8c7,1
c86d5fef6862566dc90be124d917cec889b3c372fbba3a50d53e52271c0c881a,1
2aa7254031243cdd59fd28860b7f4a309d6fc31f2e2631904ef5d2a423e35e13,1
3ab743eafb7ea4f56d972f80a62cb3edc3b78f059c768e08cf62f24d7b944e5e,1
09513f8a531547f22fa261fc6cc0cc4a7df8d773262b12acd9cca1140365c74e,1
08cf49cbab58f77881a0a851129c8dc2bd6ee02e613185b4ab8a63fa333bf201,1
dda4c6cf54bfb59f130d052cecfce76fa9d099abf7818a6fafd039df7980915e,1
74836b3a659ab1ed4387f8a49772f3b306e226ee20b3eead586cd75139706116,1
833d3d1ae70dbe34af46cd891d5e5b7d2c5322f7e0d7c45b588346e9ceee0f3b,1
87fcf25a8715a30b68848376a510d11949b60cf2508b7d2513b9fad3d091b6ea,1
d3a9966dab30c4d1e53643f3865c94e3cbac01c2a0339c9872629e8c510413a5,1
b8917e0732b864e4000c13c887c45aa188444105e4522ddcea620dbffb35adbe,1
11688685acb248da71a87e3ae802d8c13649ea79d5a2077069a72d00aae5cfab,1
2704b39cca6e08220beb67c4c52ecbb82aef4f0188db1d11886014ae6fe4eddd,1
d2cc70be8e78c4a8177ad722c83e130cb21050583893c7e70627b0ace795e966,1
78b5a7796356e04e26b1e36b8a8b37799a27bb088b5e6ae56a00619f4ddb6624,1
a3fd62f7e28224c669a28bb6258544f9fb3c0749352d0a7568db478c0a21326d,1
99f5ea8017b33c98da790e6e226c952c5dc16f2717e469c6bd04d6586284ef57,1
a9f823297eb7e5391bf33391a05864a3365c76bad8224028806af3c2ff91bccb,1
da81d95f5a89ca5cf99014f5bc5e3ab7ccc909368ff7cea9c7d914cf0aa19961,1
2e57d299a414771308a819ee83cad01569b2e1a0ffae1c98fbb1f6b7a7c36d5f,1
cd8b495c4bcd271bca20c5776f80867928f31f00e6695db968f8ed0c04b6fbb8,1
f25dddd02e6a921b75a5332a29458836d1a17f75fc24850395c973c4ae006698,1
107975bf459f6648c8671ea4626548e4ab5db0488d9d16581c7667f4e397af16,1
a87f70e99c56e5d66e3f950c656445017fba1cab5b5b0cf09c1a546d1ba51985,1
90b041b34eab292a69b79dbb434229d9c8f11c8a9a2f37f841fa161476d2812b,1
4ff0f06b53dcdb7924d977012fc2727aab9acc0d51931632b6b9ba7f84f4b849,1
7a7d81d8249ab559d30d888a7090273cfd667f26fea8477ec7e2ace334a9a210,1
1f4afea506037af443f8d02ae1f0bb59ca4da395f40f3acd5a9166bfbe9cdca2,1
543837739287796917be7f22c9db10643722943d239266d7c5d16d58444535f2,1
c9c9872583d0b70e6d683055b5146fd3175f9559a193a9ad158c5ea4b646b94e,1
670ec6274d45bf83ba5a07b929b579f248b6dfe36ef61fb2a17cdf5442d79af3,1
0a6edbcd1a92eac9a93af9af7db9b584028cd8d9a68028b3f771a78852eda520,1
893670aef74b8d75730d85461f16f5f79c4479124ead79460886ba377a0d4bd8,1
d561df7c9092f7d94345fe5d24a08ef590976c291a41d708997bb50f0b0bf2ac,1
e133e695a196c7b80ef4114ccc83f13ffd00001f5c9429766ba507fc13d78940,1
64cc9154a88a898e3e397d1089cec123f27cdf363d7140437084d6a9a4d4b88f,1
4f8bac0f8dca880a7c02331f172bd93e7cafd71889c4b4ac3cf593e79edcea7b,1
a1aef37de4cb73ccb1c93fa2c7432800cfe7e265632a7ed7aadd8db611fadcae,1
f6ecba356c7dbb958da2c7e262ed2feda543cc11a75456e1193ddc00560a540d,1
99eeef7fc6d090c01554f4834128223dd34ff63709d4433cf3b371b5e9125087,1
dcf98876f7d3cfbc0241a40ce09e9dbb7e27941a3fc95c536f9f3e03d221ee8f,1
1535f54a1b46239b191a6b495f06e82e3ea92160f4126d95a0e5c143d5a8a923,1
361dc5e6b0f572acf7cb7b9d42f15691f199313adf1e1e6e6b3733ce8da10e11,1
30c5e8660221194106552514507e307f51e2d43b5a83e2cc48a867a4e4e8245a,1
2962a2c981f6530056bdfbbddd051cba1454a082e8aa9024f6eb211f848db129,1
19c13dc6068201bccdf1752874da1d032e265b0459e1b3e0e80273b8572a6741,1
7185189393ee306cdf80b63b0a348e0cd4578d9d5790fc3877bd9543c68992ce,1
57fea30b0457d60baeb3c367015aeb4eca140ad3b92447a732942a075f32c8dd,1
16efa4a14b82146451976e0d84aa25555211ad5964ba477862c6d901b4d9657b,1
63928a427c5a80940ef041e6031aa3f6d3cdef6e91deb3f7b3c0fd5a00c3d4fd,1
a26772416bafc1b9767a2d25b9002f4d50171b751f03edb3e565c28b3db9a95c,1
f6d9f1c38f3202d30d473b53b3bca4e7eadbee1321ad07b9365f5649d6e6e677,1
326140c41eeabc40ae2d6a2a456882b9a1d772b7945b5afbdd567053fc29feff,1
d6249f84bd941d62c4a0b8e14ae7050ab3fdcb69b4c3ea1544c7ba3419e11572,1
1f82328075745166558bc34404f1941d6c4ed03e9dde221ece4b8852b7119958,1
352c9c2d0627665c8b441cacbaeedabfa6099c7a95a1fe3b147a0f03e910407f,1
3cb1dfb2361714d77877488bb23643985207c9bd69d1f3cdec44ad04c402cd75,1
c94edeb96cb4423b02ec2c651aa5b70defe308e017bfe27158be831739b64aaf,1
5e3dcb9029b11eb8dcafac2c34594d99721c19d29cbce808fe98ca40190c8f9f,1
d9d7359107329e570a6279e941a41e5361f907c45ccc38f1180e6e9f8d1dfd1b,1
6580c8556e21aa4c9cf43ae2168ced5e66bc52fcb0d69bf3cfce39845ab874e6,1
7d5841d9553a68ec419028d90bc8f7fc885ac0667aaa3a40c00e3a4c9ea98b5a,1
0e4eb3b368e2cd665605b0b4330aacce8fb378e7d4ef1fc1bce76780d71cc7b0,1
3c5dbad6a533fbdbcad25b46a7d9afb6cc6faf691a762e344ae146ec64ef8759,1
e79bc126ebea9c76988c97c19d55b120d5a05aa2728df7e289926daba992e8ee,1
494fc4d3f39b8a222320be27230e9f32d83fa14197b0fbaa38a5523713b28e61,1
9ed69c693abdf4a6d16b6c86caf06fe1690104a802245656811a4921a3b7be53,1
efd264ddf9f33b4e0703e917a268d599a9123c209ca260b79b359289bcbf0ce2,1
ec5fdd131d3f1c98952c8a844cb5dda9a931a3904d8889d583ed077149ac730f,1
683452b9cbd9b5173f610629e0e28210de232a9265d8dd2fcd28244b8e752d00,1
1a8572836442ade3d549204e582bb35c48d9af224c43a3a9d41900730f221f8d,1
b525ada091f9801793d43e64209c8e75373bbb84baab3dded61cdefc702aa13c,1
31ddb7a8db2e60355900eaf4e4a0ad837c419b39d6262e633699ab430526f031,1
971e72d7199722a48f5e628f3f52a228a8ae2df2f86d9805d335898893748e9f,1
277009f7af9147de12a89d99d18dcb4fe7e8304da3818ac2a334719c195e2370,1
191abffc530c77346506d8d3f3ba889495e13114f1d06c58aea030b910db546d,1
6ebdaf91d210df92de063d00f919d9e56209d5a611667629943f4efa31fdd540,1
2179b55781434a029b0f30053e62944f3ff9c9494d956907c4e125a867bca480,1
a1a7f6e861cf5c7d0ab3376232aebffe7772ce15c3a1851845b8a07ddf79baea,1
da59b3f372a88496f1cc2d11931b9bfd91504a57b0e24eed1c5658ea5be7edfa,1
7fc5e28f54f8e2d7108f2b7c8d12b762af9068842b70cf13c7477bb96d4d4507,1
555aaf556f1e55d5a16ed817b8c0af118d32911331a4c9b2b6f1ed19f400a609,1
e8871d492de5c2ed0af0f9559e33ac56cdfba5e10a134c4ee8c26e12ec12c471,1
a6580d24ce26aea0b940dd625dd782a3094af102944c6afe48cd826e695d8c3a,1
e23073e161e8eb5ef677dc5f78db0346c65d1b7e1b24b92cc5835c7fcbd4ae02,1
4df677857393f6dd46bdf9a47f91ab17440060d396f0bb21ae84df88eb58004b,1
5bc944278a9c5490393231e4b5a12c3c7ad1b6b7234af8e8cd3289394c289213,1
5013abce81021557a864b2de8848cc675701ecc4e40f46dcb41e7da190cedbf6,1
a1f313509d2bc4d080cdcbcfb47f34c8d779207e23fe7a0452137e4016ec5286,1
2ee705745495674c5d2698501abc7f5c48e6f946f164b6a7c7fe9175666963e2,1
1b85596c943c34d1a467012ec1a500da1245e1d1cf7a8f5657767f0dbfe7dc3c,1
077803bbbdd4ce5341167dc27475ab9b222ab8f31a1e1c5b07a2e9ac6c21fe0f,1
fcafd911b1019691ff3f5003542330c91d6a8f4eaa532358761ba9d1d3ebdb47,1
8988ff70dc1769296dd91177d92189260d96e3c214168922e82adacc272d36fd,1
b548f29537684944ce01aaab86cda8bb894b178bea881e64bd94f3fb6f100ec5,1
af066ab8e6203cd712efaa8ed28236e5a7bf7bc34958c55a1e8131da9bb96b00,1
b422ed0af4096c46e9f2979565537bc947b390b21de4598d4ab12b3563cac738,1
3ff705b465921843765f8b329752839dbf8e407e681dae8a115827e05d92130a,1
af5f65b8f4c7203c15edbebd1e006fedf7c12759cecd2e8d2ecebfe6d74b819a,1
a35d06ec82ce680583513f02a7e364158b4023996bfc93c9770203b40d38c2e3,1
9f7d79d7b0c524e8ba7bf0171d6dd919764886d8e90380d206021db64905098a,1
46907ea40a5a871b131ee9fa07b1e83291c4d836ff5a5632ae2bd5927076afa5,1
0101768ea8fe5a34bda1452b33b0f536614981577fb807fe17ea6b643650ea2c,1
91e544a7c26efefcb5464fe014b9efb3c782574642ac6217e0c0710d25757f69,1
da562d2fab0c97fa6841f426e933d6bc0727b8e8e57e17306b6e525e9f8c815a,1
9e5027bfca34e223e0ac3a944cf598047256b494c831938382fb14f67d667517,1
e8e406a2bd199f50a2fc14e4dd72c71b7b6f3cacdaafe74b4a9acc29d8247fe0,1
5770463c601dbcf56c55611e999022e0346fd426749f4b1c1000d7cf56c3747b,1
0c54ade6711af84e8b865e685e3886d0562acf385fd5fbb240cbbcd5cd0215b5,1
adaa382c42a7fbc8a1e268c59454fdaa412e7835ce9e473cc8eb3466831c38d4,1
b8b444e52ec33d092f2e2f2e471f39ff2e150b04c8fbcfede87df24b4935c0e7,1
0d548ad4fe8691b186baf5148dcf4b5b50d7c38e769305ca73fbcf3f133e4b47,1
0d93f89b3d4cc793a2d4531629b6c082d36cea852554d703ca70696b2e806968,1
eb1ecf7ac3216eac277c764a3a7617ac2c6e30acaf09e93aa249cc6804953b91,1
0328f64975f859d12476a607947678fdf281f4b2e2ff3be450d50c1330d9065d,1
728f2dba25610dea0c7813d55d8859e4b74663657cc1228f25e346b7b5f2646f,1
a6d19659098ca78f6db1d689a2e8e10f96248665f0340f6f628627de004c0a8d,1
bccee4562ece7a96ce56b81a5d62c06fe0d5c1b4cf7a2d84ac08e08962913eed,1
74f4f2849684928ad1ce110b58837df8147b25c5e896169384f7b8bd82f47ae5,1
3c073b925fb4806bcd94d34f8603b41f20da407e70f80c73e9cd5dd8f9b455b3,1
659a8562392870d5922ba787ee8db1421880515f7f78c028f3a3ad76029c5f88,1
f9256d8ad916ddaeb6b323ecee4061dc35a01067c4440ee5c53915616fd82937,1
19d6527969ce5e93a3fae268f01a04319dfce0ad577fbb416b5bfd7e5246647d,1
827dac48460468235708a27f384213d656f5ff682873ed538d36aa68dabfafec,1
02a4063d6c4d6ed3295b2f4fb0246c7ca696477ab333bc0a29e7f5187c028f7c,1
e09e8b842d780367f0c44367feb825a3b3dd3cd0542b2bbcdb60851cbb84cbac,1
fdf1768fa2fc20fb1b8626a065557081bd0bf6ccaeee7a189af90a7c99a6cf2f,1
93e7c59dd7ac020c08d85a4629e3721c08fdaa040ddd1508025e697b75006666,1
b8fed6fc8ed09c99554a2527afa3c46e276584fc1a29bad36f14aac49fe37b13,1
97d5e486ebfa15e7b28d08eb28ba5afa0bfcd7589a6901dfb1a7c09cd4c4bb5b,1
17f341e9f8abfe032f6fbbc782793e7ba936abeea7c9a71cd8161108613f2dbb,1
24b4ad93732cc34abc086f5526e75f6ad4162b7d8d32e34a747e866969467a8c,1
f8010534a7169227895b0c348f637cc6ed28559513aa5c4f0e688c16c98309d7,1
8f0cd1cd1d6fea83d639925b912399ee4670e5d6367df2e95110ffec2f6c53e3,1
5593f3ba7c96c35b4ec76d70c368ddad13dee87b3897ae11a5d141940803730a,1
22fd16113f2bb95779e86e9343a34c024147dbfbff65ed7025e3eed2e21d9738,1
0a77564822274f24dd570a4a24ec6ec1ca9f2e00e633984040f69489e8c1e86a,1
2ee5540769c824f6830848137b8db00351da4f451735e313d8e6ff643bfb5ac0,1
53beaf9ae2e14255a4d738f12b10b669d9a2da8871dc7c2124de5d7eeb1eae79,1
bd3c2dedfb260138c10cc9a3875e2aaf68032c715ddd99d47ae8d98ec15bbc7a,1
7af5c58a462bbda3fe556e0dde82ce813963e9756e8b687283fe2d48cefc3561,1
6a7401214157eb80c39b53210d4a07faa4b6b25aeda52ab56aff5a4d5f39ff6c,1
b8cd3ade38f032e9098f3cb85e4d74b34d3bdc95e34baa233111db379f1ae01a,1
ea76556c7a8ac2b537ed7f26886cac995cf7f339161ecc588f10b740b26d33f4,1
293c8ff9789825733ccb1329cf5b848acdacc507259566d38e31a542959bc156,1
5f342cdde82ba4fa40b53cb5f11c955af37d5c51e2b3a1c5c86fcdf43b167c06,1
ae3f68bc8cf638eb9be38862b7bfa773545fc91b060e8f4f8de5ad4a37a4be97,1
ce3ee715810cb33b55a143dc87df8643687fd7ea18dc364f1e20188ff405f55e,1
dab60337887b25a351d44ac46c06f774a7f59585a0021bcf4078f8b99b589a17,1
5651d7e653a635ca948def817d06de5f35001263c733dc76ee72ead866ffe572,1
5900b67bbc48ba46b33b60056412107d7968f8aeadcf7710738f95006cd5b6a9,1
a36e92936497d12ae4f686c6708e4217fa714b9033e0ec992edaacaeeccb1329,1
9760fb1e8477b62fa4d1c75045e6553e9466a33ba399d6688d2d4caa9faaa867,1
809fca80e77a78d97c9330e0a31ecb4fe73bed5c38106f5a16f520354fbd96cf,1
e304d742bd83aa22288ef9fdb53332fba80bf6c501da1bd93123a322b40bfbbd,1
fcc390b472aa5579453ff85b7d2510c081f0ce1e8e60dc02577933b9ddfa4b45,1
e3604819bfb592e9a45aeeb1b996cc5a0854e37543303363c78017f55161161b,1
b0ea63c16422d693787c94f572e94081be2c0de8d953b77ddc073758f3ffb67e,1
3473c7273cae7aa80afa7b4d25dfdef29518131a1ea37116fef792a45a5ba412,1
d3d97a193424d5493555732a897b60cd0becdf828513fe9e2ab9f18f96d2c9a8,1
951867c900b78efbb5243f7681fb242d7ae586236d6ce1701c78e555f47e2be6,1
2665482d0eb75e66851ee6de0bab77d450bad8eaaad11f45724001708263c42f,1
523e6f3dd298e4c93b45d61a514e8f0558bb1083df4473b5a7cd60c181e5d089,1
8420b36ecace339fad0d5a2888fac0b37fbc264ae56e5f07ae8a135416d5a276,1
214e13cab70550754661922672a583d63408d985dc787c1484018e3ee6752102,1
ee00430e47551ecb386ad82746bcf75d794bb5ef291d40567b4b084e96a68646,1
d0434e201925c356f4d62bbda2cc90030f5583b42534ad2bc4aad946ea5652c9,1
61a29055d8da773265dfe4e9831b47cf11b1dd962de515dbdf134615828c33f3,1
a0b49be2e49e1ffa2048723b99f813857cdf20d1f11bf96686d479fa4460a0e3,1
2852bc57fc9d697ac7a1f19fe2ff2c910ac3a1e80cb05bcb11f5b67b746237fa,1
fbcaf8ad4643dab77f072702df587c5c04c4e60c8b1835553b2fb8493978ffff,1
841414a5d1f0d884ea84e9e74425865816ce97279162903302c470dd72714865,1
e3b442f96056504be47c834d98c94b4a4daa8639e19d0cceaff845ecd268b715,1
e8e913428049f5bc35635e54cd5cdd6849f587dca79568f63c33c63ed5197a3e,1
dfa09051044b8d7f5a92d470bbbf030cb2c70c4844a8e2cca0fb52aee300a96e,1
c925a67670b7d60602beac33b99e9fe2f18e2f9f1e7c6db4815bbc6235d48f07,1
0962b9109ea41709c5f45759b89dbd34a1561f60f652472229124e06bdf9d668,1
3173760ddda4d5f78577bfc8d0497b11b619766fcb2db67ce607ef11b16f4014,1
0b5c82e6adf7d006d2508dc4b6fdcb9fc7408e544ee7bf1ab3b6d0d4937c3e1e,1
3348144070a2cbb60498ba5d4e12c8dd26bd286a725b1fd546b30c6a31b7788d,1
69d5f799535f12a10ca4e696b02c6acbf8653a23dbb220ec8ff41157bb7fcc6f,1
c9eb0914c60cdf9a9fd3d6788a5a49eb2f9d693d8863a89cfd9cef9546373bb8,1
2a66850e355f63a81b40d0bbe751bfb5de494f7aa616b562b9386b87ff5ec62c,1
c0e57632d712f410a6c5a031db0d90a744be40e11ade6e8f5e7cbde7a7c94f46,1
30c8085f4d06945311dd5db125ca175ece995200457bf4c26cfa8a5a99598559,1
ff15703259513aa9d1507bfdf71b1d26d66d94669b2cf6112bee0cd0e9f726a1,1
d7c3547b53f7c214578794f08c23fbec7617d3fa4ed17ec17a3d8d382bc413fc,1
1b62e41006ae67b4794c06e80ee205f7a5a3dc753dade3f9a00696a5d67e38ef,1
c0d9d2b8b4dda4301538f587268a2f98330ee077e5c6fd3c8640478532e1e936,1
0d8b160923ecda14762e138c1e51346c904a0757cb95a598f103633cf7e4392f,1
940a8f7449f7a90dca25ab39c90a4f570234521853d4685dbc59a3bb68eaffba,1
ebdcf2ab11140441cfded07cdd61f86d2ade0e61a78ee562254a1daa195e7f09,1
f3ba0419af88e10b469fb8200ef0dd9296b3882ef61ef6021a3a614cd8784741,1
81dd567af08dd1ef22c07ae640db3662e9a0e8a39f531822d8aa86b2f8474f48,1
7139f3ed9efc6ae8adb2fbe0fb5e79303c10b101630e9ea66b5bd0e2035e2363,1
60cfaa29afe571cd3e837eca58ed0fd6dd55b5a3edc95be108957f4253f4ee15,1
1c0796d8560d0ea4721b84b386f59a673c6ec0a1ddf5e9f39999cdd887787b2c,1
6f6034821811dda5586300b7c71205078169dc2c74ea8415aa293cc9b311dcdf,1
1710b7d296237c6c8291b0a3fca74f83080334f9e3af00a384d33818d4cd780f,1
1a80e63af80bb8f44fe156b1b17d12245e081d6e45ad4916d28445ffa50e67d1,1
b452d4b79f02a42fcac65b70745020afca6b4ba7a364f87b2e609d8d4cc4f1a0,1
364fa7cb454a132053ad7be7e9e8c4a5acb1a0f2128f52ad1dfd08d941839c6e,1
c7add086a0bf2a3bb7d2de77aa01e84dd38e02bb9be65cd682f2679a94df7e6d,1
58b5834bd22f5bd14a3f76aca1ef8751fd816bbaed0a92194f18b22c1b3aeae4,1
6f70d429b56e18fa25396317bfa8c970a0092dd9d1efa3f8fac52772a01786df,1
dd8757d5c7568028b0e655e9bbd02a7d247f91ced3614df1188ee2fa12c7ae19,1
f34fe40149b0e3c67113f3fcbfc1a01e9fe446f630b6cafa1a94715bfd932fbb,1
d50195c00ee04c58b9ecc6566d2323694fdbcd4e2fbb4fc75fbc7814b6958c2b,1
0fded94fbe8eabb1c361681d6d92b1081bc7bdb680a3d4e4c65817e78bcc7ed2,1
cf45c67dc3943cdff8bcc1d9f2d33399def8a078159abd2e87e9f74345c9e986,1
c9819ce707cb48d21fe02a1b7edc111404ccd20cb4cef7b37bf5f0355c25d074,1
bdfcc891a6f0d6a7021ce6413e4c75c4c88f6b0c4f7659a9f6039f6378b4699d,1
a57156232fd2bc4cdf88757bd050446384ca1b03d6339eee9d4a3c35142958c2,1
0758f14bc3b60b6baf088c492e8c232dc31402ebc280ce137e2824731a7bcc5c,1
da8dbc077f3bad850f646b78c4de44b8882364af6c2c48aca87ea4a4e99c7335,1
2efdd5676a32c8fbcfe8e18a6ab0638df1506a8128bd52eaa168fb268d87ea94,1
91376bae9ae039869aed43b9b649f7ae264f282e544360d20329057882f67df7,1
815cf7a784501a4ac30e45abf501b00b2b45ef40c567729d8045aec182be3a03,1
7116e63220d0eb620e80c732ca9237660ed0f790d4ffe62f19f5c28be184b853,1
a4e9913f80550064118fe3083c2b9be3a5677c655fd1d8180f1c33b9865947e6,1
5b86040109bac6c13a50c29be9f1c3c6e0cc6f160dd209328ad58b01172555ce,1
1da9ed8b61c242105f30df9dc47346ebb5cb8b70938b4b60a13ebf07b90e4b08,1
251eb5b433b486af4a24ad35187e70d6bca56474aa19bdd2e46dcda4f2642ef4,1
a757e6ef9003f035b8122fae392cba1b4b23c3eb15e19e2251d48ca0a9b46df4,1
edd5e68c8fe7e84ea441d3322a79659e1578a6bbb3285afbec54eabb491205c4,1
109cf13f4cc40317df8907cb4d20580b8949a55696fdf32ba3605ebe9a8c7e37,1
d17545caae7c2b0b1eba0d243b4f5c2c450d97115ba24425550dbf64acb65efe,1
7a53d9f89105c900bf702e5989d929623cf515378626b78a431ca9a59eb27fe0,1
fda8d754f4ae2c88062bdab12e7de0ef0382bce961a1059d6205e5a3ce63625c,1
e95be88163954874359e16d20e9cda4d47bf21458b502d9bce9171ef2f239558,1
1bc2d0ea4d241983cf1d6c51ce42e784c931457d44a1e947576d5dae91ebf410,1
197f340523db740ac0fb70c45339d4e631f48b755824b0d310bfde444ceb6e21,1
8bb796083ffd41326441776f5bfd44bc803c96cde33cc9f47867ad1bb4a8908a,1
9048722872bc9b85e951fd4c6182a0d903fc0acef28acc7e5e72c909f7b25285,1
957703df1112195615e62b22ee336b8c8bb41507a36145722cf621d2465d2add,1
18f91029114a8dd21be431bc6107809aa2dc9c37db9a0dcc04b79b8d280a018f,1
d3bfa9dc6d15b34f3cab529a881a7d612bb68a5fd76ba28fadf5f97dd7f06d22,1
2d1446fdffd1ae0c3b6c409ea7d0243e6c63ca37c43c8d31d673d4fc7c510d0a,1
18d40786b2e80eb73d1f7a71f86949941b3f4951fac8941c784d9d6cd6aa4ee0,1
7597e41a9127a81ce56539dcdd3c596dc1f696b7c8139702d3368b7aa8e9f5fe,1
7e3cabfda15f5114591ba4820cc6b65db43c3d8fb8207f9e02ee2510be20d278,1
76bb70cdc1a557c493dbc9c5883990dbc6722195cbfd0e89c5dafffdc78b43af,1
6733dfdc81b97adec1bb7a6df0ffd717b8e12d591847db0c539d53a63d9db07f,1
bc5d2c8c7d6af93463b7732d22214b04badd3c53330eef6150f2f5aaa5d98d2a,1
b9681ac4cacc1b42a2e9fa8ae10af09b5ef1a633659addcc0898074ae63af7b4,1
599471228d533e6aad8e27b71305bfddfb9908fa2afd7fa1e30068608c9e5993,1
20c7195fc3e2d32c00ceb636678f637cc8053a5b3ca4010baa71aabeceef2df3,1
6a41e4f5af5791e0030701a04323fd7c54f8b6d06847d21e2dc8efb778c2cc14,1
4517a83b01f570b47dcc0e643c3880b2e954ffea665ae34dc34783b0d1e6d153,1
f346b58dc1abe13913b7b90daf1fc0374f9667bfd5c745f0a7e082a53c00a1a2,1
a4263bab60981d312a8721b2c1af26b336c856f4b50817f8aa2191016b4d6dce,1
ab8a912899622dc766d9f3868c4915864199fcd04db90410856eaa72a17b61a1,1
9bb13cce18dd363d32a9227177ef70ddaa59e0436fd2aa2728b97cd13008c3b3,1
a078cbd154eb93dfd92f6683b592a5a67ded411a275c30983e3ee0c84c2a837b,1
06a8bc775030f256beb835320d9eed75fbbfe9caae52f93e728bc65ddb4a528f,1
022fd33fed8d32e7058b313a859d765bc6837daf6264ec05228e34ac05e56aba,1
c357a028c2bd5b63a161283fd4890487e236fee817643d0ed8dca29a9255ab28,1
835d154f60c96e0ba6ad4869bb4edf9006e149e4cfb490a9cf6264fac9798664,1
486132c09691f534b1d50c592827e7bedc56e3b1550780d85142ed5a13f3a2f3,1
a3cf220f026467845fab1b349fa2fed0a6ee8d3a220887b8389224576e5a3e33,1
c02d6406056ce40781bab9c9ba8c6eb4b0c70bd27b88d8481edc1caddd25fbad,1
e0e9a7de9b30129cca04e7c52648f4676bc8e10fca3d1da773694011aa85533a,1
5a30bc591252a37106f00cad093fe4c71d2f8acc7e04793541850482b2d2d9ff,1
bf6d0284c1256e1a164a8de8a6049e28d29d40aff5f8fb1bb1dc74e5af3b6766,1
5383c20eb1f816f5db71690751d999ab8e3612366174c89a33ee8d0010cd7e72,1
3521636ee207ee076288b14c96064db35d572090917b71c643f013c1fd44e2a5,1
279f8b24eb4bcfc25217637d84e6e2cb4cc9df9827240a1af9fecd426ef4d710,1
f2bf2c4d092111590d80116015b3456a27bbc74bbf0b1936abd28ed3f0c3f962,1
29f2f59190c1044e0364760e615d7ca7179b834cfc6790bdbe49f4912f6bc8f7,1
ccf5ff8f0b9de6397998414a0877e1fee88f641773de9ac17523381089c765a7,1
793c6304792eca6b670ac7b2aa6fa045d4b891dab05058bcb842081399a959b0,1
adad7536a116857ce939a7d657e73a35dd78f0871552b461687129d4f5a927fe,1
579ae8e8d92de28043ed160b1f6f1fc49a1fc69135e689603cc8eb3556c743d6,1
922e2048706951f31814e8f9a99ff659587e9c391704067c551ebeaa4b4c4e7e,1
c707ed84bb6a1d1e469fbd0dba8f6907b2b685ff6ad7814f3e3201c4e0635774,1
dfdc8cfb976212f68883c9d98f13dfbcf1c0142aa09a38595a692041e5442cc2,1
b8a26be1ef0c6249a0f300b1ec6e6bfa1ef2632994b6719b0722d039d8827cfb,1
f36797a822934c879cf3d7141a320d582a17848751405671a22f7e6cb9b398bf,1
7135f8bdeb6d31cf8122536e864ac744032d21859cf136c1d7d63e0b9f70d5d1,1
5a96faa9aa52f2ad66746ff1bb6c90d973ee6b2bdfdd88ee6d37b0e661b69657,1
55c8857e98bb944d72b3f7b4c3efdc9ce4574b271370b7c46aff59b62230d53d,1
738ae38baf742f60850fcb985ba889e4cc372c57ccc765d9939d26f3baec3832,1
9e5441003ac7aa444b62ab51fefa73dea3db560b284036cccce64574f0f36554,1
e93059b74ceeadc63d166ab8845c88d4c888840f7ab8da724098ca9d2cf935c0,1
bcd30f0da6b9360b6c0943ae3ef2ff72de6243c229a621205f1d871829df27a0,1
13762fa87db569fa1b3da9297dc12aaa33e079fd0eb0b22bf596ecc8e172523d,1
a038dad248ecb18379249a5f3a95e57f17c5fd18743de2e81ba6e108eca8dc36,1
482b88df224e75385ad33f59a7ced1265e69c59b0fcb8c3c8a3ec1681ebc2dc4,1
7c02ffc91739cbe8e1b8dd8c2ef35e8af350116d04994e84c687cad0c021bfe8,1
05caa79f868a4486547e7261f9fc09a93892bd219a9562d2d2184b8d935e146f,1
c6a9e650142ef1e0786d59344efda70dd9dbc7b03d8c20f84dc5f6ba80db59b6,1
3fadd0dff139747f7a3f417b5c48116b8fc2a35ca8572d0863ed937f8137da26,1
b5a885cc57062478d00ddce9b6d7813928fd6fcbc8296e44775e866fb82d0ed7,1
f57fe70ff6a71dcc670331bf44b3c908322476ee1b1a0f3c54e532fdbe83d98b,1
1572d7e357864fd6d8b97ce6e6227e5ee4f14e8552356ae9b7c55f4bf8d107aa,1
5dd481a0276c297f69ccba9c9203b80aa57bb113435cda6643d30a98997a1300,1
f85bbe7ae7897c2a39d7bde9f6f20a87a9260b3177437fa4bbd01a5f97a912a4,1
71c00408bca0e213d519543f4b50aa1c0db5d475bf6e63970664f7b1dbfdb03b,1
68fe7ed448236a4cf4ce885980cdd7626f1575d130cab930b188a532b7d8e5e6,1
8ab0ea1e6582601aafb5358f4e74b5299061258bd04bebd3c56a23375edc91e3,1
48f928abb00f5bbfa522befd744941cf9b0131053ae44f7b0aebda76de0899bf,1
aae5135754e98e01b7e57e1f10857e717faaea49d6cf05605e7c99467a3a2dd8,1
767840da19dfeb989b6cb061a9a71783f0ada1ad0e22160687f189f09648f8dd,1
3f791dc909a41ad1112677901444c4603ce398cb1d4b55f82823ff7a2446141e,1
50df8a03a8a25a850180ff43aa0778fe95f8657dac6bb9203a1bb681457aceb7,1
9469883905d0cd784874270223d87c1a692040aa8fd075bab360658c711d2c3d,1
a8951e1b12820c9879ca1d9f7df17d1b5696270c9c772bf6d0deacd02cf0bd41,1
27b9890b30b0c937d5d91b17d2ab45b8a2e991e00b8cc4ae055d53f0c1118dde,1
cbfe1bd0fc3f7580246e34f823d738cc1fa7161cd6db1fe335586cedc664f94d,1
e93f5ab343c9a575cf59d2cbf1a24ac8f8704a452db68102ae150ce461137432,1
bc2f91a1bf1ba736b03684c373fc2782cc7372a4999f41b4845a24ba85a6a4a1,1
139a66e6302e061841173d1db438da669dc1c2266e28caf51c6d7ded4b6e05dc,1
026611a932e82fd8d88df82f429322e37be0d098bf7538d6ea73feb6a4f263e4,1
57169de5c575861f689b805b21922680f24d8c4d8046d6ca04ded695991091db,1
4a85a703839d5c3c8d8f694717a08370868d0c496efb63ceaf3135a38525c25a,1
1f451373ba3ebb5680e77802828db9818b1a3700714eab91836ee45209f00f91,1
bc309c89eb27c489d2f6a008099966b22cf6e88b12ad65309014c9176ddafc66,1
2b6d91601299ecc5794a736a8b511e185dd0500317051279fcbde66e38afc343,1
26c5fc26265a3ffbdfa3a4f781f664bbf494ad2a902302eb9f749516907de767,1
3646d414c8ca35930f79c954cb2657dddad4c878ede7ddb2328fc5519b7f3b74,1
190ec5aac38cb8a3d4eb94902396214004cbeaa6a65ec605fa0b60aee912e41c,1
312f29c8be6825c2449d9e30286405627b53a6dadab448be097c0c0322a784d6,1
0d49b1477996d0f2e20d7532e6438b4d0e8da41b3b029d0f18286a69c3fcee6c,1
e3147552dc0a41c1b8b39abab1f66487871f9384411a555d767803c637d458a6,1
c1f7a7be011f3b1dd93b597e2f7956571dd05e8c67480bc07660a9f98dbf9d4c,1
6f40633fc6bc91e102e95be85ba46597c7910e4b5f92d4d57bfa134e41efc595,1
0edc58a16994318f294881b9fc325f0848677fbe36e3b3ab4d403ef74ace0d27,1
dd4c3433db10fb57e6687f404e9f79b3ab516a9f1dbcaa6f37587e0f9ef236fd,1
2800700c978abd87581fffbb5f76939543e9d75002c80a379ee61df495b00f9d,1
7f67e8b8f061ed1629be04aa03380439702a7b71c68d4597b8bf64f70d46cb53,1
a029395bf210ed6e6299bb25e0d94f763f06d28980a970f8c1d18e09849df0c6,1
310f3274cd54154552e351903b9b32742c4e42a2fe83a07879bbc234d1526ba4,1
b076294219850461f95d32e473dc2656149ad04f94db55c11a5df4566debb032,1
ec46b985d7e36e971e3f6c386ee2d24d5c7088e986ac53fc1229dc3a73e68612,1
b31c69da7fb8f66b71bd77a5587477e17bad6e5b97ac8271cf85487343cdacdd,1
b7cca67de1b59a77392915a8b22aba7f06633835ddb9f8b498cd93ed8dbaaca7,1
592fca31fef3e2f2c197b540c247d536ab9769741633014b8f8e5f4d95742873,1
0bd2ec51d3e4a382affcf782038de84a18275f75c969daa93c038ae75cace85b,1
21a5c261ea7c302b4d21aa34b091de1978189358271bd07f67d84c4db8e9d102,1
91eadd76bf8425f32cd892ee7a7c43530dddab395b1110ab530be94e0c9e6d9c,1
ccb4d504d5cbecf3ce17bbe0a99fe82697630fb0752a655e249c82dc47a7f4ee,1
0e8ffcfe2ca418408079a030b8949983f58e3d7ed815606761b64efb445f1e17,1
0f7e4b8759163e6688aaa459e98a1c76e7219386ea55c1530254c3575cec0601,1
502eb4fb676d8b6c430b8ecb1904f54a2de88b8441e672b1623b6612651645df,1
ee56e5d028e842665396527afb623e1df7642fc9cb74cfa09795404502acab84,1
753ef5d1830f128d696c8fcd389440b5261a0c0a8305d7ee514b43a37fc1e6d0,1
62bd54d6117aab406404341e000d9bc5f941f80cd1324a48ac52992291137328,1
db1581b4c57ab01b392efd6e81e3f62f9bf24943db434316beb4f1a8a60eca63,1
0616aedcb4158985a59522ffc2a9e7b25fd65b243af72f9d3a05807ec5445068,1
b8893629c2bff53854df87a92a59ed0a2b4d5f60caa385b0b12fac890c7c0dda,1
4e6473a06b693c9a12381a1e31dc7b63f8f8fea847870e4e4b94d1e46e22e43d,1
d8c9e1448cfa0935eeac15294fa5be4332480a90c06c2f10b07facbb67ec6c07,1
a468ae4ae9b9f4fe7bc2ca10bcf737985204b547a9e93b50cc4ccff01111b218,1
6f4f3472dc93d6082bf8f0329710bc2955d8fcbedf163f4791c74198728058c8,1
73cf14bbbef88fb3cd9b3242944f185ceed3e47b0dd844686f140f1906002604,1
520f16d262416e4f3b320fbb5e3af9524e8cbd7054f62e907500f3c905d1dd97,1
829a58a4024b4683a18025c17920b08e67298cd40351edf2a2a673d7136e7b9b,1
c84cb36d85f48c1ed127d6f3301c9ae450c061a53d5f1786ec4ca3b1fcc092c8,1
e29c4c3ae31b0cf53eceaa6997f78d47ae95f5265b4de50c6c347c08f0a18e95,1
bddf17cb08ce20d41b8654f784cf5697387a388242565735e66e49783e208b88,1
8a69b7406269b9a190402b8cbe0c75a23578e164fea0ad37d520f076cc6ce950,1
f6f64ba26fd648e92182601a51f9002c58df10b96a7c23d938429a2754814e48,1
a8af731dc3d3c284114d2de71dd97d58f0c3f2b74d550b2a1c99b4592f419cdb,1
e4e6ff933f187a01206913e9837029e218e5a70fffcdb7011a977b7897268340,1
7c3d7b8752f3dfd515dcccb06cf21c5a6bff9a7bdd7b3a5a8ea9f871a0acd5f2,1
71f0962006eddbbc7bd233c57ef399dd10c6dc9444837d8b95817e7996f59072,1
47456de6255e7f548cb280fd3d01429aa8f6d4156256e5cb2f3030335341a21d,1
ec4f85d70ba1a69776732a401ba3fcc3d481ca883f3a197a593dd1b3805ee291,1
7bc448be77fa30c290a140368bba0679c177cddb2ed370f6f342b9de4ab4f397,1
8fef7b51fc48b8baf705b717ec1b57c99d8d8e52c5f474f41f2750acf5b6de00,1
2eee8f51fe41b5c5d47c922d91ef5eab922baa1da90908651cb4322443fd89e9,1
c23f67bd573f6ccfa0b060b81be21bec6a0a971e5f754e1f3d40327ef80fdaef,1
63745ec2b485a151f6c269319a51bddf79710a9ee264d2269111c5c1f3664358,1
cb1653750fb87bd6716be913b04f8006270b4b8ccadfd0ce6642bab0dab589b7,1
4a7adf120f28bc432e7bd2d5718180ded2525c8598dee0d25550ec4236b82bff,1
12e2b2c9cf436d59b299e982ce77341857debdbcc15c33ee2ee9391644f59ee8,1
fd16dd5fa3e1ffd3cac01337fafac6b92797a54483ca52ae3f4bf330c8e5d5f2,1
aa32142c62fb56dd8417d6bcd7d8d394b5746b7c28909df1e04b41c66a8a5a5f,1
91006a297cc0e3f24bfcb90c0426f58f8f7cfa9d1d41807d96dc97d93db9db47,1
79a8ab8472118820da0b5096f77f5a297923bce72242ed1e6ccd080756cc1eac,1
d6978165ad81cbb72bff26464425190434a05231151965199381da1ed298fda9,1
40e995014cba058f08f3e2f39b82657bfd56576c94dae472b8ee7c4efb3aa993,1
69d8a69d51455030afbc5bf300d760e155f4df17ac58ac47f9063b837a2f6c9b,1
f6a2418f6732568362117323930cb943c6d3c25da96e709337ee13544fd0de35,1
058f3be205f46da601e14c5dc7a9d5e33f221debdd2cb6dffb8348d3036e4c81,1
e0cca203ea036df9e77367cc8884263770a1e352d3ff946e33c2b89f762ab2fc,1
599cc1ddc0585f182fa7eacb43f3b8cbc876f1f45fc83282de4648c35bd686af,1
cf8ca9e8c0b794ef2a2449763556663f2056acff5b9bafb74e497ed69e073264,1
6fe754866f7568a810163f86c6f5a7c253befc200a7eec3f89e4a7b3c16d1179,1
fef4836014a7c166e4f1ad3d957dfb21c44e282d9e8d50ff4988a6d1793a23b2,1
c8e31e941cdc33f6e084e822098827b0af0e48328bf025e5cec46415e2f9b6f2,1
43c38e046cb6abe91917514a3ffb39ca3117eaa6f9ffa5eae0f3af1f65321f58,1
465ef7c63dce923727f15278aa61bc795267678e8432f4d42a0afe7ae2f148c1,1
c1e82ff230ff67721fc73c136e7fb40a0569a7d7a3fce10eb0ab9f4eb5dffbc9,1
48666207d425e58adfa39935a36749f81a90c35e2555dfd7138a8f660a4e75fb,1
183ee45abe414cce3390970794ef4ec435c68dc2e5874b8a8d7a8aac2a6950d2,1
11dd648924a0ff65d9c72dd05ee71f3446dc91bff26032328ac99aa707d457da,1
c314b3d87ea7cef476cde5c273ba50ae6033c3dde1c1e7884bfa34e153b5889e,1
048df5a755e765cac0ad8c66aba7896480abbf053752bfc8d1febe51bd41900e,1
10bd1cdc064ae313e44969114244d0f4a62fe51e3ebc4b83ef598467dea627d6,1
bac2e4d50ea026c441a81a984a5c44e00a20a66f14805cc8db8b4840fe4f01c4,1
978ca3e22473c4d3c3f566420b45bb5900eae33bbf8fd750f111d4cabea2c31f,1
76a7e724b6ed6066583c4f9730adde6008cacb20552943f34a4542a4f5289f4f,1
f5447f4388d4057dffd60049282ea6cfe82909d988252e4e49d6f6806cc0e2e7,1
7cc997b4a4c87262cfd031f41db977d1b0543f76b87eee17566213265fdae33f,1
508235cf041c9f2bac236145ffba7de762805edc6ae6b96a13207ceae4b62048,1
8d406b5a2195194579f6ae03bdb02c60952ad2e282988fde860ee5e4f2a26ab9,1
2ec598dd297d94ad3ee6b861f03ad0f392f3cc703c82516bc88cc75648e59d35,1
0363165675112df6091eeaeeb83ad12c663311147473b4b7406ef82cfadfd84b,1
9e312e687a1b778681acec64a2159551334fb199991346c7986023bcd004ea52,1
c46b22a9c024cf981650345f096a8b28f499c85a116c80176bbebefc86a87bc3,1
4b9af27d8f49a89278c67e37ff1f80d2afabf9d66416add407d6989e16560d16,1
fa9ea1b8510fd8b74b7feaa9f4a5fd5c4bd0f973d7c4df3c4a2c812588a7b40f,1
5f38f7c0f99c2ff176f5d9224a93b823dded325937db7e1fb97bdb5d7eac3f30,1
f64648777db0022536015fe47d60c03c7e1920c09e8bca81e2cd5e32cdf3837c,1
16ab15dfe37678938fdca74639231e12ee00747681fcc5ebd980f417cbc3d9c6,1
9b1d021351ee191f385fb3f58b4822a5362152dd2fcd923d9b0395dec8cfca57,1
760f4c8e9978bbcb45acc6339019a6e502db29cbbcbfadea0a12ba6c0c4b3d1b,1
8c83db63b72062a524a4b7edfef18058f41c6b2eac0922b2251ecfe30fc6afd5,1
02e52744e9815289ef36012965c36513c3fba1b02ac1546c3191c56d56cc16cd,1
6e8c00fec573fc64e0748ee396b8509c38421c497c62cb53932439940ee56594,1
7693820aec09b4674a83f7d499325ba0b048a461481fae956c14b23c74ea01c6,1
a191e60ae505373833d997b40c363526744fef1492821ea2f99c78b146cfb60c,1
44e25d8dad712ddbc96717626d6c488ef9a625b3b6423aadba1dbde19ca5a139,1
8a4cc8bd493d54520266314f6f88f3f9294422769473cffe5a524fd4c6ad1212,1
3768176fc24d9e39f69b6577fdb76af55532483e376f39bf475789cc7a3fe4fd,1
fc340143371dcb793e649cdb502acf57294b9b65f786089305bd80d54489e887,1
389983ca6556b5d7fa405f2aba5b938395ee506c0b2239f08dc927f29fc73c9b,1
d00dc73cdc9112061e4f36a0c00bd332f70400cb3bd94f02c47ba7eb5698a8a9,1
f2b03a8dcd9405b54418d8349aecf525b603005b561728caf11bb4523f0cf5e6,1
ee6f0a990d5c7b2120d6bf86433ee3bf8e7edd86f37a71d8370c3444e7d292b5,1
f6b56b882821cec7aca40a82b6a0207dfcf028976980c7c7d5f9a21c14346df6,1
5ebdab202b463b7a25406b81b53d5e52058ee3d144edf6f38eaf169b6b35a0a2,1
c33c226095387c1206f15d5503f61386d1a141af0cfede323ebfeac6ae25b1ba,1
bb62c87e939523edd1c1b13cb62faae9404d6bce5050bdaaaf94a301ccd58544,1
d3b5f87b15648a1572d37eae58e4488c51ebc07b5fab837c90d234e4fdb4d344,1
5b95adf61a074cfe94e128b31554bfc5613fc76ca9d5e66e68d18cebb966e2ab,1
b27ce9b7e3f33798f84e079b4151c941db60c4b7c874599ec6351c4dc3aca3b7,1
540ffede71dd87305d0ef0919e0ff4b441be125ea412303a7c522a6cf153ead3,1
10971d5907cbce2d41a20e46e85e55e0061d59b2f7e41ea89d7c1cdb38e2b74a,1
071f27db9d186d2fcd1d88d96b6e653752bd9e8511f4e6af8cbf65801d5dfedc,1
b01018c1c739730418942bdad0e6f06c1f14aa62c10718fc0f484a7c36828ac5,1
bf4c5d4990c20a80543f3f88dbfc8ae8cfcb75f29a1b4abcd48a20118e05c684,1
07351906d459d451934208d8f20c5dc94bc3ef1050451523c3805ed0d06bf045,1
f7b3331c5793ccba4d80840a68baa8d1118432c10f2d410a0e82db3964c95962,1
a11b48d3705b6e974236149d51b835e38780dff9015b93a270f2407812b133ac,1
3fe85d382a14e4e473d4e0d26d52ffba5e666d1d9120bcb195f8f62b52e8a462,1
4373473da2309fec5124ce83ab56cddc176f096e8aff91d6cd1911395d784e78,1
6ad613eebf787bb256b2b4bffad131cb59495ed3454cf495b77561f705496b64,1
332e846d99b0856576224f907e270ede8d4309500d737fd42042ddc2b2874165,1
c858d35d571271ce244a0a11836ad51ba92da82e3c9f746b6f267e5a5a56c706,1
3251aa553cae09ac16302d01eda4d7e6214e8ef316f4e99369d86940473a2339,1
cef68d33fddafafc1c7a6e4eff6c193f6e6213e2bf49d8788232501fb7dd8e91,1
23d83fefb22e48c9ff2ed5b1af04441d0e03a28daa1620bde17f244bbfc2fa49,1
df0d4a90a67d055496d051502632434ebaccf836266cf6315a83b9dbedce21d9,1
9d1a823eecc53bb383d799571ec3141db04112f8368a313e36919e0fb324e3b7,1
1153b184e6b4af5bd0ea28d38abb206c57b3b15f9eec18766c8c2e46957a541a,1
096e386e1bca8cf9690c5b8d00aa013e9b827ab49b73b917a72419fe119e9f56,1
b1d2d486006c254e8e709b35d8dee73a84550f99940ee8da3de833d8a6083a32,1
e98fe7d5b60b5250cfa9ffd9fec54efa52ffc0cb6475e9d79e99c3410ce9d5ee,1
480fbbbc7328763d68a4f70a514f81ec7b5d8bd5984fc5492fe75b22742314ae,1
45c5f1cfa9dc3d158fafdbf5f6ea8d0ae87950530b1e03e8bc6c8e57b9d85b59,1
68cb0bf038917a7003c9029ddbd48a965a43fc8f8a14481d71be69f24a5c06a1,1
3cfde71bc3b16e358602ca8d15267f43943db0c6a6ba7658f14ae2796addbdb1,1
6f54e3e02293f53c7d6c2c4a6793c31389576d84b19d9cde5c4296f1fd360f96,1
12f37b187aa922e2b13f170a243b6c2c04bed0c6a1b8501447e38326f44bdfac,1
6ee4a4ba472871f963dd7f156c6ddcb023180a7248d23348b74b680ce6857dee,1
4bb0228b3c633b2d8f76863ae96d4e25980fe2dab15219e434e4c65e0ab25394,1
fa8ee0f4abc39cb740c96b8cc95092ade1586844dbce41a1fb326f981a180f5e,1
3fd3e476a0ddb06773e7a747f72084e5653de4fe9af41d03f88ff8c55403fc40,1
ab63a39ed6a68e52c2677f080efbaaf64faf8ffc590d7942879abbbd9e742c18,1
f03e362d42095914f325f5a02b8f19de0793aac1a34abd8ad0c1f71a5305e527,1
faf61d8d93a2140f97967b2a252ec09a35f21a6be26433c144eacaa711d69cf8,1
863c7055ae21e24d6bf3b892b44416c4aaf88451d851aeb244152c86257bb05b,1
57841aa2f0cf93a3e95e2e1eca1247df702718892a6c416d974ec1626d5beb65,1
e543380fee53059337699586bea589741fd72321d2a8f286f2f6795a513dfd74,1
4bd63a597f649215646fdd34dfbac54272787bb2f8e5df9c8081cd1c9d0bc0ec,1
1ba5c93867b74956ba4c5eacb372ee8cdac022c89c027d402d2624ddc37e8d68,1
3783114003ee4553030df34cd698381fcb92069a32cf665d279d1b8646cca6ce,1
ca6733fd4e574461e2e1e3570ea47fbb3a3f72193512e190378526ac86b94eba,1
6d82d9d25707123a58af71104e7732b08e8ff31d82dd72e134e3720d37dc663c,1
d0ba1625eeb0c8b80d58780c3a9d785cb03a5cb1fee52401a53e0ba2cdd488da,1
bba1e6c2cffe19cb6fd708be282868bfae00b36a539698c9b6980b99cd978ec7,1
57c12ce1d19e90280774bd599bf7c17fac321ac2b7dc2965f38dfd17f025d66e,1
1214d4ec5a2af231c923de8a1f2dd7db859640f7411896b9f6c4787186ad2eff,1
9611a26e6bdd8d445b745025838cb043783736eba6c0cb22e84684b5f92f539f,1
167b40b9f4dd0f7ec74017c9d02317a9ef0f7975441088f7433318c0569bef47,1
c22ab8f4276eddbd6bba0e7494fedf9e2547faba5477dfbc33f8a3dde33c0a08,1
1f6f3d0a96fbb58f795e596962c6ab0350c9aaa9c1b2b12176d92cc68b905d2f,1
3dc12e9ad75dd3ccab09abf2a36bd92c352c813efcb3b8b100979009d4ee5a38,1
b4a979ca532f5baa9b2b4d97776da5a7b8797061353e4887000d3477f7bb8c02,1
511f0e6004186391aecc0c0f4c4242c511597b3a8f084775a8af4a1937ca3f22,1
7d24f0a754b463e4d959754a810a2573bdb92e66626b06b111fd06eeed8fbdd8,1
db94185a7006e521d84da725b1c23fe504510e7ad4039b0110761dd85dcce8ad,1
a04b8e117c02b10793ad83d523ecb312771da7a1600b06fc5c791983d1288031,1
5184aaae79376788e21038241cdac546e980a8568008af877fdc1c4909f73900,1
3a7cfe445871d1c0b59b9b8d5c51d1fb64031c946db1d0e979f95841b27f6021,1
f6e7595732457ea070e9b32b66eece4b084d49d79b44ca3e9b517d416b5142e8,1
84df387a97cfc3a146418348315d000d5affd75e1a5617b3f1f58d3a77f2f532,1
8868b0b03eb03d7fd4ad41269f8dcc621d25ba2c028470f4b131f658275a2b6a,1
d362680bd397103f668142ad9ef5af4dac208500ccf251cbfaf61cd642c4e7c6,1
0b0ee6d3cf0d1981b86fda0d478e4bba0e8d62a9539c7fe736277ac0ff030be7,1
255bed973dffb573550095ba8bbee40984feea6b5c53e101dfb865b0265b0029,1
3869302c6e06bd8386da59ccf105e3b144183c1949cb627c4af376ac2c4d7f27,1
71aac5de734938fad70dcfa8f40d12d28742f17cd7910801c4364e248221fe11,1
0f4deeda05c2c9567a7ca53e4bddaf09e59f2dea0dc697b1aeb846e5022ab934,1
11577a96744b472a822f2055421fabfb1b01a48fd5f801be5a7a2a31b5d216a8,1
8ef8f7692e15d65035bb3f0288448f688748fd9b951d1fb992d798d720e4d318,1
d1874be393b41f96ede4556f28815a798b2d6bfa8402a4583ba4efc51dbb40e1,1
0ef8658969dbd98eb5667696bab27f2e3988e4987b1f2b8f8d5559f1bdfd16da,1
6377144dfae7f7d493b342428ec2e5d8b51b8bf8014664253a251649f8a07105,1
68599351e469e12c7e970c6e10ab205ef99fb456831ef050746fa8214158e56f,1
d94d4ae08ed9947f25ec1e7e8cf1ef7c5dd60727c8638ab2ae69a806063722fc,1
fde4e66950d3e9d13bcfb687909cf0f59d8d073d057671dba0619dfe9c04c070,1
68efbcfb9afd4e1037a420a59dab3f54c6ea69f3dd2d173ba4668db19429d014,1
729447a3fe6cbf112b759f695ab5c8de9d333a23e039c9c5260e03332ec3388b,1
7face60c23dc9c3dc0efec432a1f0de2cbe937ab426440e1f000b44a4526a290,1
8e18789a1afb1e9580062d765d119d6a170054ca57b8d110ddddc7d6dc360e27,1
2b021451c4544d4b82359087bb2978e8c79c2761206ad3ea1b36092b63086a7b,1
dd75d38e5d190b732831f3f9c3426ccbb6cff6a881d62b0b5601da0c64e26ca8,1
f1be8905aff2245e7236775515c68f8febd9b33ef40aa7437a0cae2c931ea115,1
1cfd3961b0107258d5960e7a74926e6d7ac926c1e4ea775842e4526d632b1fb6,1
0ab6b2ee794913e4e7f3805c69d737b37b4b54686bbb1966a1d3767b9354dea1,1
be9974e6c6af3c7e2aa74fe72d677a193441e8330a51388eb357aa2e2599b3eb,1
4eca94e977025b1c9aa0d4d0c8d0b11e697822bcadffb6394c24b1a8429670d3,1
1b789f40e6c9d64101f998e4704d678a4aac3dd21db4b022b0aceedd211fb9d8,1
4f9eebe4d3aa150f6727b700403ece605465749f0e9f48d1f1821425b2c03e89,1
81a831d4ce800c7567601da4ab4e40015874aa41d9183dc07f18a68e80994ce4,1
0742b6badf0de795b9b26f86b9e70506fc2349fe8717ae0cc519c423a3270773,1
4e306c553f60d6cacd7a0476c72cd35f76c9c69b5a0230607a4802cdeddcc625,1
3de16b11b264b9e5c709be343157a4c09a54eb184b7d54f2e83947e81395c822,1
dd09015b787f01128dc0617016579269d1dbe7ab8a99d56bdf15577523639e6f,1
93f1626a93d1a6a020e12b1e32f8cf9707e91220a2f2a42970e3dbc956214f12,1
f88bae0940034c876f3f02c5419417e64081cc7f2c866c4f305787b075b55b8d,1
499efc2feaaf095a2da66f7352ea496f1627c9808c31dbc3bbd752fad5c1c033,1
6b4af565a0cab576f8cef2ed6016671fbb57fd054241f59d0ae02047b6a2d5be,1
2fe07c5ab7d3dae9eeeee467f085516e4a0f67d9fe5fff59b69f662687e1c0ec,1
ab5dda87278bbf3c35f2ecd7198a44273d52c2be88204b6eab48dbe2280df13c,1
d80e54f887425d5b7850ab2bac8c591c505ddad824e12d4ca750b2ec1b0af067,1
7729b5ae4bfa9a17c11ebd110af5d4bad92b8f9c06d042653bec80125d9f6053,1
76b3a755da6afccec072f7c0d1500e1f2b4a79c9f851246eea33833d0908bd90,1
f9777ada36c69ee4af3c2f74921b56562f8596e0d9ffb272b85ac3f3cc1d76d3,1
e40e47d47ecc1c0a16de7278f781c19f32a4324be800c78cb8925fc646f97f0b,1
6334ed3776a645fbb1bde634b3585d03b211d0959b40514fa2d729ac51ad9112,1
e1f0b5549f1a19e5052a0231183c8bf67406dec0742af58de78ae8ed6a8daa57,1
ebb785c6cacb01a98714c82a5ee1e6c8ca91d702f4627ed91c8e0b35d0b366fb,1
4a0c077c145f6a8b53ead98fd1f38045ef33e58166e01afe9172e136efb1207e,1
65f378f87946050c89d0462c2747df4e4e4e278632dc320762aabc3e98a5795f,1
97faffbaa11a9a5118b5a59a6e5e7ab17c685219d80e5c5c099b806e015b7592,1
ff6cc45fea318b144ff39576806ed1cccdd87ce3db8dbf3aa8fbb6b235496edb,1
883cbaad81e06556856e0857ef8877a7be6ac37b861baa30df9c82364ad66c71,1
8619f21a2f98066681ecea509281d08e537057506c8feac3c98415e9afa524e6,1
82f592114ea72e37b3bac5e03914d3d529dda68b960e2373ef7b5748e1eefa8b,1
e69bd77c74b3bf2145ef003688b07c0848553b89a15eb4bdc976e772d3838225,1
5cc6cb894bfe822a865e9beed99407a4d7b89a9b9ef9d07e56f8cbc81e32b124,1
d1ddb0c5d6c06ef52927245419f20cf88034de25f2684eb95569bb13a71240c5,1
8e28e61488ea958501ff6646ea82e323c70193b4056d76c89b869730ea66a6db,1
dd4c1fbd88cf313890ffc1290192eac6926022b78a2b5eb20871b16db5f77f2d,1
bfce7963c1daa153397fe0d708618e3bbedaf45a799cf48aba5783bc241f082d,1
713b3a690d4792b87b863855ecb9df7e11b3006582d440306f40340609923065,1
b313eae8731b19c824d5b7b99fe87ddac8ba9d7b0f15e866e3fe010a74677041,1
5dc0125177c020aba9217d673195f87d587ef5564be70424302c28e7a79ec036,1
a065a5b138debbefd916644486fc68cb8656dafb9030b282a88e4dbd90e505e5,1
463032c44abc377bafbfcb69301a0e07ed645be0f533479afa1c97746f85dcc8,1
c7367590b618eb576cb8bf6d84a1cb5476b65bfa36ac2724e0499d8a84418a80,1
fb55a31bcd0030973e3e696324b8247bf23a429903f6d397f92201205e71761b,1
9b28b5298b0a0d084d53b8416378f6b7ee652899a9857ca0fd4fa03575174a5e,1
720fd598b8db078a7fd37a0d3e60874df08ad7e5b6ddfc8c90e2064d45d1303d,1
168d8571a2da81558a5d097e2c4982aff9abb9f2af420c76ae267f5d1eb663a2,1
5e8daa86eb897d798d3b8b4ce4ae767f88cd43ead12aa1077b444d562bafbf73,1
931e9c005658bace5158e06f2da87ef970e0addb56f810c30e157a9f7c05e968,1
00e9ea954b2a01edadb784c554144b18cea0f633b30dd0fbb30b012fd8629be3,1
c70a702a55833eb2b5023dadde6b430e4c6578ac43fd3e06de66bf98599b6230,1
957f5217fbefc2aa2698b2dd1728821526180eeefd9b6821ee9dc41e92733616,1
601c694165f4a7f34a1e96b4b10b8ba0a3ebaefcc0804d664869f2bfb492e4fa,1
98c027abb2b3af6b3a5d00e49b38046a0bc4870e6cfad9bbc8b7eb00ffcb3ab8,1
c1f18090c90b8899576cf0031a0b331a355957a4fc620e9da67f5ee1f836518e,1
5407c39a389250a3f3afaf5fa5236b30edc05cfd6a3f000e6f3cdd3e8c137af2,1
df22b1a0246e799be157afc1471b3a0d4e1e15804990846cd2e312512297b081,1
5690628236749ca91a6c8f83bff5fe588a9d81f1b2f3a01e9a9936c2ba3ac51f,1
262ab788dc80e5edf0994c7e9c2599b62c6f6291ad09df46814a0de61a2b432d,1
5e9b9679fff8356ae389926dd12560709feb08ee7ad04769ccd7ba27ff84a5ce,1
47062c01f289400715894f16da480f5a487cb309fbaa56b52d8c45c219c46d4a,1
2ed3aaa21828029568d4fa33990e7c2f164a9f5906c870e9f18cacd3dc251489,1
b73b1e9270852edcbbadc9112153b81f84bb8fd45ca4f99b58d3aafc1f6ed271,1
cc38d8d34887b59117addb14cf3b54e2fb32c66eb89f84e281f76fc1f8e518bf,1
045440c8b43838b72f78fff26eeea71fb3c4f32b8864dd7483905635d047975b,1
e4191f37aa03f2dcfcc71eca7defb193a9a1d17f82f19cc5515ddc8723cbf8c0,1
e01394df1de0e5622321a0ac2d0b21c7b81e6e4a5bd08e2f6a27367d7cc88009,1
3ad6b5b86503475f7c00eb99589491f26f56a9fbe066ac4ea7bcf9c5151fbaad,1
c3c792b30d545599345c439fbbdaef92719e419f9e4a751287cd2e7c7741c675,1
090f4cd74062cfdc19cec22f018aa5825f76fedf32c46a777a7be0331d5a6a5a,1
97d7f1247fb2999bc44db83c884121fa0408e1fbfb51b8bbd8700230bd614be1,1
ab0d919d5ad9f70e7792aa72dca3b2f1cd4e8785d1cdf57cbd1507921d41aced,1
4a5bb63088d3a1453fccce9adf96619e44693583a7c2ce368fb339084ac0dfab,1
2eb7530dc09680010ff5cd38bf06623e6d0b6003fe2d55adb2bc5656b310b3ee,1
e9588fc0b0e593b723bf97abfc4eab141d43cf5161fbfc53d3429521d82067f8,1
3ec9113ff22e4fb00ad33a83f44f58eceb28510a3bc9c48e19af3937fb33f5e0,1
0358fc798cf81e0d5dfd10a2dea212ae85deb9df16ba26f352f99b824ef4ea98,1
9f299aaf111451935ff4f78cf015626e2abfcc2dc963a723abb94c542670f7d6,1
35aa15e265baeb66badb154fe990081b078df2f170c9c42a340d7d89244dde16,1
cca3ab53cc5fdba7226d20c3e10e04917b7e59b284a96957479408481d19cfea,1
e40aba0f42cff83da4b9514c7509979823c578c07814a76d603b09bc39d97b68,1
781874be4746fbb23be27bdfd9d57e5d3d27ad646a9071120d6e6612d4551f10,1
aac2d14c47d58bde8358a5f1619858dc4058b2123b5c534afcc7c1eeccb2fa66,1
61206957037a49fbe4abaf2cb303b0aef5c1085c93bf367e83cb927e4bc3e0eb,1
4ae1fd9d570b5cfe3982f8fb534a82789b0c812a7b0f003f97acbd325bc5e481,1
fd910a277fd9c7c91d8bbca5dbb0e517304fdee5ce3826003996e3edb624924b,1
c80fc2503a117fb98e44c0dc3c236d0da036834ddc496cd0a32994d8c4301143,1
f499d864e92f8a33bfd7802e3a6623ebccb2e34c92994b0a8e12c0056d8097d5,1
f2f68d8af4112d2bebd9b62f526663cbbe15dc40d3ecf2a174215a2a4a8200cc,1
36c4572339b25ce1c2ee5081c98495025365b249d0280e89898060f4d0226c15,1
dd414a0e612604b2d01435820d8c505da82efd3bfc46f20734785a73ab8adcf7,1
8ed597539c0c26cd7578cdd60e796d000675c1ced748729f24da34889794327f,1
b1556b37c42bbb91c76527a969d2e7ec9532da7d6f8c1d129e09c2a879f47da1,1
039bbc4023bdde30a10d7a28dd731e370567b6dbb75570144437376cc2c0d528,1
b3cac2782e901bea251c85cd48787ebbafa2e1fa0817b8e847821cdb53bbd9a9,1
d5db73d0c3d5c2b7772db90000139c4cb63f491eb94dc5a4b594d886439dd135,1
a4892f85d1b23ce325072afddd17f29e79f6df8b10660483525b232422d3fca9,1
cc6d18c670b3ca3eccc36e1b957f19e4a9d50299165b40539543583e070c897e,1
92605f3df5639e53286022f76537f658eee83eb43599bc223d3d764dbbd79504,1
b7f937bdc57f956880387c05b8988d2c7d27b55adbd43c6e867cc84763317a05,1
7eae4a5d5324a431e6144cc8d9a9a8872f66f8befb38d9952c92979dfb66f7f0,1
f7d4c5233fcb713f3149ad2302e55e3d5f2ec9f41b1d6277924917053df48a63,1
a1fa6d21207813583bd0875ff3aed6e02075a67288b0a291f79b0307acbb1614,1
073e15096254123b71961bd913fdfe665e71b10af8fe14b2036d0aed30b50c89,1
24c2eac272bbf9c6c2a8790b6417674b5e37a9e64acf410b50f7850a4c61d992,1
aeba59fc2ecc9ddca55a3c4a03e739ee9ea709b3adbd3383b724484a054d5f09,1
14a7e298772bab9b90072b4a8235c781060aa7e04ee1f30a4d39ba3461739ef0,1
c1903699ffaf19363f6b3d15d6dbd78aa356ab4b44561ea02fbd21a219323400,1
eb9399e2471c25acba86a5197c6f2ad05d5efe4fafca4a134a737255d79e67d0,1
0690f295a4ebf888b3f53c09bf5cfac8364e4c1e68a779e61904f819d75472c0,1
75cd1a28cdcd4e1a8dea6395228b3d51719f3e774508746ac8a90e47569fd089,1
96992cd36531833a9cc78c45108a1fa7697fbf6e53b3522129476cb66c917914,1
2ad9636c3b28a9fdc4402f7ac0a4491f335e791367d7c29b5099c09a04f64a57,1
26484bda43df78a25406ed2a46b9d5ee829497b0031679c36927e0ff1f2ca80c,1
fb4059414d511390bed346f6be5f3526f45e14a69642443ae9d490d1128f9cd7,1
10d88c789eb62d0b2892089fb1171f3646dc2328edec815df6bafb5b95ab8491,1
4c885b607cb66eca7c2e17850928bd1ed56ee04e414baeca2005cf7a4b0b9120,1
397e631b44d0aa88036d8c404e329936701679cfbcc3e19607d5e9d972106e8b,1
c3b0c107efbba3827830238074e8a175f93094828125ee9255aca9025d3c4f6d,1
05ef98ce1a899247dc82d40d0e528bc227fa4bfaf725ccc7e141e1bf15911da2,1
b477eb1b3c16e7f8475d024f05b1563a39bf4571e3b8cb59522fadc346e8803a,1
1c3af9033df9d1737ba58170381bf714ffd9d92ba09443cba9b738e662afa0ce,1
e9fa5b047ff4c2a3a5d2fd826db65e9b5d5c5a157369468317021e1cbc207f3a,1
7d5da6d9db09508470b60cfdfc2df748df8bd0977b18b481989ae5b394db7f20,1
c837903580ef1c517fa780bbc71500be182f2408ad83ba864e88dda284747e3b,1
a5d3412672c85c0e1f05b98d496367f7e811c11599096dac3a1674396f81ff7d,1
031189ae75bda1ffb85ce592cb764c8c650ef73f98fd31d2168849932a8e030a,1
2b24f1e468bbdc0714f9a27567f1b0d7d1359406bbcf33fffc12dbb74c85ccbf,1
21248115d7f7f4da7843f73b7054d70a4740d9d2e9ec06a895dc62e1e6aedfb9,1
e8f1b0b0c8e43ec0631f988364428f4d67cda51c11ea8e59ce81df9678d6a0b0,1
d6ab8c285c324934d334657766976d39fcf14d9086e7659127ef194dfb5b2cbe,1
5b025c3942c9e4f569ef8520cfd66ad6f9bca2f6f8e31f194d5318b788110c04,1
894ce58bccb30b3e6f8fb8143add32a5908ea11a0e3d2cefdff4c9fcb069d429,1
4134a96d7b5f026b8b5b6db3bfb0fc674254d12c943a1ba0e08eea1cea486d53,1
1dff033cf1dfa3c4e269ee15090d2b2ea5da3a494147b04b09bab76ba39e5d41,1
90ebf9715e67341a769e67a62efd81887c9ceac8ca7c4363cf0c325c5d94973d,1
859f130d84628d3258ab8d5af58e0d04bdae9d6554139ee33cf4d7180d8d5c3e,1
807802af2643b340ffdb6f9384a091327da10324b2ae3e791000c1cf508462a0,1
030da3eb43b1889c87c8692b2f9f6c888be5a2076eaa7631be5d6cf8d3df3474,1
dd7f0127fcd0a84f34510da2a32a874677a79b27902b428d2ef23dc89ca3a16f,1
d68ff8fe52639cbb6af6b3d628452f843e4463b0a69e61fc61efa338d73fa3ce,1
4c7eb17ef7c532663ef5f1d59827a5c22f10616622529702e1b31d85cfe5aa51,1
06ad7091305f92e73267efac9ac64a6c3b426043711752e936a2bc81d2b23427,1
88f389b7f2731ee5fa550daeaa54a6a9533443243f33a7a296dfb52c90afb232,1
9d6351b9cda8ac574d7e8f1359c9e6c6c5e0d09f9557c764165ac6c040a492bd,1
e9370d3e42865b6bc8ca853297bb9a194d36ac141477abcc119b4c7bd2eb6aae,1
d56883b5bedbcc4f885350c6166df2ed60313c0fe5749098a156016328471343,1
7e5913f9f15400d7512b697842154527e535f6546d7c466c972181db3269b981,1
56b79b55f979d6c2fad4fba536d20dfc58ce4c5386db83b87cb857de7ea9af8c,1
6f1538ca6db058b140fe5a1fcd0e009735b33b3903df247f36e83cf7e21c6e58,1
ce0479aea169672b57031365a2cd2d37f0389d8f874f5e4e988badfc04cb1f67,1
986b304af297b5f2c2723d6f5a96dd30658b846f66d62b297a0110f85e3b3eda,1
c5f2260b10ca602676c27ced88a75a1d1fb69844972b1162148bc2ebe8b93a6d,1
c70cae9db9bb4f29c1fe28bb06ea60bc15a367872fc14940e2999667855d8162,1
63b1a2f92d0042aa6801d1d93e4bd373dc2f144baf5d5ea8724ee1750ab99e26,1
4e3c0e6e9194d8d419657b8a63396f3484ed4b9058c641ef4b58ee9db6d36e68,1
097d6059f0aeb30e641fe8e8ef13cc8218f1a5b73b6c258da0d0244f6ccb4a1f,1
7a4a2274f224c8754d7fcc24ee9de5deed054ba66f0889fbba3b98382c66b525,1
1bae974eb4e45aa00a86de6cf4ba977c22795e5104c2d785a3a5d2b8118a398b,1
6bc4634bdf66adfa7575d902f230c4f43f2b754126017b496396ec116460fa03,1
f3bbe5c6243e205b722162f08d415f70be842fd3f03f1427d3fd0fcb5acdccb0,1
5a76891c809612a2dce211faa0a2cb9d16a05071520057a289f94e1c1a41af79,1
41fd59e658a89256bae511f9c9cd6ca71be47cc5d5640ebd6a588c0630068743,1
fde3ffc6b4cc6d86319610646a2a6859ab95896545ba1f25612f1b03ffe64def,1
b94e3d9f18b49746be9a11e9dac92c1c8183552174945236d7ec327641e831b7,1
a026a4329350f0a8761eb4a7b724976e4b11b0b1176666ecaf19dbff7de2f2af,1
a700b2128cf2f8fde42ca17fe37de01b07805a23938ab9bf27233141060efae0,1
878e4e2f04657d130a98051584fabff098e28673c019caddcb5106f9d39780b7,1
5692b46c969ede0fcc936730aa9d8a11ec205f9ec2bafb7fbfaf54d350e0cd2e,1
e5fc9b9634740449d1732491b0394e00b802eae62e2347985bd8ff4bf7305ec8,1
18313079ea3cbc861dedc022c3da34e8f2696b15c0685a6844eb76f1b8e9ad61,1
ca60c64571615739c6bf6fe5cffe7c1cda7b882dafd343137d20e007ee907323,1
01869bf8e4c07ffdc24605302af77129b4f813fa8c9a5666f5acab402e36ae73,1
01714642a726234cf6de76b6e31fc70897026002680639b09e1b942c1ab783dd,1
5d2e4b2434ec2e60922aec1954d21b65bea5554744f9423f575723485406f58e,1
2caaa116f1cace891468b2d6b508b91007dfb33d3da585a47f3672ab5ef0602b,1
086bfd6464a1f9faf50aad804c70e258747a1ed1567b0fd8969ae438e9d40faa,1
2374432de0bcb4eef208e4a168bab987bc2cae60c11798145998fd08bdc3064b,1
ca3b318e4e9537e905fe0b7fb0f0dc82767efdd1628e6d89b66130b8b9a66dee,1
c6dc66398f0b631b5907b32b21c45d1fae3c4d39f4a55d31304f7fb25118ea20,1
e9d131e9ab8dfdce56ec9eb198b8fb28018e20a1303c2016fcc1e4f8f6c387bc,1
3554f2027fffc734c765a89ebf6a55903a0deb58650a9313925ca517535664f1,1
f80452f853a1a781bf4b621a1c9cf2b086ea593f6885170a84029b9c224e58ee,1
596a98361a1b8acec9b8d7411e38638caf89ab42857b00725f3e197479141933,1
31e4c972599f2bd904ed466ddfc183732b8d3be50db2cf714ca99b43afd50a28,1
77a741fc22b7ee477a0c4135a291b002d67ef6fa6adb9c1c438f863c6ac1d27e,1
782a378aae64010c3f56728e1b64f631842a765f102f17cfd3f639224f3f66f8,1
4d00b70c4d8a211715d78842b13f43095b4a2f6b641ba90851eba61eaa18b013,1
326de85c8682ad70b2a2bc159afe0fb6f8607b9ed9ff3a8fc160a76624365537,1
99e60dfbefe916626b35a5627d05050a35e684d1817f6fa7742391ffc681fe79,1
a11f805ffe6c3122b065f2dbb03f6c9fb03990c6a8e851ae556add14fa370bfc,1
239ef833470cc2a9ff68026cbd4baa102c66be86216b8d1401918c6c90e86814,1
47bedc98cc4b0b61d389f0566958740d156db9894f842e1dbf3a0917c8e09325,1
703075f131f4c33ebf540a53c9e17dcd042dc4bacbdbd3fe0f1ef982c0fcbc8e,1
4bc05238bc31cd655d2f0000b40bc52e35a4469b59ddf44496ff8c512445dd13,1
ce173db38e7f22d457421c2a7aeade57eec3cb52ab3cb1a1172baa541491fc55,1
dcbcefb9bba6baa672498a71909c8c728b9bd19d36837b46698e5672852adf7b,1
048d575de6f7ee06f88a5dccb567460bc0bf5163d315851dd56618b6d88d51fb,1
7e138fecd2e997815452fdc459e0ff8bc7d2290b62e1c16b124c758823ff7378,1
6b4e5b85990d4eb17748b83c3edbe7f3b4c3409e709ff631c6b95bc852915f0e,1
583b92d1d6e7ba228f276aa406002b12a06509b856309b84d36685275d94ca83,1
1f6035bc2272711bafe128851d4283b9e36460991b7d75264d676fbae70be51a,1
62bae06a312ade737cd3f5a322dcaa8e00666e25fa29b994d96bdd188c9d52cd,1
52b3ac3df02b9339ef7052d5cb30fb4f82b85e5aff02b01c7e82e724e22bdbb7,1
e5c6b2f4febab9ba426db35831ecf8f12981398239fc5d7d15214cdf2e0a8256,1
113a06708a420fff578a6c8b8f41d786ca2057f88df5bf31bea3f3af89960dc7,1
27bebdae54a1da395eaf2d513c9eaa9d10c7c9498b08ce86cd8374bf4381773d,1
8742840496a881c4f58bc7238aedaa1126052a81a20d7f20ff81caca54cf36a7,1
fbeb076a135fb90b294d486ca7ff60566da9350c4ed01773a2e8cd5defa0abdf,1
9e313c710d6cca3d5cd150c44878de236b7415cf5a7144669a2766a094205043,1
f02f052931ac2ffc676235d702b6d27f7765f5cf05642cc2fae2d5f724bdb59e,1
4259c62fffb9db617d5ffa79c178e35672b890f344758dfa74f30fdfa95de4a8,1
6cd2f2a9bb51fb7635c0b7746fd60e9350bdc56807e32c6cf8a6bb9dbded69f7,1
5f4e15c0745a73327e36f74d20ed8bbdcdfd62206e70073e2b95a188d786ba66,1
d7f03f5d9bdfd666c52eba1c7417cc4c2222bbecc807369231fbfa831bb06614,1
1d4b42dd06b17cf1b2463457cf32575b0af09ce1bb5738c09a9dfa51f2cbe924,1
e6450b8a2f2622d05cb2c197563e7ca2f2e04b44b1329746925057d9e089fd30,1
d69191ab2d8c4e3a71e5a49651dd1da850714cdc53b53a994f3316bdabda1f16,1
5e0fd0f641e8a099e302ac2f8490b8eb5e8fb3b84f6f23a7d6b0af7af5077fcc,1
1b25cd0b25feba627db4306709ebae2fea7b070411e8195dcc97d6c8b7b86ade,1
7e2a1dc96807a250257ead45eee784e11f9a77c1910fb6cf72f9aee164985d58,1
3d66522f59e3dfc40276c0639239a0abcb3806a51e47af3124f3703994c0fe16,1
81f408b720df749929f7894b8f06fd6b5150f64e6d86c7d424681c8b5ce37427,1
50591b4a46df9731f53f4dada65ac2aca5f2ffc5e11724f3806dd5d00956163f,1
e96633587a3d584ad1d4b49f3a80f126bda01b7fb38a15ece6c81e44852a3c57,1
0076c82accff592a336d7b6e12387510d2d5022ff318d6b8e1a7b5548146747b,1
f6340c97747c83b23315c081c2946761179988354b229959d2edc1ddbb6132b0,1
484fceaafaed12c4e6833d30daf2447590a9f38aff35ffdea4bf652aeb0b2f1b,1
b29ee558bbfdabf5eac4a70ec25117814cfd7fb1183cda8caefea6025eb606dd,1
758fbf79f63dec4505ba1d7988c357817d458778160f9d0463f3a193ceaefeb4,1
a1e3bb2dc9360e896c563fe945cf6cdc4c548e6e5af25abbbedb7709c5945d24,1
12c8ea3cfa8f439c68d81d5fc178bb462df1dd91878bd5428d1b46ce4eb1c981,1
b5a36049862192f3423f0fabf6e670426b8687c538c7d60e43e0d59577e2715f,1
9b04a4866232e4439196d87c090b1c592e6bd0395a75e386cbd2c41c963df530,1
38dfcd4dc34c82450ef30d0cccec42293420ca582ec28e677ada4dffe22d7313,1
a2e90db2018293062a9e0e6a5ed3c9f5b402a2807a982a8715206ff5c504cc7e,1
29f69e8e6326aba8d39665038df347e6d98e1185cafd33efb01715ad26c314ee,1
85ca16a67d092516f610fb9f0a1448438e87579ffb1a2eb4da76f7ccd50972c2,1
335024136721da1380a465acadc65b76985c271b0c8133a78255a9ee979e8b0d,1
2841bdbf98068fe8177fa45ee6fc0e2d3b0857bf382645b236c218b1e80ce0f3,1
3b466b992dc12b1c538f797877fff606b1c463872073c5b18bb54a6d6d05126f,1
23f34e6cd61f0c8ff962c450a03b7191da902e961fa1054d4653f276e39d0562,1
1557e7b9c650c7fc37427fc9ab27e321398861e959094516554399405f6e7631,1
7a86204a459e78fc4f75c2a24a12322e9b4ae2a68b6484b475360ec6f12b81f3,1
088b4d3a9dc9072ea0539f24f3271efb7aff3fcab93113dccfe9d4e026c490fd,1
1d0e657083aaf15591e9b323e329e0b635323583a6cc605a9a138bf9c1ccd8ef,1
db973900be3ff434325230e96afdea1c9c6037b99df2284d926c1a63738f9399,1
fccd2ec8f4a6b78ca620305d37b2fb544de698dcd15101bd0f4c1c351db8afcb,1
a2ee4d144ceaa05b2fe9f1e1d0d3cc66a7be7f6224dd9eb1a0ebcb193bb28ce6,1
3bd0c10a2fb28b0dd064d56ad98cbd2993f0530a554e8297edfdf6a07dc5e0a2,1
ba079fee4d7488359576e7f62ae5d91cf2bd2f863426b5e454882d437f61cb4a,1
60e6dd0d555b15e78b4d82926e7ea649757c890cef67a273cb963f5ae59a2e38,1
343f14bc436b1118d9c8c84a082f83e557cc85fb152e476453701ef9230d8b91,1
05994c45ff37ff001babb149dd96875f3ab1b03dbdbf59f4c3e00a08edea6986,1
4d36f1dc00eedeaee5f1ac2bdf2ae8ec0ba22ac0299e3f7908c70d3983c5d0d9,1
612a8858c48a9d299121d2b913123eb29dcd3c050d6b53e2bd99ce6fa8e6f67c,1
2da0b54df484d1e328d45cb528ab02c7564d1197f89d0ff19b25731ba7fdc598,1
3d983ec222d1c7b7824622c08ba82077537cdbb880cfd1eb5168905ba8764aa6,1
4d24cc4e736fde0f419a5d9def57c698635d0067b8314e37182d56b13c149c31,1
d5ab2e75d332f6f495252813377fba2b1b069763923b53be8af500689f60a0ed,1
f84f5fa631c631fbb56344a870103228ac80e4d28bab2133565966d3468d9f61,1
522b1c9c8eaa6cbfb9727abfb8b4b0828bf06ece528cfdcc363f99950db2003e,1
a2359278aa95292b5b16606e3583342ccbf38e72b0e6fa0336550983c4ccb80e,1
e1debb99c7765ff305f44a0e874816677ae9b41b4371aaeb4315576a95ccd0aa,1
3db451d78edb44dcd4cfaa10ec8087db57d57be5c8c7038d25b1f71be0e51871,1
be995f603912abc5b79d2e4174a596c9c9f27b59ff9107732f38d7380de0225e,1
08037b46448ca777adaf1e2cf92c62d37d86388f087ddea56682deb8807ecf95,1
3375b1a1401ee223b93b2151c0b3670d1509b1be5203a39defa25807510644a7,1
acc0fa8127955a79a37b0ece11d68392d4447bd4ac7ab8e0f140679cc738455c,1
2583b77b8d6661e984832446f1b59590f4a8568bc45f57fb328e3ec0e36cb133,1
cdd63eff447e8ed8111f826a57e5b24b60da7318741228e13334fd1392adf443,1
0105419088cbc0895f67727a08499016354bfa74156dc4efd2a2472505689dbc,1
b0c3cc2b2168e853bee62edafb0e042b41a5d373e7851dd2e4de1b5befb2c479,1
c10f8121943d2572322dd45ba593cfb1142830b745f769b52d36142a8365c9ad,1
48d1a7fcee328851c40c3d3c6273045d8c7649fa6b5d42ba22fb2250a917c54a,1
010286a97d80402eb1f0aedee7c1de2863ecffea9e36f225ddca9f9e63c80ae5,1
a9fc03dcef63211ff1bf45248f44c7ac86704ffc5d681ec39c767cd5555c28be,1
f7ca3615a2b991e7e4dd0917961e8ce6e8cb1966c2e2e23237484dca97a1953e,1
322e402a1e7ecebe8662c3c3f6931b7715a6d44034ad1876a4d884d77a1d207d,1
66f0c96165bdcac9989a8312f37d34245701e3b3a4ec073ed32993a505e9bc98,1
7e1a1d0ce3a9485ed42c7f8e1d00342fcb9c0aef0eab884cc983c95cd524a76f,1
6469fe291cbe7818e102e674b8acc44b94500d79ca2b91ee29cb0a71c72cb292,1
229bb19e9361c8acdffa5613537cfac98f892b4c2a29342c801d72dacdb8a013,1
677ec3224c33bf356c0ea6c12f8ec4b5cc4513b822c9c370e62594e1ae23c3e1,1
d70b4341d96fbe15bc8feb31ed29635499744416d6972e352d63a190e7e8d780,1
735870502b62bca5a6dbadd1f7751e313252fe56a041c7621bdb494b54de2915,1
067fc480171c6464e741b6b6437a22f729b9d169ec0452c866160009b3e6ada2,1
8b48c6e33a2fb2461a48cfdbebfb7edb2deb96eaec67583519374a679d6a0125,1
1330df816c613dc7188c636af18e0ae702f018912b93a024fb49196fbb8c3f22,1
ae34a889432f2971ad5d1f7e37e22cdd2253bc622a6cc94155e62c5930c25570,1
6a9c045f5bbf272f1f3119b47a043f12eeeb12cb72ee75367e23a67877decab9,1
9829d7f525db9a397ddcb4fe34d029e3f3f6f1fba0328199eac17ec5be639499,1
2a7a6808b55ae6d1774f80cfae8469d5a63bffeb48aa5209b01c785cb977dc22,1
5c5f8093e3f627100dc226c086848b4d19048d95c5727b90d6d59977dd10d6fe,1
0b04511e4abe2d079470289bbb84864ae204de884fc060d0dec6d7a7b340794b,1
6c79d8e21c6b80d35a3941cbd4d7428d1f4e52e1152c1b4749f2e1382f977a03,1
089ef31715776967f5ed336c21bbd1072c080a5ef974267e855ecbfdde78023c,1
3d5161cede03ac1336a7999ddb73c9bab3b9a78bbfa51efe72aea03198506a4c,1
2615bd70f5cc2c619d915b03164c635052bcc924d9acc1eebf567f756af0d3d1,1
ea4028982cce01d1e5b48d1decd0dbb408669570436bc4ce0e3836bc96591cce,1
8bc1787e65830a388cf59105859c4f9de27cc873eefed4453ae77519be44b3d8,1
ef0fd31879f5f5b4c8a02eb7a64ae856c1455991102ffbb2a64c2445f4c82c32,1
a45cd05809e960c4b0fab9dd484314ec1bae24a2e7bcf8494d0057512882a2c2,1
7ec41214acacc60b5331606541388bfe1d27bb09f7f293146fc27748cb019729,1
96f1c782f50849e69947c8db68cb654a6535a8a1a42b70da201cf4d674c6e2e7,1
d0969a6140805192d1ab00af2f9768400de3b1a7efa49b15e011de34c7953201,1
2b8117847733a39e892d2710291dc3e2eee4552e65560ca3480bcbeba1f6e7ff,1
ff81793cd7114ece5927511b461a4eea0cc93380acda9f28da2bbdd10c0cc657,1
6aa4972d02b526c9c1fcdfb281643a359814fb92082ee9274883575828f28138,1
38ff0e96074f91d80c6f818774f0e9cf1f01cdcd0b9b3bf8505e6631bf74baed,1
b1dfcbe5252a07c6708f2f388098ce2d10504f133ba5c677c355bf6ecfd07f0f,1
92feaf3689396caea94d8250c6f319c54659f8458dd5875fd24075f6b95d4c47,1
f9469f48325a801ca6258a1f7c050591ae049a79625344406ad6c735cb9dc79f,1
3b244edac23553e598876773d604232af3a16a3ecaf4d96b6399b980d5bea2b8,1
162b333309a1765e0f334cccd924a9a0919e2955534e5c1f8527f606c415423b,1
907c0576a43c5b5f27602067157028e0e4aa98c89f2787c83e1800bbff60264c,1
0166c6bc7eaf9d9247313526f1aabf03d2c05d9d0dad9c67647fe54bb97675c5,1
092c2d7ca1b64d8251f0aa96df441813ee7f6eca28988c49c330a3f016a35419,1
742cdb60f0fa8c1aefd67dca97d2ec5fd5f923023f1aadcb2ff7462bbc6ac1a1,1
d1bcc1457fc2057c9d7641d6c1da546798f7a12be8ecda5d5c3eabcbe36f2495,1
b8941c209f50201081fe06e6abcdfbae8470d3b0697c48f0fc9e1426c4c05cf7,1
628b38a1a45ef06c8efc43c44a5f68f690fdc4615c08adc8bda27b2424f4ab5f,1
6775e60529da4a883b92bd6b4f639bb2e460fa058214f74f011ac64aa22fb215,1
99ee8c569084677df8311e9ed741e50b64b0b6a8515b7ce0208d8f0a1a972d01,1
a00e5e555ff5d938a5b03c56a999dd056821d50bdefdaf5b87f3c97f0854c413,1
dfae9a01ad10e7350c433f31d1126e52237c5b553274807c5833b9f17b727762,1
79ea7fa5aff59f85b009d4e126c08d059b352fb77e62078066bcebc0c198b3c7,1
d3e346b53f5fb7cd05448be648e5859af2cc9212937905f87f9bf4b42e3b2ccb,1
43773584e0c5c284601442d0d0652e4859eba348d8364a51ba8d365405d8cb5a,1
23741940e3addcbe4be2b0d515952430f25f058c5f4b213f712c8ab5c3f81c34,1
360fda14b12f936adc7bf684e980b38d177686bd7ca20e42dcfad17696c1adf1,1
b133e9eb151421fc080f043ca464f3b85928f3aa28506d0d0842799c99be97cb,1
532e9cf2d30c11c4ab98105ee6c5d7ba4e9a70f811c79440e807c31911275ea3,1
684b7f52d638d20e4d53a9404af25c1d84fef8655e0a8fc74636f4805df15cfc,1
6733b87b13f8b3272103228af4946296523bc881886e355cee7a2e8625ada1f7,1
b8efa0df0e56d70aceec48d3ea2f86b4ad4848c316be583fe08b4543f43bac95,1
620dd0a14c213046f1c0f44e0d21d13a264cee33e951ff30bef176917a776d96,1
2eba4cc9668c359b39755629a9f72cab031ba3a70614d7c6def2ec0ac63cf469,1
a4c642e4e91739bb1bffec27b192a77f33bf16d38ee06c98044633eebe04ba03,1
635e515e9e0d902d7d490eab5c8558a6a605f8330fa4b11167161d9b0934792c,1
cadf4cbda572834221c7c33249323b5ae1d527ab6d0261cb04ad4549207011e8,1
39f81a0f494153d10f8ddb19fc978d69b81586301338a1b7460521f8414d687b,1
5e6b8b2866903cabfee559e283fcfc4e0706891bcf2c8ca11e2fd2995150bc28,1
ebc9a836f03930e40d4f595098463f6709f2954458723bcf951dfe189d3bb80e,1
c8fc48a6e5d8bfeaa1ec8ab932574f2d6b5b7441ff750278512161323871e6e5,1
08aedd98db47023cd8288337942094a0fc598bd9fa17f0e59cf6cfa504993337,1
9ae85e4c9c735b7dde5a5db6d8d4b99d22a2f43c99377142589497d0c0036ee9,1
a4252e97d4eb4fed2709869c3f86901c7cef4d605ee27ba025a2d4794fb5b57d,1
b755032c16af5e9ecbd5a05551fed2c9a21b6d28192284bc4abbaf35f84caa47,1
a7bc5fc14fdd6e493eb5f59f713cdafbb45afa66081f0e33eae9f4f792aca60a,1
27a7947368fcedc97f357c42652c144d91fda836cf36531eeaee442ba308e068,1
8372648ba91998e9dd5ee64ce736c45a72edd386d9620a1da3c57aa70c625461,1
d4c8562b336c021fb7e687d3f40ed022e424ad89c4b048d025dbcf4933607752,1
6e9174b579e5f770e350a6ccb7eead0d567ebeb0da84d191694fb15956d5a6f3,1
9cb1a683ee724bcc9df1261bde19ed3c41f5f1d3b2726b32969ea3bcb57fbaad,1
bddc940ac369a5a5305ae48ec344d39cb3109be926893f7ad8d879d6868e598c,1
ab785cd1cea987d8d432266aac741b5bce4221981f5b2ffc59b97b37d305c491,1
6007e4a269321b3a68a051024a1eec71a9d855e819affb7421e8c618fc0dfa0c,1
e1808246130d1f73d9d4db5b154a9e640d6ea43280b088ca323178c05676236a,1
a394498bead6b1aacec9c3bfb84310df95fcbe47cdaae50583f2be38d0abd358,1
12a79b4f6792299a5c3794b95472d9b5d3fe63818e9a1d868ca38410e230d33b,1
6ad937cb4a35faeb7523882c7ccdd509e0d55fe3df564f22e7c029aab1d921f5,1
ee1c4306f17b583d2226162b9ec259d726ff8246663a53878d5c7f0f39b56eb2,1
b6d99c094b9f2a0d05463e0bcbea856863d8bb9e420d891f078199bf10698ee8,1
54fb16b6e7e43e5fa652da9590da7102a57a3c2bfc3cb16c11bc5128579c5b80,1
5dcc9cd764368d2147d24759c43bc3f271b9b440a0129250ef1bde9814892d06,1
17d0cf216e37e61f5a6ab2924ba26daa8858aac59f006a1723cd716b8975117f,1
6b99161523946fc8d4c071ede60b2a27ae91d9eea8ae031a4af60bbb29fc9cee,1
c6b1f78ca29b8a05fa831e56ff25cda71a9211d726142d5cb65eb4702803f495,1
45a8671a1b5cc606962ed13ae286b69324d9e696e7587349b185922a80789b63,1
4e2656859be107ee0eb8be3e40336274ba08727afe8a913afb71d64f140d0c98,1
45070d842b0b1b753c51eab85464160945a409bff99e0bd204dad34f54db2bfa,1
d592e2663736620bca1a623d10690e1dc570bea9a312cec70df30cf1b207db36,1
7b2a4a6b716d009ceb73799ad183c221c6c38cf51c240cad66952bc7f25fe1c1,1
a78733283fbf7954fef1da65ad7a95d8f26fa465bf032ecfe4620724c0ff7a77,1
3a3b3cb1d6c34c9173ae3fb18e320a94f1e76a660848d1e19a93d19d2c7bc70e,1
1b85562579751b090bb3ea3031c9ec923ddea2937be9f981ccf1f9a1a6416efd,1
4d99f06baba0f039f40c62437880d49d152bd14c59b784792bf70a76809bbea9,1
dd1f49e2da3646b4254f88b31cd38b5e5efff8e915c6cdecaa14e113e6aba9a1,1
723c6f2c87e057016a95c7b8b7361148ff09928f5ceadc9bfa0953e06cd9c5db,1
1fd8887e8a22c0afdc5354b5b89a0dcb66170f40bd2fb028b25540f214d73055,1
237b172e4de823aa8a36513813d0d01274e90041918ec63ee48bb1ca4610f274,1
7abcbd37074563a8db332c821807cf857b65afe5c850006c57a349b8f18b41e1,1
28840c7811e09314f93f7e1f72ff86318af7e773bde0aabfe14ce1e499fb4472,1
dd6c8d804cc214798f58de1219a287006f36bba80506e0e2d22d1792cf4e6a2c,1
db5081ae036b5ae3d8c048689adeb8c7591248ed767cc55bb3380b92cb4334c4,1
37bc41df4c33cbb9cf66a7c06b9e008265aa8534dbb69a72a33a760b04cf0dfd,1
431ab37ff0fef5c0bb381f86da4b3a9be0e9ea856fe075c33dadf9cf03a59c52,1
cf0890e664a536b6fd90470567c9b9b0ad0cb0f3d0fb1c312fb9802c28e3a7f1,1
cd277f65bb3df3f7d8471cd99c4b50984a45950264ab9cf5b58ad89cd928b8e4,1
15410a29f9df6f945a043802890ade4aed622fa3265cc4581b45e5783b82cb73,1
96e904a64a240d081e74f55ce4629f65d9ae1ae34f65fd97fe97a41a6726f55c,1
1821e7e2d5e03b03f8210b7db0e35b5c8991cf3fe6470506313093dd3684cebb,1
283c716ef1905e1765818da5b43d1c469c756c2584d8e75f036f7ab8f7846986,1
02fedbb7a7284d9558d42a4f81b518793af99b9e6c74559be7e8086f85b376f1,1
efebb8db1b2c7718b68f9dfec0bff6598269ca6f0118d4a67bc5cad9637059c9,1
777f19a60bb2ae049d3e4647241c756caafc529951c23c4399dfbc58869ab2ef,1
497be14107a3c3106889fb9d66b77d97d4a9093a439f683f87ae5351bfd18a4b,1
1bd541203c9fff908dc4d6e1bc0af2a9641a0edb66d65143f775f71560413232,1
b43fefec4ce0e40bc3d651ec72cefe22fb95f2afb735b24b2e342acfd25bdb97,1
4a49289f56423271534cc6a20c9a8f1430765468f4dd8d03e913d5b4ab0041d3,1
5e96ee631962e1576c8f4ac51ce5b00410cb9a2a6b2c75f8bfc5ae93a712ac05,1
35ae6e1bf93215c7031a0da95775ec32438050fcf2a2427b01fe608a225e10e5,1
7f6d11a589d2e012259d834067db1ef362c24e9ba942786a69bda450b81ae1e4,1
a67ce70cf43f472abbef266268c9c5eb72fcd785e15c73d0053f050312eefd3d,1
29261037fbf99166bb393d13b0e0935c736479104c75df59713863152629b670,1
4babeeb197f3742f0b388966011ccbea0c23da106e283cf9685382cc9e51c5e6,1
71653fb451a2e14bae31754832f20b32bdba75abf3c7ef46ad04c34e45d68e60,1
e7886433e0d716102d9b6896b368006e1fae2e8b68ecd21a7ba24f13f41e8b81,1
36a525faf84dbd2dc745e71fc3186f5c2771aae5775de6b4c98facf92317a859,1
ea0d89ec38f01f5937a8ef575b184f2a5dcc28cf5f786bbcf500c93d1debf003,1
e402908c379f09d882761f7c8af6b3ea677d7fd663f44eb11b9657b680669bb5,1
75ad231ebbecb3b86634035679161061a28ea5fe87bffa0a9391c381d1665d7d,1
efbe315b3bb739f3680da6ae3358dc141500716bab013a4ae7a0c08ebaf1114c,1
b0049e24980eb6b5fd78c33e7f75e1ad1f5a9737651b906d9a732a2e6c947e59,1
f81fc0193f886fbe3f8a386a47b71146a9099c3afedb4c2e2135e6bc63c3a5b7,1
2e64d896137e05fe52b60a74beb496b98eae4d0cb417df007eccd25aff5e566d,1
aa0ac3d32cd6b59064e9f18b9ae0520bf1c1d53e2064c226a0d262da7bff88e0,1
324dd433792ccff7a46a36d53bcfca241d9f0cd50ce7562a15d4007ddbf5421d,1
27863ad9cdff02acfc6c95fc476a83b4a3982cce7ae203c7384716e5e6180034,1
ab3b112cbc4f53e532a981b19a98a90ed66e1736ae0cee85bc88c9bd44e1bca8,1
a6cf68f82642c01af4fbea45eb528591d223cfd74ccde38c7a5a16ff776b7308,1
54d740619df2aea1c199ac6aff9c83eabe9a9b6df6389724fb02176b8de8fa9d,1
509792299f907512ca0e7759f2699b8340bc645b5f305d2f1a147b183f5f104a,1
aa917e5862cb295c71164fd0ad1ee749805abc40d8eb4cc949309b648e6bd577,1
beea3f6b7ad48fd6a70a50e1473cd61dfb672a71bc21af1baac78494344a403d,1
8226e5563a4523355871b188a067be2cf4a572bb7703c014bc5755c36a4763f1,1
87cdcbfc9cf74d4fbdf02846163abf0b1ed1aad33ab29d739b13ab800dddbe6f,1
b6f72274a6fa6c3d356a0e95729d4ee23cddc85de6a391c129e4bd95c6d7da31,1
ba22310c3610494dc678c1116954b416bc7b3180e48cfc30bcc4a6787c00bd92,1
8d2cf7e83751df0fcfe20ae595f9c0ce74e25840d1ef2d24c0deba4b87213bb9,1
68a3b6ee953e87d0d752b66bf064313f6edec894e8653c99943715e8033cfed7,1
318f7c9bc380cfbd55a364a27a97aa9f97f6475d92f2b497cb5acfbc2e5334f4,1
861e6ddb9088f2e53a44306eb731b1ab4af55994831c36e24c0ea75ebd06dc98,1
72de7efa6d3ea16f6e91f5d7c21ddc02e94e938782503ad08dba666bff380670,1
60be9a607b24df3e56e1825549556a75ea7ef910aad83547fa75ef4efdd9a0f7,1
3884dbdeea49af81adc7f4b32950c7b535024f274a8e4488bbc1c3dd586ea572,1
4fa4acf4c53380f70b41f69f414f1c38a67b2f94a119acc71ddf0e8efb8e0cd8,1
670f26a59ca2a028489c0a3f6727726e9cc65510af3f6d5775a2c9da07952f88,1
d3e5d2aed4cf0b146554e2d3952f942cc7c97feef1fcd98bfd685eccc5fe1014,1
a41266034a3fcd8f8dc9c58ac539f4d3005726f62a588ef621a046b6d469fc4a,1
ec059f556ed7831af8d9779e8d2fe4e60ae81ae9fda188c910953a29d825227a,1
9f1cc1a15f27fbf073eb561999119b6fcdf1684caf918321e74e6c6c61481d38,1
712c1d4594ad223b38cab05eea41e921a808505e72d472af5287b12d3d8c5fc3,1
5660dc326532dfcde3139c609fb3c87a5c8bb3d2f306bd82bb02331192506849,1
7baf3d4f7e63138ec7ec5adb0f3e8f76c9d0c49025d77009d2db1038bd96a3c7,1
197938e08e3e9cddd5af7a207a07dbab4f632335c479489f6456a6ba89dda724,1
cccad003cd143377abe60ed6d55f671a17e038ea39c89907e9281233246f1ee3,1
886a817e5dd26ec07ccd40c394c2bb9888f8e2c43469484ce05b6f35563d3db6,1
662da7cf4f97a7ebb4dab09e79a7e1c93431bad045cafeb444af05a7042f6202,1
06aa0bdf7f65e378ef6df8aa4b10ba6f50285ef48a644cfeb5385e2eee5413ef,1
073de4ca10f8f660d8ba488e02cfdb03d23ebbe351d54680db8578b0cc5d4781,1
1fa1cfd0eb6e2bf24d041013dcfd4ad4f347331c4b6d0d37fc5488ff341bf611,1
6a34cd7ccd7552de2be495ddae961692b8f0687696e8499cc3006de046c4b65b,1
c3dd68e88f781a3ad9581009e15299f6d269da4bfec046c1120e83318fa1ee76,1
e245ec7d67da36ce980cfcef6f1bc27c92f8dc5e85706f41f178ad101feac5e1,1
dc96b47334f59df3fe58adc4b8c77311f9dcd786a46fe7a8396730f67e98a942,1
d5cc7d8a98f0bc01f1e5a9419329d5eaec8c11dfb173a143bb0c70aad2ffa6fb,1
5b05668b325d7198663eadcfe719b73b4f604b84ffce1dc270cbf983d278ff58,1
d6d8d0b421262f088baf259c5de1a4852713c817464098906891c2f686897ad9,1
3eb7957c2447220e5695a1f27a67405bae1320f76911a5831374d7b7f5e483b1,1
d1270c06513e583c11071e613302926471ebf1291f009a020c24cb063d89439d,1
c3d75067199625bc9fca846400b7b3978ecfc77f611ba049a81e1ef0bd03cf05,1
ed2a8a9f000c545c4d355e1b1738bd63f149f78d4d430ca81c996f8b103dc16b,1
ca90cb892f86de645f03726c777f156fc28daddf6e8c3fe311a7bc298ee9e1aa,1
b41caa023cf70e41920a12833bac3d34c90c65a1c7c5461807eeb1d1e3adb81d,1
f6281971c17906c651088239639bc0a2e503d1fcc4f5a5ef9a824fd812453b0f,1
84673a0f44acf2095a81eb105653c05a5999842b3e2803645ccc291b3d499e78,1
b886c20e554a9cf80e5628aed055518ce0698d0f9c6d535e484d3bb8b1d286f7,1
f34eb2c14e6c258e737cadd17d879525114d7995db7d1604d747f6d93f0897ef,1
952ceb7e4e140619e588d497ac51ed988cdfbc31aca076c443c3799da370f55e,1
b6c26d79c153c6de63503387aab3feacacca6099ba8c6fe3c62eb1eb021988a1,1
ce81486ff3d098d0f1e8aaae25f97abf68e2dff56263e2346f4093fe34f1ee86,1
82cf68dd3ab9e2fa3beefdfe121c7dfe0e84c3ee3b2a9d1d9b50e8d5fc02950f,1
a73a133828f2775f75f2488ed176de55ba0d979534aa3fc11c9ecd3ab03207c6,1
f029a80853be5ddf47bbcc904ce02b51d558c88622b1f2cc6a6b7acc001c66ac,1
259be116f2e27ed15a4521d7373225f3c6b68679e6556ad1d962540a4d238f9f,1
1c303e37737d4266b74d696d0ef3734e87b1eb5a602cd0ea95ef5849dd8abcd2,1
a16a75d02422cde5dbaa92aa3c4bec9da23aeb7c1201e464faba29550c1ecc3a,1
e53d053253e0dd0128312638ee623f0ed1f993e20fbe980cbd45d6b3dca96b24,1
d8fce5de7dd6f59ac6aaf261e53470e3253acf6e255387b7a5d13b8703e789db,1
03105441fe6a84a93ee9a14b13403489288093eccf456f3f0fa5fb73e3f91f5d,1
aaeae20d9e6abaa0ff32261edc9353574604891016eff8d475e24af4c6a0264c,1
da4cce7e19dd7d2830a171481717d09ec75c15020ec0a6f3c2151fc992abf192,1
f823939f2b349099b42dcdb93b364206db34b15f10f4e91194b2c66fe310dffd,1
ab7bf3873d356b041629a0339353e623082e27e3f56b3a418de900b030defd4e,1
ec0f56aca43a742f85228f07341a55db2e9746dc06b4625161a2f1328b16c44b,1
3622a5e77813c33b7e4c3a9065ea65dde236956d5b4c4b74d6e0d4016772dd18,1
676cd05de28c79883b32c2afe4a998bc064f7f867df322c8f4799b7084cc80e8,1
acf069511a9ee31866fbf3b9914fa1cb59d071f9cffeb547e039794d18121083,1
036053440f814521d34415533166020ac6670eab4c48e483e8cb480b60b5e784,1
2231a981e743011d253e16480ce118d1ea3b999c0b0d77618a4372db1f09b40b,1
fc682986347046ce2501e2fed53adc751617944b1e1ebca806e2a471cc3721be,1
0af0acc2aaeca9c794e7faba443151b1d9350dc7c4ab89920545261be093ca0b,1
ebecf467dfadf54ea9a8277fd988913538539544e3bd880e91a8293ff1b9abba,1
f48726701bcefff703717f5ab66d7b82af4a96a31640964998e758f21609fa97,1
60062537f5b7f5600070060908341de09a982bea4ee96133229a0acd627738a5,1
002f7e46086ebed542cd66c4e9a15ac62d532d2f39a1d6b303a48033aefb1c0b,1
c8d4148c1c77cc888d1cdb70f67fba8ed6dfe2471b9e44bf41a483756e809f4f,1
5a24bb32bd9e63a2a5aaf970ce76a629b927ee78e55fd600910fdca9cf73a4ca,1
3ed88e08f9dcbeeb45b92a1d2f8b7af2acae650c19ecffdea0fc441c5c8725d4,1
2e6cf1dca910b4e7233f99646a2fa483973afd1bfda3ac640f5fb2000fe106f0,1
6bbef63cc2095751aa91e8c5c5d31220a5d4e6b534997842686851dbbc05fff7,1
21e0822d6e7bd76545cbfbeccc19ace96d0538aa8f527044a8723fc142223018,1
a30e9ed6a562d7b57068b7984224238548ac2667fb3879e366fae5e3a0980a13,1
88c96e01fe1c874e6d7cbc2eee25aedf54c0b4fb55d52d46356877ec927dd3af,1
2a34d0ad5fe59587b304093ecd5979938a2d56fdb1af51deef72e52eb8d263ec,1
5f26356350764199ed3295096d37a1852c73d6f9ae359e7205046ef6b10c9a7d,1
d8ff29c8a2a5ce71881e8d2ba0840d26315674574d095cf68a13a88bd3072266,1
b986ede946d24b01a54168d9bf9ffa4bf1797863a3494000c3c20f4e00aa2c97,1
03fa2474cbd88974c3612f660daac4400b5a155d2cff8255a21742d91c930342,1
885a5a7b8b63d9acddc6073e6a46393195228413a7e699a1aea037ef201bc050,1
349d9041bcf690095f2ec794e1f99309e8dbd5ab5957cf0c7b887b162df224fb,1
72557cbf6672cf6ee6e2c72105df7a3ac7b3718d7c445d42e8375f0968ac9dc9,1
8e63d7f4c46a97524643e3e60b38616e6f312c0c5055b57aad752edb7fd3aa07,1
9c46ae56126aa146ffa6da270cc8d41c0ed51a6f33666ca02c3a26b462afbd2c,1
eaf0ba00908e106f2708ae89b85ca043047586cc686257a369c38e3a2d7556a2,1
94629e84a0d0e470f1df63f0ad6302a6ee18610d9e2e1c6f740c85e83db25634,1
4beb5c5a48e7b495e1f12e7b6d75f80b949b06ca4dbf175e30a8155463d64073,1
12e4d6fbcafcf2786e3e3c23823bc07cfcbab2db3f3d92f3562d910d9ffe6eb4,1
ea6fc653f939bd57c859df93c7bf7e91bb9daa2f307083535c2307b75afbfbd5,1
ebb4252ac30392da80af14b433befec629054d189400296d2a5d9f2a6f2597c7,1
ffb97b643f1943a6f27631e9dac6e53543962295b3a68b827a4e00f32c20e804,1
a8bfffd8b3ef367eb46490d5f35ce92c14321e9e59f5f04cb452ab1d0657c978,1
f3ae89530bd9c1a1ecce0e49feb63fdc5c2086dda232fca982be05a5eccaa18b,1
302c3b65141464ac15ac766aa258d3e9145987fe03ee364016887e05785d8e63,1
46de4d43d980d87230ce11d2911830fc035433023a9709d2886561e0e59dffcc,1
7f939da4a886d39e8e1f012340578f900f6a616b6d1a2e14329cb52a23ed2d37,1
12be65a06bccac086bc6a7a18e6e7eac57c31e0da49198a53ace2741f9742d25,1
acbd144ddf14fce69e036e30f683fd7603f4fe05c001e7f36bafcccfa7003274,1
9fd54c0c446229a2f40c3ea95322eb67aebba6e2cbc71f6747b1b2a43b8611b8,1
dc48d3c9df08e4a10de546655aecb5677758ffaf44387ffc19f49e9386e695fd,1
48fe098b07f5cd6fefbc98b2b28f4f092201cc9004a4c97d3fe311c3bf272c9e,1
45c4c266e2f50da4273aa4bdb640f10fa599ba5f254c438892cad64a88c39905,1
9f6eb8615e6bff02db8c9d4b7f526ba2d2641c1136d7a716a97ad76105cb1929,1
01daefb672ff3ba46532d13cbbe54ee81fcd532368c06a3b2e70ef82b4737751,1
e71c9549a9835bb914210fdb07397f80107036f2f8f1ab7d5fe1d2569a62cfba,1
23922be3ad49b77e73b0e578a58e9ec490602789a326248a8c88a5d394f738f3,1
c2c57af6096c5eb00abf85aa1faeeb73c05c3e50b83663d93e403f5c57f8e2a6,1
82d9650d7179bec21152e2d7205fb8d1216b5a044f79d8d1af0bf11ea08958f1,1
c4a8500fda1ec7215e47d5b0b4b6c42cfa7bad3858ccdfb5f53b83633a13d10a,1
cdb06d092ef42f2a5aebc6b2c9a06cf67aca3df04b7b9e3dffe36087348a9917,1
dd6ef2be5b26a5ac85275976369444a9021476f3409c8310b43109bf99781bee,1
4958fd5c830719e592b1e346844c2e7da9fbdbfdf7ae92bd2f47b20741e43bff,1
d409f497677c9586c8732685218f497fd48b0ff182db255eeca64d56275c1465,1
db93212fb191e921717d67567433273bbf032fb1446df5b3853ab012c1a9c5c1,1
242676b6f23444eb84da5a2dd54a7919f2b123d09365624009f55a88df7327f7,1
8b3815a0dba53fc7e144af24b696b004dd2882b3a53ecaf3289a85b416e38219,1
185a36066147c6fcf90434c9c4200d404ece332b7f3aecbc2e21056835303db0,1
76418a53203aa5890e8dd10db035292d2b3336e41d0001b5cdbd74055be5c4cc,1
452f53831f04ca3f25612844ce0ec7d8555b9e1aa44050891a10b0ca5035a472,1
8fbe8c05129898bd5d14771aaa6f31aebf2204b6f0f8c645786afe4f71b502f5,1
938d878e275f5e0dbf801b93f0376b69d2041d9ef8dfa20157898a3768b8396f,1
953edaa08721235452f80019160184dc96db779ecc6b54fa789abb302699de46,1
0522557d14d6096f274d0f0b7b93ee994d1cab22de92e25d49f980c075044b94,1
2775713cd5bf0a483558d92c9b4bd3551cc9aa2dbf278bf366fe827441c4db21,1
a5884ee69d42ba51ee514298a12c609814e71a5ea5f79859f77cf2f2b6886298,1
a105a7032ed1534f358153c1c34d93a597b8e0bfaddc04a25c914d625d44da01,1
14113327bd04fd1df399a3af42c70f39f646344e0ab2dae5836370d79873de45,1
1e71a4afc508fcf137f25b95d6c3e0b5d473bb9de08860249cbf925f80404887,1
355cb62a33705c04e02f390d6a2419effe45ffd610c731c767806d85a59ff860,1
e54a7ca483355daf68c5335ecb35b62160f6024810cd7eaf65a42a681c0201b6,1
8d90f7fda13b7e0c0280913ff23d4f257006a71157255918eb6e088dc78f199b,1
037a6029323491e55d7d16922b256011ff1cb77bb4be2e8f505c6e878a8a557e,1
eab62bb088a2af71cf80dd6b063f59bbef229b42219dfdc72b45bf542eff5e03,1
0a84a2989dadb8aff14f89eda342ce0d6c4996d1e9e312985e7c96103d712e53,1
000094d06e5741ea119ff4fb85bbbb79e995f78513dfaacd4b15efcc03b6a281,1
808359bebc177ddd07d0816702d34ba31796ab892e9ffc76cf4c1a4f2484c0e8,1
142aeeb2f86d39c08795267c9e8ebe9db3ad13c44f4fd62fdc8546a8294e9891,1
a89f33bcc9720bf714a6d24d0e836bd83a53df232c01d8764cf1271b8ded458d,1
05f14c05a41a73dc613917d697c98f50ead73ffbf9b3a2e8c864f2d350fd7498,1
137ef80573733be0fd1fd07cee924285a4f01d519c4ac35993bd4ca97cb97bc8,1
2f49d7150a2e5f26b5d5139d39ea0a76ed385091fe9716580de8ea0fffd50ad5,1
ed3feceeea0029496b8ba718e234440e5182f30f9e363224890f8ab0ae96ec5f,1
6dcf58f3fa4e09276eca497d685914b837750313bfd5a26055af58f2f52b8ca3,1
fadefdc97678956702e0f0494d11cec4d0e9b253dacab8a22b6fc28a493493ad,1
0c76bce838d108e512b8860979668445fc96d10a21507ab506f129f6640bcc26,1
3652069bf5a058e3de7385b764bc4986ca49773affc8295933a4bba289fdc523,1
829b10654a2aad430e33dab89962cb108afb3b7958e1a5a129ca16fa07059521,1
717761f5e2552f485c5bede5b7a18fbb56570ab8281dda76fbb4c297d53422a3,1
1de516d4bd83490078ee6f573c73a41b70903d81855ce789f3d9f7881081a55b,1
fdb77124fa47f9dbacfc50e209e5804c1030e05b82a992f63ddd2c3acda74cb2,1
acaff0efcdcf8b500c4fc5912bf04544ad4c59be0a0d0448ace4c1a4e067e364,1
f84765a4925019176e0e2369f139b4e7aa0106d9c967031b055d8bd93acb81a4,1
4ddcdc5d12da84261c7ef29ccd02d9ac60de91a0bf3ce9917d38fd01fec9da9c,1
92e26a3f317cf2cf1e6aa9eb1caaa279caab65dd13ae1b0c50137a4c8c129cb2,1
ec4684c5afc166763c95611bf1c9a58c307d5035878d876ab873fdf08a95304f,1
aec45deae83848df9943f234f39806c01d14e2fdd5cdcbeb4fe410fa1fac32cc,1
2204fa0528fe8393547906a7281ae89a77d778a55491d7c0a057227bc3ed1360,1
e552efe5712a521a560630b5a44bfe66b00614de91a1de0dffbfd0c515fd2003,1
b17b9416f9fbb56f02d817f2531985a90d8c9a6ee64af547f6ab47fa358708cf,1
eaa15e0c64ed98b4134248d7313b102f6752f02fa7374c5776999a4a5b7130f0,1
d86344dfad07a97317fb2c4ba34a5e0de6e8a80c6c1637e462af5ad633edee03,1
af2925972d894ab95e0baa7ee16cb2e3daa328d42fba4d9894e724b24b2d6844,1
06ad16b939c9c4097f52cacdb89c92b0ea04ec3cf56f32e51dd0a43548ccd48f,1
d7f3f355ddd6cdde14c54d16c3088902b4c10f00f59791c57e3439c6b1641665,1
f116af9a6f9114daf2f0a6ae31a26f43a79cb5d6bca5700ac5713f469b82916a,1
70a41a7f0aef1400c0463a40f45c235d64adc2f8e6f83aec7842b4cf0c9d5301,1
223fa9b84a7d61d9ffa630c8f715af7cfbe7bc23643cc4b525144152527a69b2,1
40cc4c9e0505fa1062cb2a7281fdc170faf884199e85b67a696d641433f2bc36,1
f70da718c78862000c93c2341ee8b960be492a8ecba57376301be423b79dceba,1
8b7ca7a7a577fc4dbe13316568e6d5a66ff4972a9befa79efff1dcaca96ca491,1
d26c69d6e5fa51213a3acec0f901aa0a6ff626a1b8295e4b955a9b4e7f1daf5b,1
c22ece7dc134589cd20d8e50e491ee00f32ddf458b8405a6df165417186674ba,1
befa241fe717153a5fee1f053b019de0415c5f57599b70ae4a15fcf340a2a189,1
46798fc42405736b5f8f1363af5a8ddb9cb6587bdb4243aa75b6425a30e7e01f,1
1e78d84b6da59bccbbef7b7ada54e198b2595e4a49e27fab62f58794201c4ae3,1
dfe70c835a50d8938351272d178f2e8c1aa5d639d4751ea0ff65816b7fe2d10d,1
998c4ab669752a634b276b7d513ad6710bdf25d8cd132c92c8f92c3c52989721,1
ed23b3a7722f89062312f137199c9cdb5397d46d19e1ec3c936daefb61ec4f7c,1
f6b9423e5e1810d1b0e417e911fb53fe1c900cace06ebf99150338eb4b44d855,1
eafbe7d01608ae01f26bceeea6eb9bdb85c93ab2295549c71c56cd915ae33ff0,1
afbccf752afb8e02375ce6bf1c1f5c974280f3996a76e8ca0d46d897ca9d679d,1
6bf7b16dcb7b0b31b65d922a0ddb1084ad24d994abac538df34040b2c45e37bd,1
eb2de98f8134efee6fdfcc85fc0b4e8c594f1e69cd78f95d9ccfc087a1a6e710,1
bdf292b12875f040bbdbc21819b56abc84770faf5d7e17f853a1fa0eb271f779,1
5a73309a78f396f477983dc1f62cec0744c55f5bfbf67df7dcedcc688d83b71b,1
d1d755b1218cb375e9aaec8b6ede2dc6140fd267b435dbd957d38086b05ec261,1
a3d672502ff9899762ca93545757406097f8fb7d9b11ebd1502912f833d44dfc,1
34ad99c18c3526d49d5eb3621f4676e586c6f0c14f5ba6e38c1711bf75a4f38d,1
38d7d33232ba3b556516d2b39f33e0211737a455fc6b4dadf9ead2e15ae0d2a0,1
e4bc9c584273991053fbf8bb334acefd5f6ecfea1672636eeced09a337aa5e0f,1
ce46d506a8148fa968c29398d56d554ae66dbf9bf6a5c7c1c5870827aa7ed402,1
a53e60b8a1bcaf6ccafb0206d1a8c5861de01f5af117c0f749b2728addcbee65,1
e325aee3f404b1e7002755625732ea003c41c274201454b48b641fb49e942551,1
fd60f47173d4bbee7dd17550de9257433b6fa5f47341b2b9baa3a6357f1b671b,1
dfa2cfa5e63b469d7e779d7829ce8333a103fe3f47063da0fdfd993f62ec9ce4,1
02cc24876014afdbecc11e21197400d9dff2baf0742cc22e9fc62a086d12f92c,1
188acdc5c60418c6f9085159733e45bc4051550b4114fee49f5ccde27b2c0aad,1
23640788ae167ffac7ae5e1180e80b411253e155c7f27314c09335dcdb345e81,1
9c657e98e99171e9a0a90b6332e052a59869c83efdb8affca10dbb02f8efed0d,1
57a61dcaad024c6347291ff06d49082e982aa73516cd95faa9abf46dde68f70e,1
3eeef2642cab023c3f25c094e260f9e1317aab2a86605b02f2c23c6ae2916c4e,1
5b4cbd3c37ca6c93d9ed1f56b9376a66159f965be0f4774b33d04ee902b3f1a2,1
a4b12a22c8bfe8c4b132e2e506b8ff2f2ecf298ecdbfe230f467e3409b51b6bf,1
1a4c01d4562ad6fea9b5ddbee90605c4ad620f15c100900c006b0a8a10163e06,1
3111a1f006536a5ba05cc997ca87c8f68a5b7e863b5fbeb26215cc130a87518b,1
45769968788f34bcac9dbcf774077af43046b921ee56f4033bfd0f19b30aad05,1
b9cf767d4a835eb1d9f632f767d6937b12a8eb2e94488ab49c1f6e76979560fd,1
5bae54c8d465b5feca387085c2079934b0432bf0a686b92a1bbda9bd4d4e8195,1
17bbcb300d3e834350fb5d61c2b06790eff951a8760873262dd60461cecd3f33,1
a01a5f0ab39b329bb472660e07edf1d45f189bbc760dd0b6e2ee55f408313378,1
d5ae767edda2dc06f44ef50501d880d7b9aa86af8c16137122bd99015b3a6c13,1
cde2d41f804d551e6610c7e1116660a8977b4c46a84db2ac2d42f25da4d7a1dc,1
2c74957af61ef8dad1c1cfe885a221a80cea4c0a9ad039e1fce49d454a4bb226,1
2fd2430c602ca9908d505692beb324e012045a6b588f1fb5602038669666c42f,1
0b79bf58cb60ea170abc39c8be82c00eb0ce69fb18b258961a3e92ba705b81ae,1
77093d9afa1f8a3eaf05b53a1360cebc2977237e9e85d50bfc7daea1f0fdd5e5,1
003cd26ba07b71f96e821d10628e19f9b46ef9eca50ae115b5fca607335fa374,1
47b38ad8cdfba5a1438625f5e28f8adf3e0ef03907842639ff83645f0351da72,1
52094b3235ad7f8943e850dda7c688f874365d6f4ae96accb4592c213056cb5f,1
9b17542cfb720ab67a4fdafae2626a17c0ad4dd69716295a0e572776a3a571c6,1
9aba43dcedf578fb45b76ba33e4166490767e96cf283de5601f7009d5865c1c2,1
56a5e8a7136e4358b3a04ad4885c96d4b2aad907ceb83c38a4a6e984542ff371,1
237f58615140438d8bfb1576d555bb8aa678911d7fa2b5fdb3f780adf9f869f7,1
e36436159eb17511d410f9081b19b0a46a87b2e5fec296c0b7fdb5f264678ae3,1
d3b33b82e466ba628798915c4339a26510155b8e6d2f084453e066242cacf0bd,1
b80a34beee8790634380731308f12acaf4475cb4f53aa5d6adf55e3e4a077d3c,1
6d3e0139486d66aed318ba80ef79754a7f1de7d68af9556563113a9e3d2f84b0,1
10c128f2f1644e6271f7e3891bd32ef6caf3d8902b364183ef3bf750773ed022,1
c4a337cf8b710dc3ad38d45e822c472cd8daebb1eba1d0ac9f501b9bc94492c6,1
e167754e537cdfd3c3335dd06823891befdd2a6bc71d5df7e30e49354f09e97f,1
1103a41f3538fec6f21e5fda5b72fd44834cda874c8b4efaefafdb1b35f65dc9,1
8a154fa91817c8c0ffd0fc888ea9df183e8155d2aedc72582bac5a3b45b95842,1
65dc970ce0d1dc531ae817e6b10962833ebda2f6edc195fea675af79d9ba196d,1
2a8a479b6c55463f51b8f39d25f8f52c351f7c495e5abfe2bb6d359ffceb8544,1
f1abe8f603043afb5223cd2ab2ce618f61b706063076bcfb884b9b9fbc34070a,1
c726d8ada98445459ba86bf0ea86176ac719fefebfa07c2766c9cbf3271fe753,1
0627219014a43e80230ccdbfcb8283af60f99aed607360f8c358af037dc6f547,1
acb4279353220906e68454704a2a5f266e8dc933cb3da16397afb59fe084880e,1
bec0599c7132603d4a8138b297fee6d6ec0cae6f82ef4123d0529866dd77d967,1
77ed7901315607a55ececf0dbc1347ce11e813774724fe2a1eb7ee6f2c35a144,1
3375d7d646a27e049d01be61fa2c9a30e589fbdcf4b84523376373d05ce88de7,1
1dadec241ce135fda97d0d1bfda7dca7c54781b076f61e260e1dc2a232ebe637,1
ebc11994d578aafb37e746fb62119ee3c61786973d5f014d65ba88b2705db19a,1
4cd3b5746b1e03145f14be9c10ec23ed33b0a92bad89012b389e7cc2aa34d286,1
1434133dba6e950008cb3158c31e9a4b3242540de33adb692e3f356f41b0de69,1
b6fd60e8ddc381203f341d08d73e5f3085eb1bc43ac86cabf5567f2b3c173a00,1
68d700a158a7505078ab568779bae671efac14409e08160405c7f03c337d1425,1
f59ce9b19d189af1f91d43158c37bfcbf959506f0198face0c9c4765942a7af5,1
e12f2bd4efbe1bc0256369f01116d8bcf37bc374e7d2f421e5c0f74dea69e2e8,1
b5ee170ae8769265a9b3e65f141ce4518ffb9bbddb0f4055d30d004774a6782c,1
99376e17df7530ec9c336698626cb75aa6c70e67ce4e3690ff3f5056dd966586,1
f233e1f897f61281b35bfc7ad54006546fa2240b666d068e0a7e587c86b3f211,1
c0f1af23202901b66e4536b94b9b1bf76e76c15dffca1b17d4ea99b91e28fcbc,1
5bb6ec13c95eff3b7766645536cdc7820b4610e03970b0272c232067f6d50d7f,1
12e83f6771a2627a849bbff3a441281c3c4fc71fe999c2b29f8e8e0b68fb66b4,1
e5aef493a1709cb36ea4feeaa14d98a81fa797f8d9da0699049b094eccdaeae7,1
dd83cecb1c6634a1217e2657285b2dd7afe2ad367b500bb9ab280dac78625429,1
ad5b13b16c3fd6b6dc0dbd2ffb56a3d15a0b54c98f33a022203e1aa67641d30f,1
82272ff48aa1ba838d4c4c195c4cfa45a702f56b5c96fe85167eaf0a5695c813,1
8cfe21555f036e3671ab25885b040099df6287cc3c24ead2c4fde3391d7efac9,1
eef669c337e4c2fadfaa2c69b01dc6732c7391bafed1daa58f18fa1f88de90d5,1
21174edb2e651f193e027fa586637c5effc84386b694f570be60a62b6b1c496f,1
924e43576b112ae64dd962a2f2bdee3ff001eb28b7b519e428ffd6d4deecc012,1
de93865dc7fddb2b9b395b8a5676906bded0fd4a7b4a134dc187b1ee6cc80202,1
38093ed3122b425de3847e83814860f82339753a425f3c6e5fb294b4197acb3c,1
b3198a77d3e2d8bc4f9cd0144a6f4031727d7370d2b865ca72548ceef5732e79,1
f3f6c0c57fbfa3aa069d5879100310211675f324039b9dc906b01ec324af655e,1
5f2d047786dc998d33ffe3a6896bf9e26572149a2fdd0762166058eecc0c7cdb,1
cefb433f4f58c811ca5a1eefc5d551f6b1e7c46a4f93388f01f3646c7819bfc4,1
3155ed57071573f42a7ff444b25fb98f595294efb0fe8e588b2ff406c11f062f,1
05972feac3f656d3f5fd25e5d8fd956417500bda8a25a538d7f3ec4dcab62225,1
9216fd78c111800084eb5a9be9793807a11fdae4056a0b98d7747f594718bd9b,1
8bff0de9b5e5a967f0e508690207d87cf5444b5117a09ccf5b6bfdb5e212bc11,1
7fb28c8a6d6b47f52cde9bd3fabf482797f77388a2c487fd35030161c4b27cd5,1
361cc5f4c9567869fa89fd5ed3a7a65225db59d89c5dd5cfb21f45a81e5ddd43,1
f1daa81b770d33bae2724de8c056e00fd3e00cbd1740b5f08e2289a1e7bef2fc,1
7e2f5d924203dfcb6a56d2893af33262647a83cd63f0d01ee5d26d42fc0d92b8,1
ecb001600e51538be4cfb64c901a93dbcb5e1e35baabfe6b1779e2babebb8ba2,1
190b6cc69244213f4a8a39fd630b2eea29001ece6ffa27274d7c6c4d02e11368,1
ce957101977e26926da605269f8858e82ad861eea93a96369b1bf148902523e2,1
ff1dc11ca0ba35736bc048537c2269698223a5c3a510e7ddbff8728caa0e93cf,1
c56ba174fe7c0b64ad27452493306e288e8fbe36cafecafdee5a09f1536ac679,1
a6ad4038bb3d5196d3f2636c9df694958ca89f58f1fc8b062348917825ea8747,1
9e10055c7193f0426db0739f59399ac3d61ea8e0d7338b94fcd8b8e4c6dca207,1
c49af492b9a1596f59fceb78c788c2dc828efab9e0b76b426222a6d5436a1310,1
39643691bdc32df87f15c0448521bfdba8e29ee30943f8d7828f7ec9d1d35aec,1
3279ac32459c0188bd88983af1a3e8c959ccf918862bed5ead023d969d9c38d3,1
0587492710777d78f9de18b1f4783f26e9b2282efe5bf2bb18332948eb150f8c,1
8e4ea3efaff1c13459f93ef57ee4b0b28437c948aca8b0c1c822acb0c8a675c7,1
6e5629f35251d2503fef5a56836f6232f9e60546ad26a5b175ad30a0236d245d,1
9bd1a8dd35a4ca52ebfefe7c27a524f26f925626ff334f2ebf7fc460b8270acf,1
e0917f7e884812da00842072b8ab0c0de886a3bbdeba5379bf47732992d1e38c,1
fd117b2ef7e8de2eaf455a7f6cd4589d926d0f47517830420fd68c53091a015b,1
640d769ae392563bfe37c4868d37efaf97c0effc1f9c2526275c9b83bc4f0d5e,1
8f6823f3677cd99efabf57fdfe319e1ee0c07b8747ce40972aed50097d00b8be,1
9612759fa57db05d09eb3346e02719cfc2eff0b97903f0d86608d5db985868f7,1
66782f460e84c2105ec59f7c32be2fa393dd8b91c77638b77e7a86bc5f72519c,1
14382eb2e9ee2c94d00ab28fa24e59e422a8bf06b56372e058ce4a26af6878a9,1
150a6179c3602320dac2967ce7b15f422507c7f8f971d5c41879040627470bb7,1
cb7e385bf3290bd62ee69f4e9dcd52af2349b1219f2c117b985370d04d29627a,1
ad846172972c1675f1757a81bf698a3054027772d50e7c285ddb4e59fb9edc70,1
2552c2abac45c95e4f148b9337102568a2722d2abc57fa1107bcd6ebfedcf669,1
bee9a3ca0676aa47baffa57061100a622c5608d11ec21b056c81fc5851e0bf7e,1
9d650017d755e6fe0bb7adf8a14ddae8439aa09222bb8c7da3faaa25d12d2cc5,1
fcf6bb4ea8a91b552a1a38db3c32a2ee33ef72a6191565726463d99d3d250166,1
896c2f6a6a0710f44be52b58aa76d3166322bfac09b18dc74685f45e3c4c94cf,1
c00ee3d9c3403a57494083c8ea5b47ed9dcd6a64f5f1aef1e42cec0d9bb38cf8,1
69aa74feddba1512516f545bb5ebfd4e8428125ac143e36c2f4fa448e7f43aff,1
65f90c4f523ab34af4822336f07ea47d2830a099d01c1fb2091b0129cd5fb324,1
d00d1553b3a32036c38da7a4afbb43ab588a1fc554de4e55ef74e5b057401099,1
bdee93a539ec97bdcb81b1a16964e75957cc721ca6c1d913ed6d9cc524520397,1
459dc43dcd90e2dc57632a4947fcd28e42641abf8e78ca36b6214fbc124bdbb3,1
b5b660a7a5c13503f2b83f8f14ad4641bb0302d92f610ac0e830f4386a9a0774,1
c5038536220da56512304fb04e6246266015ca8ef2d2a8d818e90fb15859d80a,1
4e1cb70ce4828766af3e77b1f030cadc8ae471d8f459ac2525be56566a42d30f,1
e96f4e186a67be60afa93cdadc09d85a7568e883b30eedb54d1332f21ce5f242,1
3c9edeeeadf3d06d60361f1060e94b6b55cccd6542f7c319866b515d27f0927b,1
2703a1da69785a336a4dc2543de7dac1d60c3d3b68fc1ce991e12c742f56587f,1
35a8d83535a842f6d86b024840afa087edbedac52c020cd72db6f7b6494b9078,1
f14989978d019b735f81dadc700000487dce2ed74a378c95d479f3df674a08e8,1
6c02c3d1590464a7e8ac4994ba689c4e27cccde90dbc43caaf5c87f357daa025,1
e20c012e6132aa01c8dc6402a575eda3b4e010cce0d718082415ceb6dd23b75a,1
f30e772568cdde4546024c6c50a847e666880704b98cc8d7c25b384041a3557e,1
a2e864df65245686164f0aca94c0603da188e59b6a8d26d9a7955ed4a68609c6,1
750e15c61a61267650c138b6f4ea20428875699aa1bf239a80feec6bc4f42511,1
d6a355f581369ab638685e172fa77dae761341fefbbaf1110a302a09459f7637,1
36ff605ae35a0f09352c7b805febd3bf89175921aa5e39135e99946b6eaaff04,1
dc84828d476c4723e636f2bed4822d6e4f06cd59cd0afbbe777d59bfcb3a93bb,1
345498e23fb0a1a047f12f062043cb5fc003528c5e82855724c40c5fb6f0c53b,1
c8bb9fed34142396ee0f05df0c2d079b2e0d974a7f055418543bab553fe23a83,1
2e5b727ce6c502a60a827624685a37f91d54165bf83902b182f3ce4257a55af6,1
725cfaf2d4359c9786c0bf4a52b9cfeff9b25bd8760fcb22f71eda17a75f5ce3,1
454d39e006ea05ba7b2e5933fab36da3018327dde2f112002b7f80a6284bfb15,1
174e212d2dd4f1418fbf357f782814df703a75d375e4d06f730c31676ebc9598,1
7d72fa22e3365215d5b6295e98926ed34a92af9dee7b9b5b671d2247d179685d,1
943ca3424c8cc5372bc44715ae2ea593822b5afd2909923664b857ac6a1055ea,1
7cf66a26f77632ba47ea75e938566a84afbb60b3eaff79eb132b5894dfbdfa88,1
de4f0100c2d3b369cceaf8f308a469e67ca229195462f80567433c83492ffa71,1
b9f45566ad83281b2f2bbc1326aa6e08106005bc86ca214876a22b4e4bdb5e2b,1
f7b2de2eb759970191b64139372cc9e28ebb70188a3a1d0aff4b7bb18cfa83ed,1
f771baa68b8d45e0b4cf2ec485ccf14b61a6ef5d35ce39adcc8dc2fabbffe4c7,1
b9d395f7bc74433ef807b0687531cd7ad629f057cb9c483de61d9568bd9fbdda,1
512f3b08238029c194cce541202c78a23f5043d89905f12ae1017af2c9a425cf,1
e5987a4b8dd8a594c809a0069a694d1cd3e2e1a95386469834ede4dfef90af84,1
b997b0906e19975bd33d6630db519fe84bb99ec990931d5964c9aee958b757c2,1
8e7104d3c27df1063d3a279f96db2bda6fafeb2cf9328855d41a9259e7f12d7b,1
03b6751b15a5b1a16834c1f70b060e85b1c03ffad02650df7bf88bb4e89117a2,1
619fe6a340ac3ab9341117ede602dd9925af8990d155018eefd16953246bef22,1
6cba0b8da84f8ddc3ffc45161e848ff91b272325c1d91e55836d0ac6b59ee83a,1
2220418fd78594f0fa615723fae56c11ddb0558ed7a74d317d5ed68b99bc01ad,1
39dfe3fd41266dd5eb04563bf23662df8f9a3d2760a3324f77edc9ac4290a68e,1
b315641a6109ac71600be04a6b1f724d8f6418dfb80b0a91e8e417e1e7480f6b,1
4593e712e993b43194fbf5d63d6b24e696f557e14a8c0a602a649b8aa57b8299,1
e76814d90f19dc3fe9065fd122d42639c7e6bbae24abf473a36f928aafe0942b,1
a5d3ac33014a921fe1a5b123fcae63b72918d086418a14e0a0fbd340a8135c89,1
b4bf1d7d95c437200051d7bf980326efdb5787b5440266c4c4ce5ca1c80ae65e,1
f5033e8d38dc8bed2d47eec99593048a1563f4f3cf698d2b53fccd29a0184fa4,1
4fc50beeb88a0bb01f960a66cd707455f0a159ace56d997bb563d43366adaad4,1
13ce60c86f69b402b432698bed3d50cd3a9af66e628dd583d6f13fb97c97b342,1
4a51903c3e85eb9d732e9ad2bf46ce60d512c5fc63b0fee0adaf607a06d31e3b,1
dcc7182d25322ec39663821d44aab21fbd166cb0f9a3ae6c449827dada84a277,1
7c04c2b07385c0433a8002a1366fa9241bb842980c8630e3bf09ab75d92b35bc,1
aab9f979f092b9b3aae4d89da07e006779aa0068a11b8b125fff09227a3df89c,1
5b80cfee12c0bc90081aba05f0c21d19d00afa0ae01fcd26f3367a69320305c0,1
d10da46d0013251782bf4c1bcf91621b5a802b3241b5f2312fd0371b6576c63e,1
a288828a1e06c1e1d000701286bc335276cfe63afb733a2c8f5aa86ac7bf9530,1
4c8bab3371db90177f4c0799549d9f2cc1cb61d92eb38d667e049f5e69b4db58,1
9d3e18ee43c3d0837d3a99d3cf415d11b3bd58353066b93795b36019b1042483,1
a438c7c96c02526619d43e02129e7871fcd19c790a5520cab84730e5006eb420,1
b8a1fe928907574cc5da2c0327a36b0dbb14db86874f69ae5c3a94405d41b0b3,1
ffd1255c5599c92f991ea723f581674ac91f4cd9ca5c3643715d5de3d8824849,1
977ef13a9bb45947cb53b1f9e51fc690b1437ca147cc80d67f53d8cd7c330b51,1
acdbaf3bfe3de2fe8188b4b8460fad592cbaeb4ea038a7fee4d832dbba46bf97,1
19e4fb728fc15257da97dad229329c0bc337a15456e9a3c190f77cd6ff71aa2a,1
ccbe35f82f3e363a486a023f99d3d614f49188d2f7e73340863570c619e33283,1
a87dc5536c187ee0152e34bc86e3c1d2c79a48dd2d5864cc2bee43d87050d63b,1
8cda01b15ba186230036f61ed6f3c63256bd528dbc83f02035cf65fa25b9fdc0,1
91153c967ba1048bca378bcc5e15ebd3757678020f89a99b50b480c54bb4f29f,1
b15bc91b98ea32d883cef8dcf83c937a896d44ec15898be8927172f079157aa9,1
d616ead14104f03c980733846d73ceab0a5fc90b7a698c67a59afa88af42964c,1
a8c7bf4e735ca6a1c819c1f17dbef71c42238208c6209f084264048622866a33,1
6d25a9197deb4a2a7dd465dd8fd8cfa470284cf655ee49840d0b4c56709271a6,1
de33d5bce8b236e55fe59bea3abb7fa1393048c03459f9013942167e6d5cf3fe,1
b14d21f33be96960c2b14f5e29f44071b3f0cbd9dce0d08bb4f1b0bd0fa22be6,1
61900232924631d87edde8b6e2c85cbd40d77bb19e1dd956e4dccbf98dd68d57,1
c7c21a44a966ba672ddf2fc14242662350d69bae0c72ad6abb83f331a7a89663,1
c0ccb56ccb947baa837b1006d437d9a1e3556f5a44d697aae64facb9b6dfe2f1,1
80fe3521f4b24c55b6a9e15c9c07bb237b83593d5fed74ef8024986d6b897050,1
dff9c4b7d55820c3644bc5056e91eb64b7dadcea85bf6d43064346574c0ff0ed,1
dd6028d0f4e5223f5af66be8681c2e08f32bca661329bae9f83517999e40bf4c,1
8a8f71bc6b6342b8b680c7576f4fafeaff7cc485819d487709a421a393910e81,1
72728c6ecb298496fe375bc26c2215cc1c2cba50f8255a51abae4014ba2888d8,1
36777c0ae4746e63ae5b8a545b22fedd8796e98dcf1996e1d7d5a712e07ddd1e,1
d96c23c531fe150c875bad989881ba392ca1fcef783deab235ebc4fd77c21993,1
001f70f8ebb1afc276b48134a0640558dbdcd8ec289ea1efad52c310e103c570,1
8001e36a6cd40e3b751b83cb0e9474a6989b276c84a2f1952b8637c7292e8b1f,1
6407736f7af163d7345af108a0c6f922ebd0a4d6a13bcdd29eb783b3db698e78,1
94fd1852544eb6e684baf8ef33691ba891242f15f5fadc07ec490bbf2b7bd2d3,1
9ce8a8d36705638059edd5f9e7333279380d8b0f1386a35f47433ee9911007a5,1
048d308c9a261ff6ee6303a2c608a3793b7b4d8069b4546ba7eb8c22fe153781,1
8beba0c95cbdbb5e5cb4f28e293a1171563f3775fdef2a29ae6d9ab452daa479,1
3101e96253ace4d582e8f9a4be860e8565b266798c990f1a1b5ef9555a8296fd,1
7808fb2f5b6924b410d63840a675ae87c9b8bea7226545c6b2c9c76464ef58ea,1
69cf511b508e912b8a8e7edbd823b39bfd6cd390fb2320bb639dc35e3e932fcb,1
a0df72bcbc554b58ef7629052d2eae593ad0dca5471f4aedda79a30cbec7bb96,1
9fcfc2609f18d6b6116ab248d4ff253245d5dbdae737cea07b65830c6ac25283,1
